-- phpMyAdmin SQL Dump
-- version 4.7.7
-- https://www.phpmyadmin.net/
--
-- Host: localhost:3306
-- Generation Time: Feb 01, 2019 at 12:22 AM
-- Server version: 10.1.36-MariaDB
-- PHP Version: 5.6.30

SET SQL_MODE = "NO_AUTO_VALUE_ON_ZERO";
SET AUTOCOMMIT = 0;
START TRANSACTION;
SET time_zone = "+00:00";


/*!40101 SET @OLD_CHARACTER_SET_CLIENT=@@CHARACTER_SET_CLIENT */;
/*!40101 SET @OLD_CHARACTER_SET_RESULTS=@@CHARACTER_SET_RESULTS */;
/*!40101 SET @OLD_COLLATION_CONNECTION=@@COLLATION_CONNECTION */;
/*!40101 SET NAMES utf8mb4 */;

--
-- Database: `bijb6689_quick`
--

-- --------------------------------------------------------

--
-- Table structure for table `caleg`
--

CREATE TABLE `caleg` (
  `id` int(10) UNSIGNED NOT NULL,
  `dapil_id` int(10) UNSIGNED NOT NULL,
  `kabupaten_id` int(10) UNSIGNED NOT NULL,
  `caleg_group_id` int(10) UNSIGNED NOT NULL,
  `caleg_name` varchar(255) COLLATE utf8mb4_unicode_ci NOT NULL,
  `caleg_picture` varchar(255) COLLATE utf8mb4_unicode_ci DEFAULT NULL,
  `caleg_gender` varchar(255) COLLATE utf8mb4_unicode_ci DEFAULT NULL,
  `frame_color` varchar(255) COLLATE utf8mb4_unicode_ci NOT NULL,
  `caleg_nik` varchar(255) COLLATE utf8mb4_unicode_ci DEFAULT NULL,
  `no_urut` int(11) NOT NULL,
  `publication_status` tinyint(4) NOT NULL DEFAULT '0',
  `created_at` timestamp NULL DEFAULT NULL,
  `updated_at` timestamp NULL DEFAULT NULL
) ENGINE=InnoDB DEFAULT CHARSET=utf8mb4 COLLATE=utf8mb4_unicode_ci;

--
-- Dumping data for table `caleg`
--

INSERT INTO `caleg` (`id`, `dapil_id`, `kabupaten_id`, `caleg_group_id`, `caleg_name`, `caleg_picture`, `caleg_gender`, `frame_color`, `caleg_nik`, `no_urut`, `publication_status`, `created_at`, `updated_at`) VALUES
(1, 1, 127, 2, 'H. ALI HASAN S.IP', 'DAPIL1_CALEG_1.PNG', 'L', 'FFED00', '1', 1, 1, NULL, NULL),
(2, 1, 127, 2, 'DEDEN Y. HIDAYAT MM', 'DAPIL1_CALEG_2.PNG', 'L', 'FFED00', '22222', 22222, 1, NULL, '2019-01-17 13:31:14'),
(3, 1, 127, 2, 'A.K. TWISSJE INKIRIWANG', 'DAPIL1_CALEG_3.PNG', 'P', 'FFED00', '3', 3, 1, NULL, NULL),
(4, 1, 127, 2, 'R. DEBBY APRILIANY R.', 'DAPIL1_CALEG_4.PNG', 'P', 'FFED00', '4', 4, 1, NULL, NULL),
(5, 1, 127, 2, 'IMAM SYAFE\'I S.Pd', 'DAPIL1_CALEG_5.PNG', 'L', 'FFED00', '5', 5, 1, NULL, NULL),
(6, 1, 127, 2, 'Dr. ASEP KAMALUDDIN NASHIR	 S.Ag	 M.Si', 'DAPIL1_CALEG_6.PNG', 'L', 'FFED00', '6', 6, 1, NULL, NULL),
(7, 1, 127, 2, 'TOETI YANI MARLINA', 'DAPIL1_CALEG_7.PNG', 'P', 'FFED00', '7', 7, 1, NULL, NULL),
(8, 1, 127, 2, 'H. YAYAT SUPRIATNA	 SE	 MM', 'DAPIL1_CALEG_8.PNG', 'L', 'FFED00', '8', 8, 1, NULL, NULL),
(9, 2, 127, 2, 'H. CUCU SUGYATI	 SE	 MM', 'DAPIL2_CALEG_1.PNG', 'P', 'FFED00', '1', 1, 1, NULL, NULL),
(10, 2, 127, 2, 'ASEP SUPARMAN	 S.Pd', 'DAPIL2_CALEG_2.PNG', 'L', 'FFED00', '2', 2, 1, NULL, NULL),
(11, 2, 127, 2, 'YOGA SANTOSA	 SE', 'DAPIL2_CALEG_3.PNG', 'L', 'FFED00', '3', 3, 1, NULL, NULL),
(12, 2, 127, 2, 'H.M. DADANG SUPRIATNA	 S.Ip	 M.Si', 'DAPIL2_CALEG_4.PNG', 'L', 'FFED00', '4', 4, 1, NULL, NULL),
(13, 2, 127, 2, 'AHMAD HIDAYAT	 S.IKOM', 'DAPIL2_CALEG_5.PNG', 'L', 'FFED00', '5', 5, 1, NULL, NULL),
(14, 2, 127, 2, 'MAYANG ARUM SUNDA	 SE', 'DAPIL2_CALEG_6.PNG', 'P', 'FFED00', '6', 6, 1, NULL, NULL),
(15, 2, 127, 2, 'RUSLI NUR AL AZIZ	 MA', 'DAPIL2_CALEG_7.PNG', 'L', 'FFED00', '7', 7, 1, NULL, NULL),
(16, 2, 127, 2, 'Dra. HJ. EUIS RATNANINGSIH	 MM', 'DAPIL2_CALEG_8.PNG', 'P', 'FFED00', '8', 8, 1, NULL, NULL),
(17, 2, 127, 2, 'H. FERRI SANDIYANA	 SE	 MM', 'DAPIL2_CALEG_9.PNG', 'L', 'FFED00', '9', 9, 1, NULL, NULL),
(18, 2, 127, 2, 'WENDY IRAWAN	 S.Sy', 'DAPIL2_CALEG_10.PNG', 'L', 'FFED00', '1', 1, 1, NULL, NULL),
(19, 3, 127, 2, 'SUKIM NUR ARIF	 S.Ag', 'DAPIL3_CALEG_1.PNG', 'L', 'FFED00', '1', 1, 1, NULL, NULL),
(20, 3, 127, 2, 'TATI SUPRIATI IRWAN	 S.Sos', 'DAPIL3_CALEG_2.PNG', 'P', 'FFED00', '2', 2, 1, NULL, NULL),
(21, 3, 127, 2, 'EDI SURYADI	 S.Pd.I', 'DAPIL3_CALEG_3.PNG', 'L', 'FFED00', '3', 3, 1, NULL, NULL),
(22, 3, 127, 2, 'PRAMESTI DEWI	 SE', 'DAPIL3_CALEG_4.PNG', 'P', 'FFED00', '4', 4, 1, NULL, NULL),
(23, 4, 127, 2, 'Drs. H. ADE BARKAH SURAHMAN	 M.Si', 'DAPIL4_CALEG_1.PNG', 'L', 'FFED00', '1', 1, 1, NULL, NULL),
(24, 4, 127, 2, 'H. ODEN HARYADI	 SH	 MH', 'DAPIL4_CALEG_2.PNG', 'L', 'FFED00', '2', 2, 1, NULL, NULL),
(25, 4, 127, 2, 'HJ. YETTY HERYATI	 SH', 'DAPIL4_CALEG_3.PNG', 'P', 'FFED00', '3', 3, 1, NULL, NULL),
(26, 4, 127, 2, 'LESMANA ADITHIA	 SE', 'DAPIL4_CALEG_4.PNG', 'L', 'FFED00', '4', 4, 1, NULL, NULL),
(27, 4, 127, 2, 'AGUS NURJAMAN	 S.Pd.I', 'DAPIL4_CALEG_5.PNG', 'L', 'FFED00', '5', 5, 1, NULL, NULL),
(28, 4, 127, 2, 'HANA YULIANDANI	 S.Agr', 'DAPIL4_CALEG_6.PNG', 'P', 'FFED00', '6', 6, 1, NULL, NULL),
(29, 5, 127, 2, 'H. PHINERA WIJAYA	 SE', 'DAPIL5_CALEG_1.PNG', 'L', 'FFED00', '1', 1, 1, NULL, NULL),
(30, 5, 127, 2, 'PUPPY INDRIASARI', 'DAPIL5_CALEG_2.PNG', 'P', 'FFED00', '2', 2, 1, NULL, NULL),
(31, 5, 127, 2, 'HENDRA PERMANA	 S.Sos.MM', 'DAPIL5_CALEG_3.PNG', 'L', 'FFED00', '3', 3, 1, NULL, NULL),
(32, 5, 127, 2, 'NOVI NUR GAVITA SARI', 'DAPIL5_CALEG_4.PNG', 'P', 'FFED00', '4', 4, 1, NULL, NULL),
(33, 5, 127, 2, 'NURMANSYAH	 M.Sos', 'DAPIL5_CALEG_5.PNG', 'L', 'FFED00', '5', 5, 1, NULL, NULL),
(34, 5, 127, 2, 'LELEUNG KWAN BOEN LIONG', 'DAPIL5_CALEG_6.PNG', 'L', 'FFED00', '6', 6, 1, NULL, NULL),
(35, 5, 127, 2, 'Dr HASIAN HAMONANGAN MANIK', 'DAPIL5_CALEG_7.PNG', 'L', 'FFED00', '7', 7, 1, NULL, NULL),
(36, 5, 127, 2, 'FERI SRI ASTRINA	 SE	M.M', 'DAPIL5_CALEG_8.PNG', 'P', 'FFED00', '8', 8, 1, NULL, NULL),
(37, 6, 127, 2, 'H. KUSNADI	 S.IP', 'DAPIL6_CALEG_1.PNG', 'L', 'FFED00', '1', 1, 1, NULL, NULL),
(38, 6, 127, 2, 'SAMSUL HIDAYAT	 SH', 'DAPIL6_CALEG_2.PNG', 'L', 'FFED00', '2', 2, 1, NULL, NULL),
(39, 6, 127, 2, 'ASTRI REGINA KAMILA HATTA	 S.Sos	 B.A.Com.', 'DAPIL6_CALEG_3.PNG', 'P', 'FFED00', '3', 3, 1, NULL, NULL),
(40, 6, 127, 2, 'HIDAYAT ROYANI	 SH	MH', 'DAPIL6_CALEG_4.PNG', 'L', 'FFED00', '4', 4, 1, NULL, NULL),
(41, 6, 127, 2, 'SUDARMADI SULISTIYO	 SE', 'DAPIL6_CALEG_5.PNG', 'L', 'FFED00', '5', 5, 1, NULL, NULL),
(42, 6, 127, 2, 'ERLIN SARINTAN	 SE', 'DAPIL6_CALEG_6.PNG', 'P', 'FFED00', '6', 6, 1, NULL, NULL),
(43, 6, 127, 2, 'VAREZ AKBAR FADILLAH	 SH', 'DAPIL6_CALEG_7.PNG', 'L', 'FFED00', '7', 7, 1, NULL, NULL),
(44, 6, 127, 2, 'LICHA	 S.H', 'DAPIL6_CALEG_8.PNG', 'P', 'FFED00', '8', 8, 1, NULL, NULL),
(45, 6, 127, 2, 'NURHAYATI', 'DAPIL6_CALEG_9.PNG', 'P', 'FFED00', '9', 9, 1, NULL, NULL),
(46, 6, 127, 2, 'RIDWAN ABDUL GHANY	 S.Kom', 'DAPIL6_CALEG_10.PNG', 'L', 'FFED00', '1', 1, 1, NULL, NULL),
(47, 6, 127, 2, 'H. WAWAN NURMAWAN NURDIEN	 S.Th.I', 'DAPIL6_CALEG_11.PNG', 'L', 'FFED00', '1', 1, 1, NULL, NULL),
(48, 7, 127, 2, 'H. ATMADJA	 SE', 'DAPIL7_CALEG_1.PNG', 'L', 'FFED00', '1', 1, 1, NULL, NULL),
(49, 7, 127, 2, 'INTY DIENASARI	 STP.	 MM', 'DAPIL7_CALEG_2.PNG', 'P', 'FFED00', '2', 2, 1, NULL, NULL),
(50, 7, 127, 2, 'MOCHAMAD BENNINU ARGOEBIE	 SH', 'DAPIL7_CALEG_3.PNG', 'L', 'FFED00', '3', 3, 1, NULL, NULL),
(51, 8, 127, 2, 'DR FARABI EL FOUZ	 SPA. M.KES', 'DAPIL8_CALEG_1.PNG', 'L', 'FFED00', '1', 1, 1, NULL, NULL),
(52, 8, 127, 2, 'ADE PUSPITASARI	 S.Sos	 MBA', 'DAPIL8_CALEG_2.PNG', 'P', 'FFED00', '2', 2, 1, NULL, NULL),
(53, 8, 127, 2, 'MUSLIM JAYA BUTAR BUTAR	 SH. MH', 'DAPIL8_CALEG_3.PNG', 'L', 'FFED00', '3', 3, 1, NULL, NULL),
(54, 8, 127, 2, 'TRISNO GUNADI', 'DAPIL8_CALEG_4.PNG', 'L', 'FFED00', '4', 4, 1, NULL, NULL),
(55, 8, 127, 2, 'DR JEANNE NOVELINE TEDJA	 M.Si', 'DAPIL8_CALEG_5.PNG', 'P', 'FFED00', '5', 5, 1, NULL, NULL),
(56, 8, 127, 2, 'REZA ADITYA', 'DAPIL8_CALEG_6.PNG', 'L', 'FFED00', '6', 6, 1, NULL, NULL),
(57, 8, 127, 2, 'TANIA LAENA PUTRI	 B.SC', 'DAPIL8_CALEG_7.PNG', 'P', 'FFED00', '7', 7, 1, NULL, NULL),
(58, 8, 127, 2, 'MUHAMMAD IKHSAN NURDJAMIL', 'DAPIL8_CALEG_8.PNG', 'L', 'FFED00', '8', 8, 1, NULL, NULL),
(59, 8, 127, 2, 'HJ RATNA NURYANA	 SE', 'DAPIL8_CALEG_9.PNG', 'P', 'FFED00', '9', 9, 1, NULL, NULL),
(60, 8, 127, 2, 'H. RADEA RESPATI PARAMUDHITA	SH	MH	 SH	 MH', 'DAPIL8_CALEG_10.PNG', 'L', 'FFED00', '1', 1, 1, NULL, NULL),
(61, 8, 127, 2, 'MACHRUL FALAK HERMANSAH	 ST', 'DAPIL8_CALEG_11.PNG', 'L', 'FFED00', '1', 1, 1, NULL, NULL),
(62, 9, 127, 2, 'H. ALMAIDA ROSA PUTRA	 SE	 MM', 'DAPIL9_CALEG_1.PNG', 'L', 'FFED00', '1', 1, 1, NULL, NULL),
(63, 9, 127, 2, 'K.H IIP SARIP BUSTOMI	 SE	 M.Si', 'DAPIL9_CALEG_2.PNG', 'L', 'FFED00', '2', 2, 1, NULL, NULL),
(64, 9, 127, 2, 'MAYA KURNIASARI', 'DAPIL9_CALEG_3.PNG', 'P', 'FFED00', '3', 3, 1, NULL, NULL),
(65, 9, 127, 2, 'AGUS WIBOWO', 'DAPIL9_CALEG_4.PNG', 'L', 'FFED00', '4', 4, 1, NULL, NULL),
(66, 9, 127, 2, 'ADE SUKRON	 SHI.	 M. Si', 'DAPIL9_CALEG_5.PNG', 'L', 'FFED00', '5', 5, 1, NULL, NULL),
(67, 9, 127, 2, 'SITI FATONAH', 'DAPIL9_CALEG_6.PNG', 'P', 'FFED00', '6', 6, 1, NULL, NULL),
(68, 9, 127, 2, 'HJ ANAH HARYATI', 'DAPIL9_CALEG_7.PNG', 'P', 'FFED00', '7', 7, 1, NULL, NULL),
(69, 10, 127, 2, 'HJ. SRI RAHAYU AGUSTINA	 SH', 'DAPIL10_CALEG_1.PNG', 'P', 'FFED00', '1', 1, 1, NULL, NULL),
(70, 10, 127, 2, 'MESAKH SUPRIADI	 SE	 M.Si', 'DAPIL10_CALEG_2.PNG', 'L', 'FFED00', '2', 2, 1, NULL, NULL),
(71, 10, 127, 2, 'SARIF HIDAYAT	 S.Ag', 'DAPIL10_CALEG_3.PNG', 'L', 'FFED00', '3', 3, 1, NULL, NULL),
(72, 10, 127, 2, 'TRI RACHIDASARI	 S.IP', 'DAPIL10_CALEG_4.PNG', 'P', 'FFED00', '4', 4, 1, NULL, NULL),
(73, 10, 127, 2, 'YOYO YAHYA	 SH.', 'DAPIL10_CALEG_5.PNG', 'L', 'FFED00', '5', 5, 1, NULL, NULL),
(74, 10, 127, 2, 'H.M. WARMAN', 'DAPIL10_CALEG_6.PNG', 'L', 'FFED00', '6', 6, 1, NULL, NULL),
(75, 10, 127, 2, 'IYUS SURYANA	 S.Kom', 'DAPIL10_CALEG_7.PNG', 'L', 'FFED00', '7', 7, 1, NULL, NULL),
(76, 10, 127, 2, 'SENNY BUNYAMIN DUDIH	 S.Sos', 'DAPIL10_CALEG_8.PNG', 'P', 'FFED00', '8', 8, 1, NULL, NULL),
(77, 11, 127, 2, 'H.Y.UNTUNG		 S.Pd', 'DAPIL11_CALEG_1.PNG', 'L', 'FFED00', '1', 1, 1, NULL, NULL),
(78, 11, 127, 2, 'HJ DIAN KENCANA	 MPd. MM', 'DAPIL11_CALEG_2.PNG', 'P', 'FFED00', '2', 2, 1, NULL, NULL),
(79, 11, 127, 2, 'RUMANDA	 SH	 M.Si', 'DAPIL11_CALEG_3.PNG', 'L', 'FFED00', '3', 3, 1, NULL, NULL),
(80, 11, 127, 2, 'REYNALDY PUTRA ANDITA BUDI RAEMI', 'DAPIL11_CALEG_4.PNG', 'L', 'FFED00', '4', 4, 1, NULL, NULL),
(81, 11, 127, 2, 'ELSA HAERANI', 'DAPIL11_CALEG_5.PNG', 'P', 'FFED00', '5', 5, 1, NULL, NULL),
(82, 11, 127, 2, 'DADAN DANISWAN	 SE', 'DAPIL11_CALEG_6.PNG', 'L', 'FFED00', '6', 6, 1, NULL, NULL),
(83, 11, 127, 2, 'YOGI YAMAN SANTOSA', 'DAPIL11_CALEG_7.PNG', 'L', 'FFED00', '7', 7, 1, NULL, NULL),
(84, 11, 127, 2, 'IR H. BAYU JAYA	 MBA	 MSi', 'DAPIL11_CALEG_8.PNG', 'L', 'FFED00', '8', 8, 1, NULL, NULL),
(85, 11, 127, 2, 'MUTIA YUNIARNI', 'DAPIL11_CALEG_9.PNG', 'P', 'FFED00', '9', 9, 1, NULL, NULL),
(86, 11, 127, 2, 'IR. DENNY MARTIN SURYADI', 'DAPIL11_CALEG_10.PNG', 'L', 'FFED00', '1', 1, 1, NULL, NULL),
(87, 11, 127, 2, 'HJ RACHMAYANI DEWI	 SH.	 SP.N', 'DAPIL11_CALEG_11.PNG', 'P', 'FFED00', '1', 1, 1, NULL, NULL),
(122, 1, 127, 1, 'Dr. HAPPY BONE ZULKARNAIN, M.S', 'DAPIL_1_DPR_1.PNG', 'L ', 'FFED00', '1', 1, 1, '2019-01-24 11:13:23', NULL),
(123, 1, 127, 1, 'TETTY KADI BAWONO, S.IP', 'DAPIL_1_DPR_2.PNG', 'P ', 'FFED01', '2', 2, 1, '2019-01-24 11:13:23', NULL),
(124, 1, 127, 1, 'GAYA KARTASASMITA', 'DAPIL_1_DPR_3.PNG', 'P ', 'FFED02', '3', 3, 1, '2019-01-24 11:13:23', NULL),
(125, 1, 127, 1, 'NURUL ARIFIN', 'DAPIL_1_DPR_4.PNG', 'P ', 'FFED03', '4', 4, 1, '2019-01-24 11:13:23', NULL),
(126, 1, 127, 1, 'Dr. H. ASEP SAPSUDIN, S.H., M.H., M.M', 'DAPIL_1_DPR_5.PNG', 'L', 'FFED04', '5', 5, 1, '2019-01-24 11:13:23', NULL),
(127, 1, 127, 1, 'Drs. RAHMAT SULAEMAN. H', 'DAPIL_1_DPR_6.PNG', 'L', 'FFED05', '6', 6, 1, '2019-01-24 11:13:23', NULL),
(128, 1, 127, 1, 'BOYKE FEBRIAN MOHAMMAD, S.E.', 'DAPIL_1_DPR_7.PNG', 'L', 'FFED06', '7', 7, 1, '2019-01-24 11:13:23', NULL),
(129, 2, 127, 1, 'Dr. TB. H. ACE HASAN SYADZILY, M.Si.', 'DAPIL_2_DPR_1.PNG', 'L ', 'FFED07', '8', 1, 1, '2019-01-24 11:13:23', NULL),
(130, 2, 127, 1, 'Dr. M. SABIL RACHMAN, M.Si', 'DAPIL_2_DPR_2.PNG', 'L ', 'FFED08', '9', 2, 1, '2019-01-24 11:13:23', NULL),
(131, 2, 127, 1, 'SANDRA INDRIATI NOHOLO', 'DAPIL_2_DPR_3.PNG', 'P ', 'FFED09', '10', 3, 1, '2019-01-24 11:13:23', NULL),
(132, 2, 127, 1, 'Ir. H. LILI ASDJUDIREDJA, S.E.', 'DAPIL_2_DPR_4.PNG', 'L ', 'FFED10', '11', 4, 1, '2019-01-24 11:13:23', NULL),
(133, 2, 127, 1, 'Ir. H. ANANG SUSANTO, M.Si', 'DAPIL_2_DPR_5.PNG', 'L ', 'FFED11', '12', 5, 1, '2019-01-24 11:13:23', NULL),
(134, 2, 127, 1, 'Dr. IKKE DEWI SARTIKA, Dra., M.Pd', 'DAPIL_2_DPR_6.PNG', 'P ', 'FFED12', '13', 6, 1, '2019-01-24 11:13:23', NULL),
(135, 2, 127, 1, 'H. AGUS MAKMUR SANTOSO, S.Kom., M.M', 'DAPIL_2_DPR_7.PNG', 'L', 'FFED13', '14', 7, 1, '2019-01-24 11:13:23', NULL),
(136, 2, 127, 1, 'FAZWAN KUSUMADINATA, S.E', 'DAPIL_2_DPR_8.PNG', 'L', 'FFED14', '15', 8, 1, '2019-01-24 11:13:23', NULL),
(137, 2, 127, 1, 'NUNKI JUNIARTI', 'DAPIL_2_DPR_9.PNG', 'P ', 'FFED15', '16', 9, 1, '2019-01-24 11:13:23', NULL),
(138, 2, 127, 1, 'Ir. H. DODDY IMRON CHOLID, M.S', 'DAPIL_2_DPR_10.PNG', 'L', 'FFED16', '17', 10, 1, '2019-01-24 11:13:23', NULL),
(139, 3, 127, 1, 'BUDHY SETIAWAN', 'DAPIL_3_DPR_1.PNG', 'L ', 'FFED17', '18', 1, 1, '2019-01-24 11:13:23', NULL),
(140, 3, 127, 1, 'EKA SASTRA', 'DAPIL_3_DPR_2.PNG', 'L', 'FFED18', '19', 2, 1, '2019-01-24 11:13:23', NULL),
(141, 3, 127, 1, 'AMRIYATI AMIN, M.H', 'DAPIL_3_DPR_3.PNG', 'P ', 'FFED19', '20', 3, 1, '2019-01-24 11:13:23', NULL),
(142, 3, 127, 1, 'Dr. H. DEDING ISHAK, S.H., M.M.', 'DAPIL_3_DPR_4.PNG', 'L', 'FFED20', '21', 4, 1, '2019-01-24 11:13:23', NULL),
(143, 3, 127, 1, 'Ir. LUCKY ALI MOERFIQIN, M.M', 'DAPIL_3_DPR_5.PNG', 'L', 'FFED21', '22', 5, 1, '2019-01-24 11:13:23', NULL),
(144, 3, 127, 1, 'WIEKE WIANA, M. Si', 'DAPIL_3_DPR_6.PNG', 'P ', 'FFED22', '23', 6, 1, '2019-01-24 11:13:23', NULL),
(145, 3, 127, 1, 'AFRIAN BONDJOL, S.H.', 'DAPIL_3_DPR_7.PNG', 'L ', 'FFED23', '24', 7, 1, '2019-01-24 11:13:23', NULL),
(146, 3, 127, 1, 'H. TB RADITYA INDRAJAYA, S.E', 'DAPIL_3_DPR_8.PNG', 'L', 'FFED24', '25', 8, 1, '2019-01-24 11:13:23', NULL),
(147, 3, 127, 1, 'Ir. HJ. METTY TRIANTIKA', 'DAPIL_3_DPR_9.PNG', 'P ', 'FFED25', '26', 9, 1, '2019-01-24 11:13:23', NULL),
(148, 4, 127, 1, 'HJ. DEWI ASMARA, S.H., M.H.', 'DAPIL_4_DPR_1.PNG', 'P ', 'FFED26', '27', 1, 1, '2019-01-24 11:13:23', NULL),
(149, 4, 127, 1, 'HERU HERLAMBANG, S.AP', 'DAPIL_4_DPR_2.PNG', 'L ', 'FFED27', '28', 2, 1, '2019-01-24 11:13:23', NULL),
(150, 4, 127, 1, 'Dr. drg. TONNY APRILANI, M.Sc', 'DAPIL_4_DPR_3.PNG', 'L', 'FFED28', '29', 3, 1, '2019-01-24 11:13:23', NULL),
(151, 4, 127, 1, 'H.HEROL AL HUDRI, S.I.P', 'DAPIL_4_DPR_4.PNG', 'L', 'FFED29', '30', 4, 1, '2019-01-24 11:13:23', NULL),
(152, 4, 127, 1, 'RADITYA DWI PUTRA KAGISWANA, S.E', 'DAPIL_4_DPR_5.PNG', 'L', 'FFED30', '31', 5, 1, '2019-01-24 11:13:23', NULL),
(153, 4, 127, 1, 'DINA WAHYUNINGRUM, S.E', 'DAPIL_4_DPR_6.PNG', 'P ', 'FFED31', '32', 6, 1, '2019-01-24 11:13:23', NULL),
(154, 5, 127, 1, 'RAVINDRA AIRLANGGA, M.S.', 'DAPIL_5_DPR_1.PNG', 'L ', 'FFED32', '33', 1, 1, '2019-01-24 11:13:23', NULL),
(155, 5, 127, 1, 'ICHSAN FIRDAUS', 'DAPIL_5_DPR_2.PNG', 'L', 'FFED33', '34', 2, 1, '2019-01-24 11:13:23', NULL),
(156, 5, 127, 1, 'Hj. ATTIE D. ANDJAR RACHMAN, S.H., M.Si', 'DAPIL_5_DPR_3.PNG', 'P ', 'FFED34', '35', 3, 1, '2019-01-24 11:13:23', NULL),
(157, 5, 127, 1, 'ILHAM PERMANA', 'DAPIL_5_DPR_4.PNG', 'L', 'FFED35', '36', 4, 1, '2019-01-24 11:13:23', NULL),
(158, 5, 127, 1, 'Drs. KH. NAWAFIE SALEH, S.E., M.M.', 'DAPIL_5_DPR_5.PNG', 'L', 'FFED36', '37', 5, 1, '2019-01-24 11:13:23', NULL),
(159, 5, 127, 1, 'ASTRID KRISANDA', 'DAPIL_5_DPR_6.PNG', 'P', 'FFED37', '38', 6, 1, '2019-01-24 11:13:23', NULL),
(160, 5, 127, 1, 'Ir. SULHAJJI JOMPA, MSc', 'DAPIL_5_DPR_7.PNG', 'L', 'FFED38', '39', 7, 1, '2019-01-24 11:13:23', NULL),
(161, 5, 127, 1, 'H. AGUS HITOPA SUKMA, SH, MSI', 'DAPIL_5_DPR_8.PNG', 'L', 'FFED39', '40', 8, 1, '2019-01-24 11:13:23', NULL),
(162, 5, 127, 1, 'RATIH AYU SYAFRIZA, S.Hut', 'DAPIL_5_DPR_9.PNG', 'P', 'FFED40', '41', 9, 1, '2019-01-24 11:13:23', NULL),
(163, 6, 127, 1, 'Dra. WENNY HARYANTO, S.H.', 'DAPIL_6_DPR_1.PNG', 'P ', 'FFED41', '42', 1, 1, '2019-01-24 11:13:23', NULL),
(164, 6, 127, 1, 'ZAINUL MIFTAH, S.Sos.I', 'DAPIL_6_DPR_2.PNG', 'L ', 'FFED42', '43', 2, 1, '2019-01-24 11:13:23', NULL),
(165, 6, 127, 1, 'Dr. SITI AISYAH', 'DAPIL_6_DPR_3.PNG', 'P ', 'FFED43', '44', 3, 1, '2019-01-24 11:13:23', NULL),
(166, 6, 127, 1, 'HERI SUKO MARTONO, S.E., M.B.A.', 'DAPIL_6_DPR_4.PNG', 'L', 'FFED44', '45', 4, 1, '2019-01-24 11:13:23', NULL),
(167, 6, 127, 1, 'SYAMSURACHMAN, S.T., M.S.M.', 'DAPIL_6_DPR_5.PNG', 'L', 'FFED45', '46', 5, 1, '2019-01-24 11:13:23', NULL),
(170, 7, 127, 1, 'Drs. DADANG S MUCHTAR', 'DAPIL_7_DPR_3.PNG', 'L', 'FFED48', '49', 3, 1, '2019-01-24 11:13:23', NULL),
(171, 7, 127, 1, 'TUTI NURCHOLIFAH YASIN, S.ked', 'DAPIL_7_DPR_4.PNG', 'P', 'FFED49', '50', 4, 1, '2019-01-24 11:13:23', NULL),
(172, 7, 127, 1, 'Drs. JENRI M.P PANJAITAN, M.H', 'DAPIL_7_DPR_5.PNG', 'L', 'FFED50', '51', 5, 1, '2019-01-24 11:13:23', NULL),
(173, 7, 127, 1, 'RINA DWI ANDINI, S.H., M.H', 'DAPIL_7_DPR_6.PNG', 'P', 'FFED51', '52', 6, 1, '2019-01-24 11:13:23', NULL),
(174, 7, 127, 1, 'NURUL ATIQ TAJUDDIN', 'DAPIL_7_DPR_7.PNG', 'L', 'FFED52', '53', 7, 1, '2019-01-24 11:13:23', NULL),
(175, 7, 127, 1, 'MOH. SUAIB', 'DAPIL_7_DPR_8.PNG', 'L', 'FFED53', '54', 8, 1, '2019-01-24 11:13:23', NULL),
(176, 7, 127, 1, 'MOHAMMAD AMIN FAUZI, S.H., M.Si', 'DAPIL_7_DPR_9.PNG', 'L', 'FFED54', '55', 9, 1, '2019-01-24 11:13:23', NULL),
(177, 7, 127, 1, 'Drs. R. HADYMARTOMO', 'DAPIL_7_DPR_10.PNG', 'L', 'FFED55', '56', 10, 1, '2019-01-24 11:13:23', NULL),
(178, 1, 127, 1, 'Dr. HAPPY BONE ZULKARNAIN, M.S', 'DAPIL_1_DPR_1.PNG', 'L ', 'FFED00', '1', 1, 1, '2019-01-24 11:13:23', NULL),
(179, 1, 127, 1, 'TETTY KADI BAWONO, S.IP', 'DAPIL_1_DPR_2.PNG', 'P ', 'FFED01', '2', 2, 1, '2019-01-24 11:13:23', NULL),
(180, 1, 127, 1, 'GAYA KARTASASMITA', 'DAPIL_1_DPR_3.PNG', 'P ', 'FFED02', '3', 3, 1, '2019-01-24 11:13:23', NULL),
(181, 1, 127, 1, 'NURUL ARIFIN', 'DAPIL_1_DPR_4.PNG', 'P ', 'FFED03', '4', 4, 1, '2019-01-24 11:13:23', NULL),
(182, 1, 127, 1, 'Dr. H. ASEP SAPSUDIN, S.H., M.H., M.M', 'DAPIL_1_DPR_5.PNG', 'L', 'FFED04', '5', 5, 1, '2019-01-24 11:13:23', NULL),
(183, 1, 127, 1, 'Drs. RAHMAT SULAEMAN. H', 'DAPIL_1_DPR_6.PNG', 'L', 'FFED05', '6', 6, 1, '2019-01-24 11:13:23', NULL),
(184, 1, 127, 1, 'BOYKE FEBRIAN MOHAMMAD, S.E.', 'DAPIL_1_DPR_7.PNG', 'L', 'FFED06', '7', 7, 1, '2019-01-24 11:13:23', NULL),
(185, 2, 127, 1, 'Dr. TB. H. ACE HASAN SYADZILY, M.Si.', 'DAPIL_2_DPR_1.PNG', 'L ', 'FFED07', '8', 1, 1, '2019-01-24 11:13:23', NULL),
(186, 2, 127, 1, 'Dr. M. SABIL RACHMAN, M.Si', 'DAPIL_2_DPR_2.PNG', 'L ', 'FFED08', '9', 2, 1, '2019-01-24 11:13:23', NULL),
(187, 2, 127, 1, 'SANDRA INDRIATI NOHOLO', 'DAPIL_2_DPR_3.PNG', 'P ', 'FFED09', '10', 3, 1, '2019-01-24 11:13:23', NULL),
(188, 2, 127, 1, 'Ir. H. LILI ASDJUDIREDJA, S.E.', 'DAPIL_2_DPR_4.PNG', 'L ', 'FFED10', '11', 4, 1, '2019-01-24 11:13:23', NULL),
(189, 2, 127, 1, 'Ir. H. ANANG SUSANTO, M.Si', 'DAPIL_2_DPR_5.PNG', 'L ', 'FFED11', '12', 5, 1, '2019-01-24 11:13:23', NULL),
(190, 2, 127, 1, 'Dr. IKKE DEWI SARTIKA, Dra., M.Pd', 'DAPIL_2_DPR_6.PNG', 'P ', 'FFED12', '13', 6, 1, '2019-01-24 11:13:23', NULL),
(191, 2, 127, 1, 'H. AGUS MAKMUR SANTOSO, S.Kom., M.M', 'DAPIL_2_DPR_7.PNG', 'L', 'FFED13', '14', 7, 1, '2019-01-24 11:13:23', NULL),
(192, 2, 127, 1, 'FAZWAN KUSUMADINATA, S.E', 'DAPIL_2_DPR_8.PNG', 'L', 'FFED14', '15', 8, 1, '2019-01-24 11:13:23', NULL),
(193, 2, 127, 1, 'NUNKI JUNIARTI', 'DAPIL_2_DPR_9.PNG', 'P ', 'FFED15', '16', 9, 1, '2019-01-24 11:13:23', NULL),
(194, 2, 127, 1, 'Ir. H. DODDY IMRON CHOLID, M.S', 'DAPIL_2_DPR_10.PNG', 'L', 'FFED16', '17', 10, 1, '2019-01-24 11:13:23', NULL),
(195, 3, 127, 1, 'BUDHY SETIAWAN', 'DAPIL_3_DPR_1.PNG', 'L ', 'FFED17', '18', 1, 1, '2019-01-24 11:13:23', NULL),
(196, 3, 127, 1, 'EKA SASTRA', 'DAPIL_3_DPR_2.PNG', 'L', 'FFED18', '19', 2, 1, '2019-01-24 11:13:23', NULL),
(197, 3, 127, 1, 'AMRIYATI AMIN, M.H', 'DAPIL_3_DPR_3.PNG', 'P ', 'FFED19', '20', 3, 1, '2019-01-24 11:13:23', NULL),
(198, 3, 127, 1, 'Dr. H. DEDING ISHAK, S.H., M.M.', 'DAPIL_3_DPR_4.PNG', 'L', 'FFED20', '21', 4, 1, '2019-01-24 11:13:23', NULL),
(199, 3, 127, 1, 'Ir. LUCKY ALI MOERFIQIN, M.M', 'DAPIL_3_DPR_5.PNG', 'L', 'FFED21', '22', 5, 1, '2019-01-24 11:13:23', NULL),
(200, 3, 127, 1, 'WIEKE WIANA, M. Si', 'DAPIL_3_DPR_6.PNG', 'P ', 'FFED22', '23', 6, 1, '2019-01-24 11:13:23', NULL),
(201, 3, 127, 1, 'AFRIAN BONDJOL, S.H.', 'DAPIL_3_DPR_7.PNG', 'L ', 'FFED23', '24', 7, 1, '2019-01-24 11:13:23', NULL),
(202, 3, 127, 1, 'H. TB RADITYA INDRAJAYA, S.E', 'DAPIL_3_DPR_8.PNG', 'L', 'FFED24', '25', 8, 1, '2019-01-24 11:13:23', NULL),
(203, 3, 127, 1, 'Ir. HJ. METTY TRIANTIKA', 'DAPIL_3_DPR_9.PNG', 'P ', 'FFED25', '26', 9, 1, '2019-01-24 11:13:23', NULL),
(204, 4, 127, 1, 'HJ. DEWI ASMARA, S.H., M.H.', 'DAPIL_4_DPR_1.PNG', 'P ', 'FFED26', '27', 1, 1, '2019-01-24 11:13:23', NULL),
(205, 4, 127, 1, 'HERU HERLAMBANG, S.AP', 'DAPIL_4_DPR_2.PNG', 'L ', 'FFED27', '28', 2, 1, '2019-01-24 11:13:23', NULL),
(206, 4, 127, 1, 'Dr. drg. TONNY APRILANI, M.Sc', 'DAPIL_4_DPR_3.PNG', 'L', 'FFED28', '29', 3, 1, '2019-01-24 11:13:23', NULL),
(207, 4, 127, 1, 'H.HEROL AL HUDRI, S.I.P', 'DAPIL_4_DPR_4.PNG', 'L', 'FFED29', '30', 4, 1, '2019-01-24 11:13:23', NULL),
(208, 4, 127, 1, 'RADITYA DWI PUTRA KAGISWANA, S.E', 'DAPIL_4_DPR_5.PNG', 'L', 'FFED30', '31', 5, 1, '2019-01-24 11:13:23', NULL),
(209, 4, 127, 1, 'DINA WAHYUNINGRUM, S.E', 'DAPIL_4_DPR_6.PNG', 'P ', 'FFED31', '32', 6, 1, '2019-01-24 11:13:23', NULL),
(210, 5, 127, 1, 'RAVINDRA AIRLANGGA, M.S.', 'DAPIL_5_DPR_1.PNG', 'L ', 'FFED32', '33', 1, 1, '2019-01-24 11:13:23', NULL),
(211, 5, 127, 1, 'ICHSAN FIRDAUS', 'DAPIL_5_DPR_2.PNG', 'L', 'FFED33', '34', 2, 1, '2019-01-24 11:13:23', NULL),
(212, 5, 127, 1, 'Hj. ATTIE D. ANDJAR RACHMAN, S.H., M.Si', 'DAPIL_5_DPR_3.PNG', 'P ', 'FFED34', '35', 3, 1, '2019-01-24 11:13:23', NULL),
(213, 5, 127, 1, 'ILHAM PERMANA', 'DAPIL_5_DPR_4.PNG', 'L', 'FFED35', '36', 4, 1, '2019-01-24 11:13:23', NULL),
(214, 5, 127, 1, 'Drs. KH. NAWAFIE SALEH, S.E., M.M.', 'DAPIL_5_DPR_5.PNG', 'L', 'FFED36', '37', 5, 1, '2019-01-24 11:13:23', NULL),
(215, 5, 127, 1, 'ASTRID KRISANDA', 'DAPIL_5_DPR_6.PNG', 'P', 'FFED37', '38', 6, 1, '2019-01-24 11:13:23', NULL),
(216, 5, 127, 1, 'Ir. SULHAJJI JOMPA, MSc', 'DAPIL_5_DPR_7.PNG', 'L', 'FFED38', '39', 7, 1, '2019-01-24 11:13:23', NULL),
(217, 5, 127, 1, 'H. AGUS HITOPA SUKMA, SH, MSI', 'DAPIL_5_DPR_8.PNG', 'L', 'FFED39', '40', 8, 1, '2019-01-24 11:13:23', NULL),
(218, 5, 127, 1, 'RATIH AYU SYAFRIZA, S.Hut', 'DAPIL_5_DPR_9.PNG', 'P', 'FFED40', '41', 9, 1, '2019-01-24 11:13:23', NULL),
(219, 6, 127, 1, 'Dra. WENNY HARYANTO, S.H.', 'DAPIL_6_DPR_1.PNG', 'P ', 'FFED41', '42', 1, 1, '2019-01-24 11:13:23', NULL),
(220, 6, 127, 1, 'ZAINUL MIFTAH, S.Sos.I', 'DAPIL_6_DPR_2.PNG', 'L ', 'FFED42', '43', 2, 1, '2019-01-24 11:13:23', NULL),
(221, 6, 127, 1, 'Dr. SITI AISYAH', 'DAPIL_6_DPR_3.PNG', 'P ', 'FFED43', '44', 3, 1, '2019-01-24 11:13:23', NULL),
(222, 6, 127, 1, 'HERI SUKO MARTONO, S.E., M.B.A.', 'DAPIL_6_DPR_4.PNG', 'L', 'FFED44', '45', 4, 1, '2019-01-24 11:13:23', NULL),
(223, 6, 127, 1, 'SYAMSURACHMAN, S.T., M.S.M.', 'DAPIL_6_DPR_5.PNG', 'L', 'FFED45', '46', 5, 1, '2019-01-24 11:13:23', NULL),
(224, 7, 127, 1, 'DEDI MULYADI, S.H', 'DAPIL_7_DPR_1.PNG', 'L', 'FFED46', '47', 1, 1, '2019-01-24 11:13:23', NULL),
(225, 7, 127, 1, 'PUTERI KOMARUDIN', 'DAPIL_7_DPR_2.PNG', 'P', 'FFED47', '48', 2, 1, '2019-01-24 11:13:23', NULL),
(234, 8, 127, 1, 'DAVE AKBARSHAH FIKARNO, M.E.', 'DAPIL_8_DPR_1.PNG', 'L ', 'FFED56', '57', 1, 1, '2019-01-24 11:13:23', NULL),
(235, 8, 127, 1, 'H. DANIEL MUTAQIEN SYAFUDDIN, S.T', 'DAPIL_8_DPR_2.PNG', 'L', 'FFED57', '58', 2, 1, '2019-01-24 11:13:23', NULL),
(236, 8, 127, 1, 'NOVINDA PUTRI UTAMI, S.IP., M.I.P', 'DAPIL_8_DPR_3.PNG', 'P ', 'FFED58', '59', 3, 1, '2019-01-24 11:13:23', NULL),
(237, 8, 127, 1, 'BAMBANG HERMANTO, S.E', 'DAPIL_8_DPR_4.PNG', 'L', 'FFED59', '60', 4, 1, '2019-01-24 11:13:23', NULL),
(238, 8, 127, 1, 'ABD. RAZAK SAID', 'DAPIL_8_DPR_5.PNG', 'L', 'FFED60', '61', 5, 1, '2019-01-24 11:13:23', NULL),
(239, 8, 127, 1, 'IIS AISAH, S.E.I., M.Si.', 'DAPIL_8_DPR_6.PNG', 'P', 'FFED61', '62', 6, 1, '2019-01-24 11:13:23', NULL),
(240, 8, 127, 1, 'PULIHONO, S.E.', 'DAPIL_8_DPR_7.PNG', 'L', 'FFED62', '63', 7, 1, '2019-01-24 11:13:23', NULL),
(241, 8, 127, 1, 'Drs. SISWANDI', 'DAPIL_8_DPR_8.PNG', 'L', 'FFED63', '64', 8, 1, '2019-01-24 11:13:23', NULL),
(242, 8, 127, 1, 'YULIANI WAHYUNINGSIH, Amd. Keb', 'DAPIL_8_DPR_9.PNG', 'P', 'FFED64', '65', 9, 1, '2019-01-24 11:13:23', NULL),
(243, 9, 127, 1, 'Ir. ARNANTO NURPRABOWO, M.P', 'DAPIL_9_DPR_1.PNG', 'L ', 'FFED65', '66', 1, 1, '2019-01-24 11:13:23', NULL),
(244, 9, 127, 1, 'VENNY DEVIANTI', 'DAPIL_9_DPR_2.PNG', 'P ', 'FFED66', '67', 2, 1, '2019-01-24 11:13:23', NULL),
(245, 9, 127, 1, 'HENDRIK KURNIAWAN, S.Pd.I', 'DAPIL_9_DPR_3.PNG', 'L', 'FFED67', '68', 3, 1, '2019-01-24 11:13:23', NULL),
(246, 9, 127, 1, 'HJ ITJE SITI DEWI KURAESIN, S.Sos., M.M', 'DAPIL_9_DPR_4.PNG', 'P', 'FFED68', '69', 4, 1, '2019-01-24 11:13:23', NULL),
(247, 9, 127, 1, 'H. HERMANSYAH, S.H', 'DAPIL_9_DPR_5.PNG', 'L', 'FFED69', '70', 5, 1, '2019-01-24 11:13:23', NULL),
(248, 9, 127, 1, 'H. TAUFIQ GUNAWANSYAH, S.I.P., M.Si', 'DAPIL_9_DPR_6.PNG', 'L', 'FFED70', '71', 6, 1, '2019-01-24 11:13:23', NULL),
(249, 9, 127, 1, 'LACKIE SUWANDIE, S.E', 'DAPIL_9_DPR_7.PNG', 'L', 'FFED71', '72', 7, 1, '2019-01-24 11:13:23', NULL),
(250, 9, 127, 1, 'MEDINA WIRANATAKUSUMAH, S.E.', 'DAPIL_9_DPR_8.PNG', 'P', 'FFED72', '73', 8, 1, '2019-01-24 11:13:23', NULL),
(251, 10, 127, 1, 'Drs. AGUN GUNANDJAR SUDARSA, Bc.IP., M.Si.', 'DAPIL_10_DPR_1.PNG', 'L ', 'FFED73', '74', 1, 1, '2019-01-24 11:13:23', NULL),
(252, 10, 127, 1, 'KHOLIS MALIK', 'DAPIL_10_DPR_2.PNG', 'L', 'FFED74', '75', 2, 1, '2019-01-24 11:13:23', NULL),
(253, 10, 127, 1, 'HJ. RENNY SOEDIRO', 'DAPIL_10_DPR_3.PNG', 'P ', 'FFED75', '76', 3, 1, '2019-01-24 11:13:23', NULL),
(254, 10, 127, 1, 'ENGKUS KUSNADI, S.H', 'DAPIL_10_DPR_4.PNG', 'L', 'FFED76', '77', 4, 1, '2019-01-24 11:13:23', NULL),
(255, 10, 127, 1, 'AYUNINGTYAS WIDARI RAMDHANIAR, S.I.A.', 'DAPIL_10_DPR_5.PNG', 'P', 'FFED77', '78', 5, 1, '2019-01-24 11:13:23', NULL),
(256, 10, 127, 1, 'DENI YUSUP, S.Ag., M.Si', 'DAPIL_10_DPR_6.PNG', 'L', 'FFED78', '79', 6, 1, '2019-01-24 11:13:23', NULL),
(257, 10, 127, 1, 'ETTY ROBIAH AFDHAL, M.A', 'DAPIL_10_DPR_7.PNG', 'P', 'FFED79', '80', 7, 1, '2019-01-24 11:13:23', NULL),
(258, 11, 127, 1, 'FERDIANSYAH, S.E., M.M.', 'DAPIL_11_DPR_1.PNG', 'L ', 'FFED80', '81', 1, 1, '2019-01-24 11:13:23', NULL),
(259, 11, 127, 1, 'H. MQ. ISWARA', 'DAPIL_11_DPR_2.PNG', 'L', 'FFED81', '82', 2, 1, '2019-01-24 11:13:23', NULL),
(260, 11, 127, 1, 'RIKA MUSTIKA S, S.E., M.M', 'DAPIL_11_DPR_3.PNG', 'P ', 'FFED82', '83', 3, 1, '2019-01-24 11:13:23', NULL),
(261, 11, 127, 1, 'Drs. H. AHMAD ZACKY SIRADJ', 'DAPIL_11_DPR_4.PNG', 'L', 'FFED83', '84', 4, 1, '2019-01-24 11:13:23', NULL),
(262, 11, 127, 1, 'FAKHRI PRAWIRA', 'DAPIL_11_DPR_5.PNG', 'L', 'FFED84', '85', 5, 1, '2019-01-24 11:13:23', NULL),
(263, 11, 127, 1, 'TINI KARTINI', 'DAPIL_11_DPR_6.PNG', 'P', 'FFED85', '86', 6, 1, '2019-01-24 11:13:23', NULL),
(264, 11, 127, 1, 'MUHAMAD SURYAWIJAYA', 'DAPIL_11_DPR_7.PNG', 'L', 'FFED86', '87', 7, 1, '2019-01-24 11:13:23', NULL),
(265, 11, 127, 1, 'RENDY RONALDY BIMANTARA, S.Adm', 'DAPIL_11_DPR_8.PNG', 'L', 'FFED87', '88', 8, 1, '2019-01-24 11:13:23', NULL),
(266, 11, 127, 1, 'PATRIANI PARAMITA MULIA, S.H., LL.M', 'DAPIL_11_DPR_9.PNG', 'P', 'FFED88', '89', 9, 1, '2019-01-24 11:13:23', NULL),
(267, 11, 127, 1, 'H. IMAN ALIRAHMAN, S.H., M.Si', 'DAPIL_11_DPR_10.PNG', 'L', 'FFED89', '90', 10, 1, '2019-01-24 11:13:23', NULL);

-- --------------------------------------------------------

--
-- Table structure for table `caleg_groups`
--

CREATE TABLE `caleg_groups` (
  `id` int(10) UNSIGNED NOT NULL,
  `caleg_group_name` varchar(255) COLLATE utf8mb4_unicode_ci NOT NULL,
  `publication_status` tinyint(4) NOT NULL DEFAULT '0',
  `created_at` timestamp NULL DEFAULT NULL,
  `updated_at` timestamp NULL DEFAULT NULL
) ENGINE=InnoDB DEFAULT CHARSET=utf8mb4 COLLATE=utf8mb4_unicode_ci;

--
-- Dumping data for table `caleg_groups`
--

INSERT INTO `caleg_groups` (`id`, `caleg_group_name`, `publication_status`, `created_at`, `updated_at`) VALUES
(1, 'DPR', 1, NULL, NULL),
(2, 'DPRD 1', 1, NULL, NULL),
(3, 'DPRD 2', 1, NULL, NULL);

-- --------------------------------------------------------

--
-- Table structure for table `dapil`
--

CREATE TABLE `dapil` (
  `id` int(10) UNSIGNED NOT NULL,
  `dapil_name` varchar(255) COLLATE utf8mb4_unicode_ci NOT NULL,
  `publication_status` tinyint(4) NOT NULL DEFAULT '0',
  `created_at` timestamp NULL DEFAULT NULL,
  `updated_at` timestamp NULL DEFAULT NULL
) ENGINE=InnoDB DEFAULT CHARSET=utf8mb4 COLLATE=utf8mb4_unicode_ci;

--
-- Dumping data for table `dapil`
--

INSERT INTO `dapil` (`id`, `dapil_name`, `publication_status`, `created_at`, `updated_at`) VALUES
(1, 'Jawa Barat 1', 1, NULL, NULL),
(2, 'Jawa Barat 2', 1, NULL, NULL),
(3, 'Jawa Barat 3', 1, NULL, NULL),
(4, 'Jawa Barat 4', 1, NULL, NULL),
(5, 'Jawa Barat 5', 1, NULL, NULL),
(6, 'Jawa Barat 6', 1, NULL, NULL),
(7, 'Jawa Barat 7', 1, NULL, NULL),
(8, 'Jawa Barat 8', 1, NULL, NULL),
(9, 'Jawa Barat 9', 1, NULL, NULL),
(10, 'Jawa Barat 10', 1, NULL, NULL),
(11, 'Jawa Barat 11', 1, NULL, NULL),
(17, 'DPRD Provinsi Dapil 1', 1, '2019-01-29 06:41:45', '2019-01-29 06:41:45'),
(18, 'DPRD Provinsi Dapil 2', 1, '2019-01-29 06:41:54', '2019-01-29 06:41:54'),
(19, 'DPRD Provinsi Dapil 3', 1, '2019-01-29 06:42:38', '2019-01-29 06:42:38'),
(21, 'DPRD Provinsi Dapil 4', 1, '2019-01-29 07:08:34', '2019-01-29 07:09:21'),
(22, 'DPRD Provinsi Dapil 5', 1, '2019-01-29 07:10:43', '2019-01-29 07:10:43'),
(23, 'DPRD Provinsi Dapil 6', 1, '2019-01-29 07:12:24', '2019-01-29 07:12:24'),
(24, 'DPRD Provinsi Dapil 7', 1, '2019-01-29 07:12:40', '2019-01-29 07:12:40'),
(25, 'DPRD Provinsi Dapil 8', 1, '2019-01-29 07:13:19', '2019-01-29 07:13:19'),
(26, 'DPRD Provinsi Dapil 9', 1, '2019-01-29 07:15:57', '2019-01-29 07:15:57'),
(27, 'DPRD Provinsi Dapil 10', 1, '2019-01-29 07:16:13', '2019-01-29 07:16:13'),
(28, 'DPRD Provinsi Dapil 11', 1, '2019-01-29 07:16:30', '2019-01-29 07:16:30'),
(29, 'DPRD Provinsi Dapil 12', 1, '2019-01-29 07:16:46', '2019-01-29 07:16:46'),
(30, 'DPRD Provinsi Dapil 13', 1, '2019-01-29 07:17:05', '2019-01-29 07:17:05'),
(31, 'DPRD Provinsi Dapil 14', 1, '2019-01-29 07:17:23', '2019-01-29 07:17:23'),
(32, 'DPRD Provinsi Dapil 15', 1, '2019-01-29 07:17:41', '2019-01-29 07:17:41'),
(33, 'DPRD Kabupaten Bandung 1', 1, '2019-01-29 07:20:35', '2019-01-29 07:20:35'),
(34, 'DPRD Kabupaten Bandung 2', 1, '2019-01-29 07:21:04', '2019-01-29 07:21:04'),
(35, 'DPRD Kabupaten Bandung 3', 1, '2019-01-29 07:21:50', '2019-01-29 07:21:50'),
(36, 'DPRD Kabupaten Bandung 4', 1, '2019-01-29 07:22:04', '2019-01-29 07:22:04'),
(37, 'DPRD Kabupaten Bandung 5', 1, '2019-01-29 07:22:18', '2019-01-29 07:22:18'),
(38, 'DPRD Kabupaten Bandung 6', 1, '2019-01-29 07:22:30', '2019-01-29 07:22:30'),
(39, 'DPRD Kabupaten Bandung 7', 1, '2019-01-29 07:22:43', '2019-01-29 07:22:43'),
(40, 'DPRD Kabupaten Bandung Barat 1', 1, '2019-01-29 07:25:21', '2019-01-29 07:25:21'),
(41, 'DPRD Kabupaten Bandung Barat 2', 1, '2019-01-29 07:31:50', '2019-01-29 07:31:50'),
(42, 'DPRD Kabupaten Bandung Barat 3', 1, '2019-01-29 07:35:21', '2019-01-29 07:35:48'),
(43, 'DPRD Kabupaten Bandung Barat 4', 1, '2019-01-29 07:36:02', '2019-01-29 07:36:02'),
(44, 'DPRD Kabupaten Bandung Barat 5', 1, '2019-01-29 07:36:19', '2019-01-29 07:36:19'),
(45, 'DPRD Kabupaten Bekasi 1', 1, '2019-01-29 07:37:23', '2019-01-29 07:37:23'),
(46, 'DPRD Kabupaten Bekasi 2', 1, '2019-01-29 07:37:37', '2019-01-29 07:37:37'),
(47, 'DPRD Kabupaten Bekasi 3', 1, '2019-01-29 07:37:51', '2019-01-29 07:37:51'),
(48, 'DPRD Kabupaten Bekasi 4', 1, '2019-01-29 07:38:03', '2019-01-29 07:38:03'),
(49, 'DPRD Kabupaten Bekasi 5', 1, '2019-01-29 07:38:15', '2019-01-29 07:38:15'),
(50, 'DPRD Kabupaten Bekasi 6', 1, '2019-01-29 07:38:36', '2019-01-29 07:38:36'),
(51, 'DPRD Kabupaten Bogor 1', 1, '2019-01-29 07:39:49', '2019-01-29 07:39:49'),
(52, 'DPRD Kabupaten Bogor 2', 1, '2019-01-29 07:40:02', '2019-01-29 07:40:02'),
(53, 'DPRD Kabupaten Bogor 3', 1, '2019-01-29 07:40:14', '2019-01-29 07:40:14'),
(54, 'DPRD Kabupaten Bogor 4', 1, '2019-01-29 07:40:28', '2019-01-29 07:40:28'),
(55, 'DPRD Kabupaten Bogor 5', 1, '2019-01-29 07:40:43', '2019-01-29 07:40:43'),
(56, 'DPRD Kabupaten Bogor 6', 1, '2019-01-29 07:41:05', '2019-01-29 07:41:05'),
(57, 'DPRD Kabupaten Ciamis 1', 1, '2019-01-29 07:41:55', '2019-01-29 07:41:55'),
(58, 'DPRD Kabupaten Ciamis 2', 1, '2019-01-29 07:42:11', '2019-01-29 07:42:11'),
(59, 'DPRD Kabupaten Ciamis 3', 1, '2019-01-29 07:42:22', '2019-01-29 07:42:22'),
(60, 'DPRD Kabupaten Ciamis 4', 1, '2019-01-29 07:42:34', '2019-01-29 07:42:34'),
(61, 'DPRD Kabupaten Ciamis 5', 1, '2019-01-29 07:42:43', '2019-01-29 07:42:43'),
(62, 'DPRD Kabupaten Ciamis 6', 1, '2019-01-29 07:42:55', '2019-01-29 07:42:55'),
(63, 'DPRD Kabupaten Cianjur 1', 1, '2019-01-29 07:44:05', '2019-01-29 07:44:05'),
(64, 'DPRD Kabupaten Cianjur 2', 1, '2019-01-29 07:44:21', '2019-01-29 07:44:21'),
(65, 'DPRD Kabupaten Cianjur 3', 1, '2019-01-29 07:44:55', '2019-01-29 07:44:55'),
(66, 'DPRD Kabupaten Cianjur 4', 1, '2019-01-29 07:45:05', '2019-01-29 07:45:05'),
(67, 'DPRD Kabupaten Cianjur 5', 1, '2019-01-29 07:45:16', '2019-01-29 07:45:16'),
(68, 'DPRD Kabupaten Cirebon 1', 1, '2019-01-29 07:46:17', '2019-01-29 07:46:17'),
(69, 'DPRD Kabupaten Cirebon 2', 1, '2019-01-29 07:46:31', '2019-01-29 07:46:31'),
(70, 'DPRD Kabupaten Cirebon 3', 1, '2019-01-29 07:46:43', '2019-01-29 07:46:43'),
(71, 'DPRD Kabupaten Cirebon 4', 1, '2019-01-29 07:46:55', '2019-01-29 07:46:55'),
(72, 'DPRD Kabupaten Cirebon 5', 1, '2019-01-29 07:47:30', '2019-01-29 07:47:30'),
(73, 'DPRD Kabupaten Cirebon 6', 1, '2019-01-29 07:47:45', '2019-01-29 07:47:45'),
(74, 'DPRD Kabupaten Cirebon 7', 1, '2019-01-29 07:47:55', '2019-01-29 07:47:55'),
(75, 'DPRD Kabupaten Garut 1', 1, '2019-01-29 07:49:05', '2019-01-29 07:49:05'),
(76, 'DPRD Kabupaten Garut 2', 1, '2019-01-29 07:49:16', '2019-01-29 07:49:16'),
(77, 'DPRD Kabupaten Garut 3', 1, '2019-01-29 07:49:27', '2019-01-29 07:49:27'),
(78, 'DPRD Kabupaten Garut 4', 1, '2019-01-29 07:50:12', '2019-01-29 07:50:12'),
(79, 'DPRD Kabupaten Garut 5', 1, '2019-01-29 07:50:29', '2019-01-29 07:50:29'),
(80, 'DPRD Kabupaten Indramayu 1', 1, '2019-01-29 07:51:32', '2019-01-29 07:51:32'),
(81, 'DPRD Kabupaten Indramayu 2', 1, '2019-01-29 07:51:49', '2019-01-29 07:51:49'),
(82, 'DPRD Kabupaten Indramayu 3', 1, '2019-01-29 07:52:04', '2019-01-29 07:52:04'),
(83, 'DPRD Kabupaten Indramayu 4', 1, '2019-01-29 07:52:17', '2019-01-29 07:52:17'),
(84, 'DPRD Kabupaten Indramayu 5', 1, '2019-01-29 07:52:35', '2019-01-29 07:52:35'),
(85, 'DPRD Kabupaten Indramayu 6', 1, '2019-01-29 07:52:50', '2019-01-29 07:52:50'),
(86, 'DPRD Kabupaten Karawang 1', 1, '2019-01-29 07:53:55', '2019-01-29 07:53:55'),
(87, 'DPRD Kabupaten Karawang 2', 1, '2019-01-29 07:54:06', '2019-01-29 07:54:06'),
(88, 'DPRD Kabupaten Karawang 3', 1, '2019-01-29 07:54:17', '2019-01-29 07:54:17'),
(89, 'DPRD Kabupaten Karawang 4', 1, '2019-01-29 07:54:29', '2019-01-29 07:54:29'),
(90, 'DPRD Kabupaten Karawang 5', 1, '2019-01-29 07:54:40', '2019-01-29 07:54:40'),
(91, 'DPRD Kabupaten Karawang 6', 1, '2019-01-29 07:54:51', '2019-01-29 07:54:51'),
(92, 'DPRD Kabupaten Kuningan 1', 1, '2019-01-29 07:55:51', '2019-01-29 07:55:51'),
(93, 'DPRD Kabupaten Kuningan 2', 1, '2019-01-29 07:57:27', '2019-01-29 07:57:27'),
(94, 'DPRD Kabupaten Kuningan 3', 1, '2019-01-29 07:57:41', '2019-01-29 07:57:41'),
(95, 'DPRD Kabupaten Kuningan 4', 1, '2019-01-29 07:57:58', '2019-01-29 07:57:58'),
(96, 'DPRD Kabupaten Kuningan 5', 1, '2019-01-29 07:58:08', '2019-01-29 07:58:08'),
(97, 'DPRD Kabupaten Majalengka 1', 1, '2019-01-29 07:59:08', '2019-01-29 07:59:08'),
(98, 'DPRD Kabupaten Majalengka 2', 1, '2019-01-29 08:00:30', '2019-01-29 08:00:30'),
(99, 'DPRD Kabupaten Majalengka 3', 1, '2019-01-29 08:00:45', '2019-01-29 08:00:45'),
(100, 'DPRD Kabupaten Majalengka 4', 1, '2019-01-29 08:01:00', '2019-01-29 08:01:00'),
(101, 'DPRD Kabupaten Majalengka 5', 1, '2019-01-29 08:01:12', '2019-01-29 08:01:12'),
(102, 'DPRD Kabupaten Pangandaran 1', 1, '2019-01-29 08:02:06', '2019-01-29 08:02:06'),
(103, 'DPRD Kabupaten Pangandaran 2', 1, '2019-01-29 08:02:17', '2019-01-29 08:02:17'),
(104, 'DPRD Kabupaten Pangandaran 3', 1, '2019-01-29 08:02:29', '2019-01-29 08:02:29'),
(105, 'DPRD Kabupaten Pangandaran 4', 1, '2019-01-29 08:02:38', '2019-01-29 08:02:38'),
(106, 'DPRD Kabupaten Pangandaran 5', 1, '2019-01-29 08:02:50', '2019-01-29 08:02:50'),
(107, 'DPRD Kabupaten Purwakarta 1', 1, '2019-01-29 08:03:53', '2019-01-29 08:03:53'),
(108, 'DPRD Kabupaten Purwakarta 2', 1, '2019-01-29 08:04:05', '2019-01-29 08:04:05'),
(109, 'DPRD Kabupaten Purwakarta 3', 1, '2019-01-29 08:04:17', '2019-01-29 08:04:17'),
(110, 'DPRD Kabupaten Purwakarta 4', 1, '2019-01-29 08:04:30', '2019-01-29 08:04:30'),
(111, 'DPRD Kabupaten Purwakarta 5', 1, '2019-01-29 08:04:42', '2019-01-29 08:04:42'),
(112, 'DPRD Kabupaten Purwakarta 6', 1, '2019-01-29 08:04:52', '2019-01-29 08:04:52'),
(113, 'DPRD Kabupaten Subang 1', 1, '2019-01-29 08:06:00', '2019-01-29 08:06:00'),
(114, 'DPRD Kabupaten Subang 2', 1, '2019-01-29 08:06:10', '2019-01-29 08:06:10'),
(115, 'DPRD Kabupaten Subang 3', 1, '2019-01-29 08:06:21', '2019-01-29 08:06:21'),
(116, 'DPRD Kabupaten Subang 4', 1, '2019-01-29 08:06:31', '2019-01-29 08:06:31'),
(117, 'DPRD Kabupaten Subang 5', 1, '2019-01-29 08:06:43', '2019-01-29 08:06:43'),
(119, 'DPRD Kabupaten Subang 6', 1, '2019-01-29 08:07:11', '2019-01-29 08:07:11'),
(120, 'DPRD Kabupaten Subang 7', 1, '2019-01-29 08:07:21', '2019-01-29 08:07:21'),
(121, 'DPRD Kabupaten Sukabumi 1', 1, '2019-01-29 08:10:59', '2019-01-29 08:10:59'),
(122, 'DPRD Kabupaten Sukabumi 2', 1, '2019-01-29 08:11:23', '2019-01-29 08:11:23'),
(123, 'DPRD Kabupaten Sukabumi 3', 1, '2019-01-29 08:11:34', '2019-01-29 08:11:34'),
(124, 'DPRD Kabupaten Sukabumi 4', 1, '2019-01-29 08:11:45', '2019-01-29 08:11:45'),
(125, 'DPRD Kabupaten Sukabumi 5', 1, '2019-01-29 08:12:03', '2019-01-29 08:12:03'),
(126, 'DPRD Kabupaten Sukabumi 6', 1, '2019-01-29 08:12:14', '2019-01-29 08:12:14'),
(127, 'DPRD Kabupaten Sumedang 1', 1, '2019-01-29 08:13:22', '2019-01-29 08:13:22'),
(128, 'DPRD Kabupaten Sumedang 2', 1, '2019-01-29 08:13:33', '2019-01-29 08:13:33'),
(129, 'DPRD Kabupaten Sumedang 3', 1, '2019-01-29 08:13:43', '2019-01-29 08:13:43'),
(130, 'DPRD Kabupaten Sumedang 4', 1, '2019-01-29 08:13:55', '2019-01-29 08:13:55'),
(131, 'DPRD Kabupaten Sumedang 5', 1, '2019-01-29 08:14:04', '2019-01-29 08:14:04'),
(132, 'DPRD Kabupaten Sumedang 6', 1, '2019-01-29 08:14:20', '2019-01-29 08:14:20'),
(133, 'DPRD Kabupaten Tasikmalaya 1', 1, '2019-01-29 08:15:18', '2019-01-29 08:15:18'),
(134, 'DPRD Kabupaten Tasikmalaya 2', 1, '2019-01-29 08:15:29', '2019-01-29 08:15:29'),
(135, 'DPRD Kabupaten Tasikmalaya 3', 1, '2019-01-29 08:16:13', '2019-01-29 08:16:13'),
(136, 'DPRD Kabupaten Tasikmalaya 4', 1, '2019-01-29 08:16:31', '2019-01-29 08:16:31'),
(137, 'DPRD Kabupaten Tasikmalaya 5', 1, '2019-01-29 08:16:44', '2019-01-29 08:16:44'),
(138, 'DPRD Kabupaten Tasikmalaya 6', 1, '2019-01-29 08:16:56', '2019-01-29 08:16:56'),
(139, 'DPRD Kabupaten Tasikmalaya 7', 1, '2019-01-29 08:17:08', '2019-01-29 08:17:08'),
(140, 'DPRD Kota Bandung 1', 1, '2019-01-29 08:22:01', '2019-01-29 08:22:01'),
(141, 'DPRD Kota Bandung 2', 1, '2019-01-29 08:22:12', '2019-01-29 08:22:12'),
(142, 'DPRD Kota Bandung 3', 1, '2019-01-29 08:22:31', '2019-01-29 08:22:31'),
(143, 'DPRD Kota Bandung 4', 1, '2019-01-29 08:22:45', '2019-01-29 08:22:45'),
(144, 'DPRD Kota Bandung 5', 1, '2019-01-29 08:22:57', '2019-01-29 08:22:57'),
(145, 'DPRD Kota Bandung 6', 1, '2019-01-29 08:23:08', '2019-01-29 08:23:08'),
(146, 'DPRD Kota Banjar 1', 1, '2019-01-29 08:24:26', '2019-01-29 08:24:26'),
(148, 'DPRD Kota Banjar 2', 1, '2019-01-29 08:24:57', '2019-01-29 08:24:57'),
(149, 'DPRD Kota Banjar 3', 1, '2019-01-29 08:25:09', '2019-01-29 08:25:09'),
(150, 'DPRD Kota Bekasi 1', 1, '2019-01-29 08:27:08', '2019-01-29 08:27:08'),
(151, 'DPRD Kota Bekasi 2', 1, '2019-01-29 08:27:20', '2019-01-29 08:27:20'),
(152, 'DPRD Kota Bekasi 3', 1, '2019-01-29 08:27:32', '2019-01-29 08:27:32'),
(153, 'DPRD Kota Bekasi 4', 1, '2019-01-29 08:27:48', '2019-01-29 08:27:48'),
(154, 'DPRD Kota Bekasi 5', 1, '2019-01-29 08:28:03', '2019-01-29 08:28:03'),
(155, 'DPRD Kota Bekasi 6', 1, '2019-01-29 08:28:16', '2019-01-29 08:28:16'),
(156, 'DPRD Kota Bogor 1', 1, '2019-01-29 08:30:50', '2019-01-29 08:30:50'),
(157, 'DPRD Kota Bogor 2', 1, '2019-01-29 08:31:34', '2019-01-29 08:31:34'),
(158, 'DPRD Kota Bogor 3', 1, '2019-01-29 08:31:48', '2019-01-29 08:31:48'),
(159, 'DPRD Kota Bogor 4', 1, '2019-01-29 08:31:59', '2019-01-29 08:31:59'),
(160, 'DPRD Kota Bogor 5', 1, '2019-01-29 08:32:12', '2019-01-29 08:32:12'),
(161, 'DPRD Kota Cimahi 1', 1, '2019-01-29 08:33:10', '2019-01-29 08:33:10'),
(162, 'DPRD Kota Cimahi 2', 1, '2019-01-29 08:33:21', '2019-01-29 08:33:21'),
(163, 'DPRD Kota Cimahi 3', 1, '2019-01-29 08:33:31', '2019-01-29 08:33:31'),
(164, 'DPRD Kota Cimahi 4', 1, '2019-01-29 08:33:41', '2019-01-29 08:33:41'),
(165, 'DPRD Kota Cimahi 5', 1, '2019-01-29 08:33:54', '2019-01-29 08:33:54'),
(166, 'DPRD Kota Cimahi 6', 1, '2019-01-29 08:34:16', '2019-01-29 08:34:16'),
(168, 'DPRD Kota Cirebon 1', 1, '2019-01-29 08:35:26', '2019-01-29 08:35:26'),
(169, 'DPRD Kota Cirebon 2', 1, '2019-01-29 08:35:36', '2019-01-29 08:35:36'),
(170, 'DPRD Kota Cirebon 3', 1, '2019-01-29 08:35:46', '2019-01-29 08:35:46'),
(171, 'DPRD Kota Depok 1', 1, '2019-01-29 08:37:13', '2019-01-29 08:37:13'),
(172, 'DPRD Kota Depok 2', 1, '2019-01-29 08:37:33', '2019-01-29 08:37:33'),
(173, 'DPRD Kota Depok 3', 1, '2019-01-29 08:37:43', '2019-01-29 08:37:43'),
(174, 'DPRD Kota Depok 4', 1, '2019-01-29 08:37:54', '2019-01-29 08:37:54'),
(175, 'DPRD Kota Depok 5', 1, '2019-01-29 08:38:03', '2019-01-29 08:38:03'),
(176, 'DPRD Kota Depok 6', 1, '2019-01-29 08:38:12', '2019-01-29 08:38:12'),
(177, 'DPRD Kota Sukabumi 1', 1, '2019-01-29 08:40:38', '2019-01-29 08:40:38'),
(178, 'DPRD Kota Sukabumi 2', 1, '2019-01-29 08:40:48', '2019-01-29 08:40:48'),
(179, 'DPRD Kota Sukabumi 3', 1, '2019-01-29 08:41:08', '2019-01-29 08:41:08'),
(180, 'DPRD Kota Tasikmalaya 1', 1, '2019-01-29 08:42:03', '2019-01-29 08:42:03'),
(181, 'DPRD Kota Tasikmalaya 2', 1, '2019-01-29 08:42:11', '2019-01-29 08:42:11'),
(182, 'DPRD Kota Tasikmalaya 3', 1, '2019-01-29 08:42:23', '2019-01-29 08:42:23'),
(183, 'DPRD Kota Tasikmalaya 4', 1, '2019-01-29 08:42:33', '2019-01-29 08:42:33');

-- --------------------------------------------------------

--
-- Table structure for table `desa`
--

CREATE TABLE `desa` (
  `id` int(10) UNSIGNED NOT NULL,
  `kecamatan_id` int(10) UNSIGNED NOT NULL,
  `desa_name` varchar(255) COLLATE utf8mb4_unicode_ci NOT NULL,
  `publication_status` tinyint(4) NOT NULL DEFAULT '0',
  `created_at` timestamp NULL DEFAULT NULL,
  `updated_at` timestamp NULL DEFAULT NULL
) ENGINE=InnoDB DEFAULT CHARSET=utf8mb4 COLLATE=utf8mb4_unicode_ci;

--
-- Dumping data for table `desa`
--

INSERT INTO `desa` (`id`, `kecamatan_id`, `desa_name`, `publication_status`, `created_at`, `updated_at`) VALUES
(15445, 1198, 'Malasari', 1, NULL, NULL),
(15446, 1198, 'Bantar Karet', 1, NULL, NULL),
(15447, 1198, 'Cisarua', 1, NULL, NULL),
(15448, 1198, 'Curug Bitung', 1, NULL, NULL),
(15449, 1198, 'Nanggung', 1, NULL, NULL),
(15450, 1198, 'Pangkal Jaya', 1, NULL, NULL),
(15451, 1198, 'Sukaluyu', 1, NULL, NULL),
(15452, 1198, 'Hambaro', 1, NULL, NULL),
(15453, 1198, 'Kalong Liud', 1, NULL, NULL),
(15454, 1198, 'Parakan Muncang', 1, NULL, NULL),
(15455, 1199, 'Purasari', 1, NULL, NULL),
(15456, 1199, 'Puraseda', 1, NULL, NULL),
(15457, 1199, 'Karyasari', 1, NULL, NULL),
(15458, 1199, 'Pabangbon', 1, NULL, NULL),
(15459, 1199, 'Karacak', 1, NULL, NULL),
(15460, 1199, 'Barengkok', 1, NULL, NULL),
(15461, 1199, 'Cibeber Ii', 1, NULL, NULL),
(15470, 1199, 'Cibeber I', 1, NULL, NULL),
(15471, 1199, 'Leuwimekar', 1, NULL, NULL),
(15472, 1199, 'Leuwiliang', 1, NULL, NULL),
(15473, 1199, 'Karehkel', 1, NULL, NULL),
(15474, 1200, 'Cibunian', 1, NULL, NULL),
(15475, 1200, 'Purwabakti', 1, NULL, NULL),
(15476, 1200, 'Ciasmara', 1, NULL, NULL),
(15477, 1200, 'Ciasihan', 1, NULL, NULL),
(15478, 1200, 'Gunung Sari', 1, NULL, NULL),
(15479, 1200, 'Gunung Bunder 2', 1, NULL, NULL),
(15480, 1200, 'Gunung Bunder 1', 1, NULL, NULL),
(15481, 1200, 'Cibening', 1, NULL, NULL),
(15482, 1200, 'Gunung Picung', 1, NULL, NULL),
(15483, 1200, 'Cibitung Kulon', 1, NULL, NULL),
(15484, 1200, 'Cibitung Wetan', 1, NULL, NULL),
(15485, 1200, 'Pamijahan', 1, NULL, NULL),
(15486, 1200, 'Pasarean', 1, NULL, NULL),
(15487, 1200, 'Gunung Menyan', 1, NULL, NULL),
(15488, 1200, 'Cimayang', 1, NULL, NULL),
(15489, 1201, 'Situ Udik', 1, NULL, NULL),
(15490, 1201, 'Situ Ilir', 1, NULL, NULL),
(15491, 1201, 'Cibatok 2', 1, NULL, NULL),
(15492, 1201, 'Ciaruten Udik', 1, NULL, NULL),
(15493, 1201, 'Cibatok 1', 1, NULL, NULL),
(15494, 1201, 'Sukamaju', 1, NULL, NULL),
(15495, 1201, 'Cemplang', 1, NULL, NULL),
(15496, 1201, 'Galuga', 1, NULL, NULL),
(15497, 1201, 'Dukuh', 1, NULL, NULL),
(15498, 1201, 'Cimanggu 2', 1, NULL, NULL),
(15499, 1201, 'Cimanggu 1', 1, NULL, NULL),
(15500, 1201, 'Girimulya', 1, NULL, NULL),
(15501, 1201, 'Leuweung Kolot', 1, NULL, NULL),
(15502, 1201, 'Ciaruten Ilir', 1, NULL, NULL),
(15503, 1201, 'Cijujung', 1, NULL, NULL),
(15507, 1202, 'Ciampea Udik', 1, NULL, NULL),
(15511, 1202, 'Cinangka', 1, NULL, NULL),
(15512, 1202, 'Cibuntu', 1, NULL, NULL),
(15513, 1202, 'Cicadas', 1, NULL, NULL),
(15514, 1202, 'Tegal Waru', 1, NULL, NULL),
(15515, 1202, 'Bojong Jengkol', 1, NULL, NULL),
(15516, 1202, 'Cihideung Udik', 1, NULL, NULL),
(15517, 1202, 'Cihideung Ilir', 1, NULL, NULL),
(15518, 1202, 'Cibanteng', 1, NULL, NULL),
(15519, 1202, 'Bojong Rangkas', 1, NULL, NULL),
(15520, 1202, 'Cibadak', 1, NULL, NULL),
(15521, 1202, 'Benteng', 1, NULL, NULL),
(15522, 1202, 'Ciampea', 1, NULL, NULL),
(15523, 1203, 'Purwasari', 1, NULL, NULL),
(15524, 1203, 'Petir', 1, NULL, NULL),
(15525, 1203, 'Sukadamai', 1, NULL, NULL),
(15526, 1203, 'Sukawening', 1, NULL, NULL),
(15527, 1203, 'Neglasari', 1, NULL, NULL),
(15528, 1203, 'Sinar Sari', 1, NULL, NULL),
(15529, 1203, 'Ciherang', 1, NULL, NULL),
(15530, 1203, 'Dramaga', 1, NULL, NULL),
(15531, 1203, 'Babakan', 1, NULL, NULL),
(15532, 1203, 'Cikarawang', 1, NULL, NULL),
(15533, 1204, 'Kota Batu', 1, NULL, NULL),
(15534, 1204, 'Mekarjaya', 1, NULL, NULL),
(15535, 1204, 'Parakan', 1, NULL, NULL),
(15536, 1204, 'Ciomas', 1, NULL, NULL),
(15537, 1204, 'Pagelaran', 1, NULL, NULL),
(15538, 1204, 'Sukamakmur', 1, NULL, NULL),
(15539, 1204, 'Ciapus', 1, NULL, NULL),
(15540, 1204, 'Sukaharja', 1, NULL, NULL),
(15541, 1204, 'Padasuka', 1, NULL, NULL),
(15542, 1204, 'Ciomas Rahayu', 1, NULL, NULL),
(15543, 1204, 'Laladon', 1, NULL, NULL),
(15544, 1205, 'Sukajadi', 1, NULL, NULL),
(15545, 1205, 'Sukaluyu', 1, NULL, NULL),
(15546, 1205, 'Sukajaya', 1, NULL, NULL),
(15547, 1205, 'Sukaresmi', 1, NULL, NULL),
(15548, 1205, 'Pasir Eurih', 1, NULL, NULL),
(15549, 1205, 'Taman Sari', 1, NULL, NULL),
(15550, 1205, 'Sukamantri', 1, NULL, NULL),
(15551, 1205, 'Sirnagalih', 1, NULL, NULL),
(15561, 1206, 'Warung Menteng', 1, NULL, NULL),
(15562, 1206, 'Cijeruk', 1, NULL, NULL),
(15563, 1206, 'Cipelang', 1, NULL, NULL),
(15564, 1206, 'Cibalung', 1, NULL, NULL),
(15565, 1206, 'Cipicung', 1, NULL, NULL),
(15566, 1206, 'Tanjung Sari', 1, NULL, NULL),
(15567, 1206, 'Tajur Halang', 1, NULL, NULL),
(15568, 1206, 'Palasari', 1, NULL, NULL),
(15569, 1206, 'Sukaharja', 1, NULL, NULL),
(15570, 1207, 'Pasir Buncir', 1, NULL, NULL),
(15571, 1207, 'Cinagara', 1, NULL, NULL),
(15572, 1207, 'Tangkil', 1, NULL, NULL),
(15573, 1207, 'Pasir Muncang', 1, NULL, NULL),
(15574, 1207, 'Muara Jaya', 1, NULL, NULL),
(15575, 1207, 'Caringin', 1, NULL, NULL),
(15576, 1207, 'Lemah Duhur', 1, NULL, NULL),
(15577, 1207, 'Cimande', 1, NULL, NULL),
(15578, 1207, 'Pancawati', 1, NULL, NULL),
(15579, 1207, 'Ciderum', 1, NULL, NULL),
(15580, 1207, 'Ciherang Pondok', 1, NULL, NULL),
(15581, 1207, 'Cimande Hilir', 1, NULL, NULL),
(15582, 1208, 'Cileungsi', 1, NULL, NULL),
(15583, 1208, 'Citapen', 1, NULL, NULL),
(15584, 1208, 'Cibedug', 1, NULL, NULL),
(15585, 1208, 'Bojong Murni', 1, NULL, NULL),
(15586, 1208, 'Jambu Luwuk', 1, NULL, NULL),
(15587, 1208, 'Banjar Sari', 1, NULL, NULL),
(15588, 1208, 'Banjar Wangi', 1, NULL, NULL),
(15589, 1208, 'Bitung Sari', 1, NULL, NULL),
(15590, 1208, 'Teluk Pinang', 1, NULL, NULL),
(15591, 1208, 'Banjar Waru', 1, NULL, NULL),
(15592, 1208, 'Ciawi', 1, NULL, NULL),
(15593, 1208, 'Bendungan', 1, NULL, NULL),
(15594, 1208, 'Pandansari', 1, NULL, NULL),
(15595, 1209, 'Citeko', 1, NULL, NULL),
(15596, 1209, 'Cibeureum', 1, NULL, NULL),
(15597, 1209, 'Tugu Selatan', 1, NULL, NULL),
(15598, 1209, 'Tugu Utara', 1, NULL, NULL),
(15599, 1209, 'Batu Layang', 1, NULL, NULL),
(15600, 1209, 'Cisarua', 1, NULL, NULL),
(15601, 1209, 'Kopo', 1, NULL, NULL),
(15602, 1209, 'Leuwimalang', 1, NULL, NULL),
(15603, 1209, 'Jogjogan', 1, NULL, NULL),
(15604, 1209, 'Cilember', 1, NULL, NULL),
(15605, 1210, 'Sukaresmi', 1, NULL, NULL),
(15606, 1210, 'Sukagalih', 1, NULL, NULL),
(15607, 1210, 'Kuta', 1, NULL, NULL),
(15608, 1210, 'Sukakarya', 1, NULL, NULL),
(15609, 1210, 'Sukamanah', 1, NULL, NULL),
(15610, 1210, 'Sukamaju', 1, NULL, NULL),
(15611, 1210, 'Sukamahi', 1, NULL, NULL),
(15612, 1210, 'Gadog', 1, NULL, NULL),
(15613, 1210, 'Cipayung Datar', 1, NULL, NULL),
(15614, 1210, 'Cipayung Girang', 1, NULL, NULL),
(15615, 1210, 'Megamendung', 1, NULL, NULL),
(15616, 1211, 'Cibanon', 1, NULL, NULL),
(15617, 1211, 'Gunung Geulis', 1, NULL, NULL),
(15618, 1211, 'Nagrak', 1, NULL, NULL),
(15619, 1211, 'Sukatani', 1, NULL, NULL),
(15620, 1211, 'Sukaraja', 1, NULL, NULL),
(15621, 1211, 'Cikeas', 1, NULL, NULL),
(15622, 1211, 'Cadas Ngampar', 1, NULL, NULL),
(15623, 1211, 'Pasirlaja', 1, NULL, NULL),
(15624, 1211, 'Cijujung', 1, NULL, NULL),
(15625, 1211, 'Cimandala', 1, NULL, NULL),
(15626, 1211, 'Pasir Jambu', 1, NULL, NULL),
(15627, 1211, 'Cilebut Timur', 1, NULL, NULL),
(15628, 1211, 'Cilebut Barat', 1, NULL, NULL),
(15629, 1212, 'Cijayanti', 1, NULL, NULL),
(15630, 1212, 'Bojong Koneng', 1, NULL, NULL),
(15631, 1212, 'Karang Tengah', 1, NULL, NULL),
(15632, 1212, 'Sumur Batu', 1, NULL, NULL),
(15633, 1212, 'Babakan Madang', 1, NULL, NULL),
(15634, 1212, 'Citaringgul', 1, NULL, NULL),
(15635, 1212, 'Cipambuan', 1, NULL, NULL),
(15636, 1212, 'Kadumangu', 1, NULL, NULL),
(15637, 1212, 'Sentul', 1, NULL, NULL),
(15638, 1213, 'Sukawangi', 1, NULL, NULL),
(15639, 1213, 'Sukaharja', 1, NULL, NULL),
(15640, 1213, 'Wargajaya', 1, NULL, NULL),
(15641, 1213, 'Sirnajaya', 1, NULL, NULL),
(15642, 1213, 'Sukamulya', 1, NULL, NULL),
(15643, 1213, 'Sukamakmur', 1, NULL, NULL),
(15644, 1213, 'Cibadak', 1, NULL, NULL),
(15645, 1213, 'Pabuaran', 1, NULL, NULL),
(15646, 1213, 'Sukadamai', 1, NULL, NULL),
(15647, 1213, 'Sukaresmi', 1, NULL, NULL),
(15658, 1214, 'Karya Mekar', 1, NULL, NULL),
(15659, 1214, 'Bantar Kuning', 1, NULL, NULL),
(15660, 1214, 'Cikutamahi', 1, NULL, NULL),
(15661, 1214, 'Cibatu Tiga', 1, NULL, NULL),
(15662, 1214, 'Mekarwangi', 1, NULL, NULL),
(15663, 1214, 'Tegal Panjang', 1, NULL, NULL),
(15664, 1214, 'Cariu', 1, NULL, NULL),
(15665, 1214, 'Kuta Mekar', 1, NULL, NULL),
(15666, 1214, 'Sukajadi', 1, NULL, NULL),
(15667, 1214, 'Babakan Raden', 1, NULL, NULL),
(15668, 1215, 'Sukajaya', 1, NULL, NULL),
(15669, 1215, 'Sukanegara', 1, NULL, NULL),
(15670, 1215, 'Cibodas', 1, NULL, NULL),
(15671, 1215, 'Singasari', 1, NULL, NULL),
(15672, 1215, 'Singajaya', 1, NULL, NULL),
(15673, 1215, 'Sukasirna', 1, NULL, NULL),
(15674, 1215, 'Balekambang', 1, NULL, NULL),
(15675, 1215, 'Bendungan', 1, NULL, NULL),
(15676, 1215, 'Sirnagalih', 1, NULL, NULL),
(15677, 1215, 'Jonggol', 1, NULL, NULL),
(15678, 1215, 'Sukamaju', 1, NULL, NULL),
(15679, 1215, 'Sukamanah', 1, NULL, NULL),
(15680, 1215, 'Weninggalih', 1, NULL, NULL),
(15681, 1216, 'Dayeuh', 1, NULL, NULL),
(15682, 1216, 'Mampir', 1, NULL, NULL),
(15683, 1216, 'Setu Sari', 1, NULL, NULL),
(15684, 1216, 'Cipeucang', 1, NULL, NULL),
(15685, 1216, 'Jatisari', 1, NULL, NULL),
(15686, 1216, 'Gandoang', 1, NULL, NULL),
(15687, 1216, 'Mekarsari', 1, NULL, NULL),
(15688, 1216, 'Cileungsi Kidul', 1, NULL, NULL),
(15689, 1216, 'Cileungsi', 1, NULL, NULL),
(15690, 1216, 'Limus Nunggal', 1, NULL, NULL),
(15691, 1216, 'Pasir Angin', 1, NULL, NULL),
(15692, 1216, 'Cipenjo', 1, NULL, NULL),
(15693, 1217, 'Leuwikaret', 1, NULL, NULL),
(15694, 1217, 'Lulut', 1, NULL, NULL),
(15695, 1217, 'Bantar Jati', 1, NULL, NULL),
(15696, 1217, 'Nambo', 1, NULL, NULL),
(15697, 1217, 'Kembang Kuning', 1, NULL, NULL),
(15698, 1217, 'Kelapa Nunggal', 1, NULL, NULL),
(15699, 1217, 'Ligarmukti', 1, NULL, NULL),
(15700, 1217, 'Bojong', 1, NULL, NULL),
(15701, 1217, 'Cikahuripan', 1, NULL, NULL),
(15702, 1218, 'Karanggan', 1, NULL, NULL),
(15703, 1218, 'Gunung Putri', 1, NULL, NULL),
(15704, 1218, 'Tlajung Udik', 1, NULL, NULL),
(15705, 1218, 'Bojong Nangka', 1, NULL, NULL),
(15706, 1218, 'Cicadas', 1, NULL, NULL),
(15707, 1218, 'Wanaherang', 1, NULL, NULL),
(15708, 1218, 'Cikeas Udik', 1, NULL, NULL),
(15709, 1218, 'Nagrak', 1, NULL, NULL),
(15710, 1218, 'Ciangsana', 1, NULL, NULL),
(15711, 1218, 'Bojong Kulur', 1, NULL, NULL),
(15712, 1219, 'Tangkil', 1, NULL, NULL),
(15713, 1219, 'Hambalang', 1, NULL, NULL),
(15714, 1219, 'Tajur', 1, NULL, NULL),
(15715, 1219, 'Pasir Mukti', 1, NULL, NULL),
(15716, 1219, 'Sukahati', 1, NULL, NULL),
(15717, 1219, 'Leuwinutug', 1, NULL, NULL),
(15718, 1219, 'Sanja', 1, NULL, NULL),
(15719, 1219, 'Karang Asem Barat', 1, NULL, NULL),
(15720, 1219, 'Karang Asem Timur', 1, NULL, NULL),
(15721, 1219, 'Tarikolot', 1, NULL, NULL),
(15722, 1219, 'Gunung Sari', 1, NULL, NULL),
(15723, 1219, 'Citeureup', 1, NULL, NULL),
(15724, 1219, 'Puspanegara', 1, NULL, NULL),
(15725, 1219, 'Puspasari', 1, NULL, NULL),
(15726, 1220, 'Karadenan', 1, NULL, NULL),
(15727, 1220, 'Nanggewer', 1, NULL, NULL),
(15728, 1220, 'Nanggewer Mekar', 1, NULL, NULL),
(15729, 1220, 'Cibinong', 1, NULL, NULL),
(15730, 1220, 'Pakansari', 1, NULL, NULL),
(15731, 1220, 'Sukahati', 1, NULL, NULL),
(15732, 1220, 'Tengah', 1, NULL, NULL),
(15733, 1220, 'Pondok Rajeg', 1, NULL, NULL),
(15734, 1220, 'Harapan Jaya', 1, NULL, NULL),
(15735, 1220, 'Pabuaran', 1, NULL, NULL),
(15736, 1220, 'Cirimekar', 1, NULL, NULL),
(15737, 1220, 'Ciriung', 1, NULL, NULL),
(15739, 1221, 'Cimanggis', 1, NULL, NULL),
(15740, 1221, 'Waringin Jaya', 1, NULL, NULL),
(15741, 1221, 'Kedung Waringin', 1, NULL, NULL),
(15742, 1221, 'Bojong Gede', 1, NULL, NULL),
(15748, 1221, 'Susukan', 1, NULL, NULL),
(15749, 1221, 'Bojong Baru', 1, NULL, NULL),
(15750, 1221, 'Rawa Panjang', 1, NULL, NULL),
(15751, 1221, 'Pabuaran', 1, NULL, NULL),
(15752, 1221, 'Ragajaya', 1, NULL, NULL),
(15754, 1222, 'Semplak Barat', 1, NULL, NULL),
(15755, 1222, 'Atang Senjaya', 1, NULL, NULL),
(15756, 1222, 'Parakan Jaya', 1, NULL, NULL),
(15757, 1222, 'Bojong', 1, NULL, NULL),
(15758, 1222, 'Kemang', 1, NULL, NULL),
(15759, 1222, 'Pabuaran', 1, NULL, NULL),
(15760, 1222, 'Tegal', 1, NULL, NULL),
(15761, 1222, 'Pondok Udik', 1, NULL, NULL),
(15762, 1222, 'Jampang', 1, NULL, NULL),
(15763, 1223, 'Mekarsari', 1, NULL, NULL),
(15764, 1223, 'Ranca Bungur', 1, NULL, NULL),
(15765, 1223, 'Pasir Gaok', 1, NULL, NULL),
(15766, 1223, 'Bantarjaya', 1, NULL, NULL),
(15767, 1223, 'Bantar Sari', 1, NULL, NULL),
(15768, 1223, 'Candali', 1, NULL, NULL),
(15769, 1224, 'Iwul', 1, NULL, NULL),
(15770, 1224, 'Jabon Mekar', 1, NULL, NULL),
(15771, 1224, 'Pamager Sari', 1, NULL, NULL),
(15772, 1224, 'Parung', 1, NULL, NULL),
(15773, 1224, 'Waru', 1, NULL, NULL),
(15774, 1224, 'Warujaya', 1, NULL, NULL),
(15775, 1224, 'Bojong Sempu', 1, NULL, NULL),
(15776, 1224, 'Bojong Indah', 1, NULL, NULL),
(15777, 1224, 'Cogreg', 1, NULL, NULL),
(15778, 1225, 'Karihkil', 1, NULL, NULL),
(15779, 1225, 'Cibeuteung Udik', 1, NULL, NULL),
(15780, 1225, 'Babakan', 1, NULL, NULL),
(15781, 1225, 'Putat Nutug', 1, NULL, NULL),
(15782, 1225, 'Cibeuteung Muara', 1, NULL, NULL),
(15783, 1225, 'Cibentang', 1, NULL, NULL),
(15784, 1225, 'Parigi Mekar', 1, NULL, NULL),
(15785, 1225, 'Ciseeng', 1, NULL, NULL),
(15786, 1225, 'Cihowe', 1, NULL, NULL),
(15787, 1225, 'Kuripan', 1, NULL, NULL),
(15788, 1226, 'Jampang', 1, NULL, NULL),
(15789, 1226, 'Cibadung', 1, NULL, NULL),
(15790, 1226, 'Cibinong', 1, NULL, NULL),
(15791, 1226, 'Cidokom', 1, NULL, NULL),
(15792, 1226, 'Padurenan', 1, NULL, NULL),
(15793, 1226, 'Curug', 1, NULL, NULL),
(15794, 1226, 'Rawakalong', 1, NULL, NULL),
(15795, 1226, 'Pengasinan', 1, NULL, NULL),
(15796, 1226, 'Gunung Sindur', 1, NULL, NULL),
(15797, 1226, 'Pabuaran', 1, NULL, NULL),
(15798, 1227, 'Leuwibatu', 1, NULL, NULL),
(15799, 1227, 'Cidokom', 1, NULL, NULL),
(15800, 1227, 'Gobang', 1, NULL, NULL),
(15801, 1227, 'Rabak', 1, NULL, NULL),
(15802, 1227, 'Cibodas', 1, NULL, NULL),
(15803, 1227, 'Kampung Sawah', 1, NULL, NULL),
(15804, 1227, 'Rumpin', 1, NULL, NULL),
(15805, 1227, 'Cipinang', 1, NULL, NULL),
(15806, 1227, 'Sukasari', 1, NULL, NULL),
(15807, 1227, 'Kertajaya', 1, NULL, NULL),
(15808, 1227, 'Taman Sari', 1, NULL, NULL),
(15809, 1227, 'Sukamulya', 1, NULL, NULL),
(15810, 1227, 'Mekar Sari', 1, NULL, NULL),
(15811, 1228, 'Sukaraksa', 1, NULL, NULL),
(15812, 1228, 'Sukamaju', 1, NULL, NULL),
(15813, 1228, 'Cigudeg', 1, NULL, NULL),
(15814, 1228, 'Banyu Resmi', 1, NULL, NULL),
(15815, 1228, 'Wargajaya', 1, NULL, NULL),
(15816, 1228, 'Bunar', 1, NULL, NULL),
(15817, 1228, 'Mekarjaya', 1, NULL, NULL),
(15818, 1228, 'Cintamanik', 1, NULL, NULL),
(15819, 1228, 'Banyu Wangi', 1, NULL, NULL),
(15820, 1228, 'Banyu Asih', 1, NULL, NULL),
(15821, 1228, 'Tegalega', 1, NULL, NULL),
(15822, 1228, 'Batu Jajar', 1, NULL, NULL),
(15823, 1228, 'Rengasjajar', 1, NULL, NULL),
(15824, 1228, 'Bangunjaya', 1, NULL, NULL),
(15825, 1228, 'Argapura', 1, NULL, NULL),
(15826, 1229, 'Cisarua', 1, NULL, NULL),
(15827, 1229, 'Kiarasari', 1, NULL, NULL),
(15828, 1229, 'Kiarapandak', 1, NULL, NULL),
(15829, 1229, 'Harkatjaya', 1, NULL, NULL),
(15830, 1229, 'Sukajaya', 1, NULL, NULL),
(15831, 1229, 'Sipayung', 1, NULL, NULL),
(15832, 1229, 'Sukamulih', 1, NULL, NULL),
(15833, 1229, 'Pasir Madang', 1, NULL, NULL),
(15834, 1229, 'Cileuksa', 1, NULL, NULL),
(15835, 1230, 'Pangradin', 1, NULL, NULL),
(15836, 1230, 'Kalongsawah', 1, NULL, NULL),
(15837, 1230, 'Sipak', 1, NULL, NULL),
(15838, 1230, 'Pamagersari', 1, NULL, NULL),
(15839, 1230, 'Jugala Jaya', 1, NULL, NULL),
(15840, 1230, 'Curug', 1, NULL, NULL),
(15841, 1230, 'Tegal Wangi', 1, NULL, NULL),
(15842, 1230, 'Koleang', 1, NULL, NULL),
(15843, 1230, 'Jasinga', 1, NULL, NULL),
(15844, 1230, 'Setu', 1, NULL, NULL),
(15845, 1230, 'Cikopomayak', 1, NULL, NULL),
(15846, 1230, 'Neglasari', 1, NULL, NULL),
(15847, 1230, 'Bagoang', 1, NULL, NULL),
(15848, 1230, 'Barengkok', 1, NULL, NULL),
(15849, 1230, 'Pangaur', 1, NULL, NULL),
(15850, 1231, 'Ciomas', 1, NULL, NULL),
(15851, 1231, 'Tapos', 1, NULL, NULL),
(15852, 1231, 'Batok', 1, NULL, NULL),
(15853, 1231, 'Babakan', 1, NULL, NULL),
(15854, 1231, 'Bojong', 1, NULL, NULL),
(15855, 1231, 'Singabraja', 1, NULL, NULL),
(15856, 1231, 'Tenjo', 1, NULL, NULL),
(15857, 1231, 'Cilaku', 1, NULL, NULL),
(15858, 1231, 'Singabangsa', 1, NULL, NULL),
(15859, 1232, 'Jagabaya', 1, NULL, NULL),
(15860, 1232, 'Gorowong', 1, NULL, NULL),
(15861, 1232, 'Dago', 1, NULL, NULL),
(15862, 1232, 'Cikuda', 1, NULL, NULL),
(15863, 1232, 'Pingku', 1, NULL, NULL),
(15864, 1232, 'Lumpang', 1, NULL, NULL),
(15865, 1232, 'Gintung Cilejet', 1, NULL, NULL),
(15866, 1232, 'Jagabita', 1, NULL, NULL),
(15867, 1232, 'Cibunar', 1, NULL, NULL),
(15868, 1232, 'Parung Panjang', 1, NULL, NULL),
(15869, 1232, 'Kabasiran', 1, NULL, NULL),
(15870, 1233, 'Cibenda', 1, NULL, NULL),
(15871, 1233, 'Ciwaru', 1, NULL, NULL),
(15872, 1233, 'Tamanjaya', 1, NULL, NULL),
(15873, 1233, 'Mekarjaya', 1, NULL, NULL),
(15874, 1233, 'Ciemas', 1, NULL, NULL),
(15875, 1233, 'Girimukti', 1, NULL, NULL),
(15876, 1234, 'Gunungbatu', 1, NULL, NULL),
(15877, 1234, 'Cikangkung', 1, NULL, NULL),
(15878, 1234, 'Purwasedar', 1, NULL, NULL),
(15879, 1234, 'Ciracap', 1, NULL, NULL),
(15880, 1234, 'Pasirpanjang', 1, NULL, NULL),
(15881, 1235, 'Caringin Nunggal', 1, NULL, NULL),
(15882, 1235, 'Waluran', 1, NULL, NULL),
(15883, 1235, 'Sukamukti', 1, NULL, NULL),
(15884, 1236, 'Pasiripis', 1, NULL, NULL),
(15885, 1236, 'Buniwangi', 1, NULL, NULL),
(15886, 1236, 'Cipeundeuy', 1, NULL, NULL),
(15887, 1236, 'Gunung Sungging', 1, NULL, NULL),
(15888, 1236, 'Citanglar', 1, NULL, NULL),
(15889, 1236, 'Jagamukti', 1, NULL, NULL),
(15890, 1236, 'Surade', 1, NULL, NULL),
(15891, 1236, 'Kadaleman', 1, NULL, NULL),
(15892, 1236, 'Wanasari', 1, NULL, NULL),
(15893, 1236, 'Sirnasari', 1, NULL, NULL),
(15894, 1237, 'Cidahu', 1, NULL, NULL),
(15895, 1237, 'Cibitung', 1, NULL, NULL),
(15896, 1237, 'Banyuwangi', 1, NULL, NULL),
(15897, 1237, 'Cibodas', 1, NULL, NULL),
(15898, 1237, 'Banyumurni', 1, NULL, NULL),
(15899, 1237, 'Talagamurni', 1, NULL, NULL),
(15900, 1238, 'Ciparay', 1, NULL, NULL),
(15901, 1238, 'Bojong Genteng', 1, NULL, NULL),
(15902, 1238, 'Bojongsari', 1, NULL, NULL),
(15903, 1238, 'Mekarjaya', 1, NULL, NULL),
(15904, 1238, 'Nagraksari', 1, NULL, NULL),
(15905, 1238, 'Jampang Kulon', 1, NULL, NULL),
(15906, 1238, 'Tanjung', 1, NULL, NULL),
(15907, 1238, 'Padajaya', 1, NULL, NULL),
(15912, 1238, 'Cikarang', 1, NULL, NULL),
(15913, 1238, 'Karanganyar', 1, NULL, NULL),
(15914, 1239, 'Cimahpar', 1, NULL, NULL),
(15915, 1239, 'Sekarsari', 1, NULL, NULL),
(15916, 1239, 'Kalibunder', 1, NULL, NULL),
(15917, 1239, 'Sukaluyu', 1, NULL, NULL),
(15918, 1239, 'Bojong', 1, NULL, NULL),
(15919, 1239, 'Balekambang', 1, NULL, NULL),
(15920, 1240, 'Sumberjaya', 1, NULL, NULL),
(15921, 1240, 'Buniasih', 1, NULL, NULL),
(15922, 1240, 'Tegalbuleud', 1, NULL, NULL),
(15923, 1240, 'Calingcing', 1, NULL, NULL),
(15924, 1240, 'Rambay', 1, NULL, NULL),
(15925, 1240, 'Nangela', 1, NULL, NULL),
(15926, 1240, 'Bangbayang', 1, NULL, NULL),
(15927, 1241, 'Cidolog', 1, NULL, NULL),
(15928, 1241, 'Mekarjaya', 1, NULL, NULL),
(15929, 1241, 'Cikarang', 1, NULL, NULL),
(15930, 1241, 'Cipamingkis', 1, NULL, NULL),
(15931, 1241, 'Tegallega', 1, NULL, NULL),
(15932, 1242, 'Sinar Bentang', 1, NULL, NULL),
(15933, 1242, 'Gunung Bentang', 1, NULL, NULL),
(15934, 1242, 'Pasanggrahan', 1, NULL, NULL),
(15935, 1242, 'Curugluhur', 1, NULL, NULL),
(15936, 1242, 'Datarnangka', 1, NULL, NULL),
(15937, 1242, 'Sagaranten', 1, NULL, NULL),
(15938, 1242, 'Margaluyu', 1, NULL, NULL),
(15939, 1242, 'Cibitung', 1, NULL, NULL),
(15940, 1242, 'Hegarmanah', 1, NULL, NULL),
(15941, 1242, 'Cibaregbeg', 1, NULL, NULL),
(15942, 1242, 'Puncakmanggis', 1, NULL, NULL),
(15943, 1243, 'Hegarmulya', 1, NULL, NULL),
(15944, 1243, 'Cidadap', 1, NULL, NULL),
(15945, 1243, 'Padasenang', 1, NULL, NULL),
(15946, 1243, 'Banjarsari', 1, NULL, NULL),
(15947, 1244, 'Cimenteng', 1, NULL, NULL),
(15948, 1244, 'Curugkembar', 1, NULL, NULL),
(15949, 1244, 'Tanjungsari', 1, NULL, NULL),
(15950, 1244, 'Sindangraja', 1, NULL, NULL),
(15951, 1245, 'Sukajaya', 1, NULL, NULL),
(15952, 1245, 'Ciwalat', 1, NULL, NULL),
(15953, 1245, 'Pabuaran', 1, NULL, NULL),
(15954, 1245, 'Cibadak', 1, NULL, NULL),
(15955, 1245, 'Sirnasari', 1, NULL, NULL),
(15956, 1245, 'Bantarsari', 1, NULL, NULL),
(15957, 1246, 'Langkapjaya', 1, NULL, NULL),
(15958, 1246, 'Cilangkap', 1, NULL, NULL),
(15959, 1246, 'Lengkong', 1, NULL, NULL),
(15960, 1246, 'Tegallega', 1, NULL, NULL),
(15961, 1246, 'Neglasari', 1, NULL, NULL),
(15962, 1247, 'Citarik', 1, NULL, NULL),
(15963, 1247, 'Pelabuhanratu', 1, NULL, NULL),
(15964, 1247, 'Citepus', 1, NULL, NULL),
(15965, 1247, 'Cibodas', 1, NULL, NULL),
(15966, 1247, 'Buniwangi', 1, NULL, NULL),
(15967, 1247, 'Cikadu', 1, NULL, NULL),
(15968, 1247, 'Pasirsuren', 1, NULL, NULL),
(15969, 1247, 'Tonjong', 1, NULL, NULL),
(15970, 1248, 'Cihaur', 1, NULL, NULL),
(15971, 1248, 'Kertajaya', 1, NULL, NULL),
(15972, 1248, 'Loji', 1, NULL, NULL),
(15973, 1248, 'Cidadap', 1, NULL, NULL),
(15974, 1248, 'Cibuntu', 1, NULL, NULL),
(15975, 1248, 'Mekarasih', 1, NULL, NULL),
(15976, 1249, 'Hegarmanah', 1, NULL, NULL),
(15977, 1249, 'Bantarkalong', 1, NULL, NULL),
(15978, 1249, 'Sirnajaya', 1, NULL, NULL),
(15979, 1249, 'Bojongkerta', 1, NULL, NULL),
(15980, 1249, 'Ubrug', 1, NULL, NULL),
(15981, 1249, 'Girijaya', 1, NULL, NULL),
(15982, 1249, 'Warungkiara', 1, NULL, NULL),
(15983, 1250, 'Bantargebang', 1, NULL, NULL),
(15984, 1250, 'Bojonggaling', 1, NULL, NULL),
(15985, 1250, 'Bantargadung', 1, NULL, NULL),
(15986, 1250, 'Mangunjaya', 1, NULL, NULL),
(15987, 1250, 'Limusnunggal', 1, NULL, NULL),
(15988, 1251, 'Bantarpanjang', 1, NULL, NULL),
(15989, 1251, 'Bojongtipar', 1, NULL, NULL),
(15990, 1251, 'Cijulang', 1, NULL, NULL),
(15991, 1251, 'Nangerang', 1, NULL, NULL),
(15992, 1251, 'Bojong Jengkol', 1, NULL, NULL),
(15993, 1251, 'Bantar Agung', 1, NULL, NULL),
(15994, 1251, 'Jampang Tengah', 1, NULL, NULL),
(15995, 1251, 'Panumbangan', 1, NULL, NULL),
(15996, 1251, 'Sindangresmi', 1, NULL, NULL),
(15997, 1251, 'Tanjungsari', 1, NULL, NULL),
(15998, 1251, 'Padabeunghar', 1, NULL, NULL),
(15999, 1252, 'Neglasari', 1, NULL, NULL),
(16000, 1252, 'Cicukang', 1, NULL, NULL),
(16001, 1252, 'Margaluyu', 1, NULL, NULL),
(16002, 1252, 'Purabaya', 1, NULL, NULL),
(16003, 1252, 'Pagelaran', 1, NULL, NULL),
(16004, 1252, 'Citamiang', 1, NULL, NULL),
(16005, 1252, 'Cimerang', 1, NULL, NULL),
(16006, 1253, 'Sukamaju', 1, NULL, NULL),
(16007, 1253, 'Cibatu', 1, NULL, NULL),
(16008, 1253, 'Parakanlima', 1, NULL, NULL),
(16009, 1253, 'Kertaraharja', 1, NULL, NULL),
(16010, 1253, 'Bojong', 1, NULL, NULL),
(16011, 1253, 'Bojongkembar', 1, NULL, NULL),
(16012, 1253, 'Cikembar', 1, NULL, NULL),
(16013, 1253, 'Cimanggu', 1, NULL, NULL),
(16014, 1253, 'Sukamulya', 1, NULL, NULL),
(16015, 1254, 'Cisitu', 1, NULL, NULL),
(16016, 1254, 'Nyalindung', 1, NULL, NULL),
(16017, 1254, 'Kertaangsana', 1, NULL, NULL),
(16018, 1254, 'Mekarsari', 1, NULL, NULL),
(16019, 1254, 'Bojongkalong', 1, NULL, NULL),
(16020, 1254, 'Bojongsari', 1, NULL, NULL),
(16021, 1254, 'Sukamaju', 1, NULL, NULL),
(16022, 1254, 'Wangunreja', 1, NULL, NULL),
(16023, 1254, 'Neglasari', 1, NULL, NULL),
(16024, 1254, 'Cijangkar', 1, NULL, NULL),
(16025, 1255, 'Ciengang', 1, NULL, NULL),
(16026, 1255, 'Sukamanah', 1, NULL, NULL),
(16027, 1255, 'Gegerbitung', 1, NULL, NULL),
(16028, 1255, 'Cijurey', 1, NULL, NULL),
(16029, 1255, 'Karangjaya', 1, NULL, NULL),
(16030, 1255, 'Buniwangi', 1, NULL, NULL),
(16031, 1255, 'Caringin', 1, NULL, NULL),
(16032, 1256, 'Selawangi', 1, NULL, NULL),
(16033, 1256, 'Pasirhalang', 1, NULL, NULL),
(16034, 1256, 'Sukaraja', 1, NULL, NULL),
(16035, 1256, 'Sukamekar', 1, NULL, NULL),
(16036, 1256, 'Cisarua', 1, NULL, NULL),
(16037, 1256, 'Limbangan', 1, NULL, NULL),
(16038, 1256, 'Langensari', 1, NULL, NULL),
(16039, 1256, 'Selaawi', 1, NULL, NULL),
(16040, 1256, 'Margaluyu', 1, NULL, NULL),
(16041, 1257, 'Sasagaran', 1, NULL, NULL),
(16042, 1257, 'Jambenenggang', 1, NULL, NULL),
(16043, 1257, 'Cikaret', 1, NULL, NULL),
(16044, 1257, 'Kebonpedes', 1, NULL, NULL),
(16045, 1257, 'Bojongsawah', 1, NULL, NULL),
(16046, 1258, 'Cipurut', 1, NULL, NULL),
(16047, 1258, 'Cireunghas', 1, NULL, NULL),
(16048, 1258, 'Bencoy', 1, NULL, NULL),
(16049, 1258, 'Cikurutug', 1, NULL, NULL),
(16050, 1258, 'Tegalpanjang', 1, NULL, NULL),
(16051, 1259, 'Semplak', 1, NULL, NULL),
(16052, 1259, 'Prianganjaya', 1, NULL, NULL),
(16053, 1259, 'Titisan', 1, NULL, NULL),
(16054, 1259, 'Cimangkok', 1, NULL, NULL),
(16055, 1259, 'Sukalarang', 1, NULL, NULL),
(16056, 1259, 'Sukamaju', 1, NULL, NULL),
(16057, 1260, 'Parungseah', 1, NULL, NULL),
(16058, 1260, 'Warnasari', 1, NULL, NULL),
(16059, 1260, 'Sukajaya', 1, NULL, NULL),
(16060, 1260, 'Sudajaya Girang', 1, NULL, NULL),
(16061, 1260, 'Karawang', 1, NULL, NULL),
(16062, 1261, 'Muaradua', 1, NULL, NULL),
(16063, 1261, 'Citamiang', 1, NULL, NULL),
(16064, 1261, 'Cikahuripan', 1, NULL, NULL),
(16065, 1261, 'Sukamanis', 1, NULL, NULL),
(16066, 1261, 'Kadudampit', 1, NULL, NULL),
(16067, 1261, 'Gede Pangrango', 1, NULL, NULL),
(16068, 1261, 'Sukamaju', 1, NULL, NULL),
(16069, 1261, 'Cipetir', 1, NULL, NULL),
(16070, 1261, 'Undrus Binangun', 1, NULL, NULL),
(16071, 1262, 'Padaasih', 1, NULL, NULL),
(16072, 1262, 'Cisaat', 1, NULL, NULL),
(16073, 1262, 'Babakan', 1, NULL, NULL),
(16074, 1262, 'Sukamantri', 1, NULL, NULL),
(16075, 1262, 'Sukamanah', 1, NULL, NULL),
(16076, 1262, 'Nagrak', 1, NULL, NULL),
(16077, 1262, 'Cibatu', 1, NULL, NULL),
(16078, 1262, 'Cibolang Kaler', 1, NULL, NULL),
(16079, 1262, 'Kutasirna', 1, NULL, NULL),
(16080, 1262, 'Selajambe', 1, NULL, NULL),
(16081, 1262, 'Sukasari', 1, NULL, NULL),
(16082, 1262, 'Gunungjaya', 1, NULL, NULL),
(16083, 1262, 'Sukaresmi', 1, NULL, NULL),
(16084, 1263, 'Sirnaresmi', 1, NULL, NULL),
(16085, 1263, 'Kebonmanggu', 1, NULL, NULL),
(16086, 1263, 'Gunung Guruh', 1, NULL, NULL),
(16087, 1263, 'Cikujang', 1, NULL, NULL),
(16088, 1263, 'Cibentang', 1, NULL, NULL),
(16089, 1263, 'Cibolang', 1, NULL, NULL),
(16090, 1264, 'Neglasari', 1, NULL, NULL),
(16091, 1264, 'Tenjojaya', 1, NULL, NULL),
(16092, 1264, 'Sekarwangi', 1, NULL, NULL),
(16093, 1264, 'Batununggal', 1, NULL, NULL),
(16094, 1264, 'Karangtengah', 1, NULL, NULL),
(16095, 1264, 'Cibadak', 1, NULL, NULL),
(16096, 1264, 'Warnajati', 1, NULL, NULL),
(16097, 1264, 'Sukasirna', 1, NULL, NULL),
(16098, 1264, 'Pamuruyan', 1, NULL, NULL),
(16099, 1264, 'Ciheulang Tonggoh', 1, NULL, NULL),
(16100, 1265, 'Hegarmanah', 1, NULL, NULL),
(16101, 1265, 'Cicantayan', 1, NULL, NULL),
(16102, 1265, 'Cimahi', 1, NULL, NULL),
(16103, 1265, 'Cisande', 1, NULL, NULL),
(16104, 1265, 'Cijalingan', 1, NULL, NULL),
(16105, 1265, 'Lembursawah', 1, NULL, NULL),
(16106, 1266, 'Cijengkol', 1, NULL, NULL),
(16107, 1266, 'Mekarjaya', 1, NULL, NULL),
(16108, 1266, 'Talaga', 1, NULL, NULL),
(16109, 1266, 'Caringin Kulon', 1, NULL, NULL),
(16110, 1266, 'Caringin Wetan', 1, NULL, NULL),
(16111, 1266, 'Seuseupan', 1, NULL, NULL),
(16112, 1266, 'Sukamulya', 1, NULL, NULL),
(16113, 1266, 'Cikembang', 1, NULL, NULL),
(16114, 1267, 'Cisarua', 1, NULL, NULL),
(16115, 1267, 'Balekambang', 1, NULL, NULL),
(16116, 1267, 'Nagrak Selatan', 1, NULL, NULL),
(16117, 1267, 'Nagrak Utara', 1, NULL, NULL),
(16118, 1267, 'Kalaparea', 1, NULL, NULL),
(16119, 1267, 'Darmareja', 1, NULL, NULL),
(16120, 1267, 'Girijaya', 1, NULL, NULL),
(16121, 1267, 'Babakan Panjang', 1, NULL, NULL),
(16122, 1267, 'Pawenang', 1, NULL, NULL),
(16123, 1267, 'Cihanyawar', 1, NULL, NULL),
(16128, 1268, 'Mekarsari', 1, NULL, NULL),
(16129, 1268, 'Nyangkowek', 1, NULL, NULL),
(16130, 1268, 'Purwasari', 1, NULL, NULL),
(16131, 1268, 'Caringin', 1, NULL, NULL),
(16132, 1268, 'Bangbayang', 1, NULL, NULL),
(16133, 1268, 'Cisaat', 1, NULL, NULL),
(16134, 1268, 'Tenjolaya', 1, NULL, NULL),
(16135, 1268, 'Pasawahan', 1, NULL, NULL),
(16136, 1268, 'Cicurug', 1, NULL, NULL),
(16137, 1268, 'Nanggerang', 1, NULL, NULL),
(16138, 1268, 'Tenjoayu', 1, NULL, NULL),
(16139, 1268, 'Benda', 1, NULL, NULL),
(16140, 1268, 'Kutajaya', 1, NULL, NULL),
(16141, 1269, 'Pondok Kaso Tengah', 1, NULL, NULL),
(16142, 1269, 'Pasirdoton', 1, NULL, NULL),
(16143, 1269, 'Pondok Kaso Tonggoh', 1, NULL, NULL),
(16144, 1269, 'Babakan Pari', 1, NULL, NULL),
(16145, 1269, 'Tangkil', 1, NULL, NULL),
(16146, 1269, 'Jayabakti', 1, NULL, NULL),
(16147, 1269, 'Cidahu', 1, NULL, NULL),
(16148, 1269, 'Girijaya', 1, NULL, NULL),
(16149, 1270, 'Sukatani', 1, NULL, NULL),
(16150, 1270, 'Sukakersa', 1, NULL, NULL),
(16151, 1270, 'Bojonglongok', 1, NULL, NULL),
(16152, 1270, 'Bojongasih', 1, NULL, NULL),
(16153, 1270, 'Lebaksari', 1, NULL, NULL),
(16154, 1270, 'Parakansalak', 1, NULL, NULL),
(16155, 1271, 'Palasari Hilir', 1, NULL, NULL),
(16156, 1271, 'Sundawenang', 1, NULL, NULL),
(16157, 1271, 'Parungkuda', 1, NULL, NULL),
(16158, 1271, 'Langensari', 1, NULL, NULL),
(16159, 1271, 'Bojong Kokosan', 1, NULL, NULL),
(16160, 1271, 'Kompa', 1, NULL, NULL),
(16161, 1271, 'Pondok Kaso Landeuh', 1, NULL, NULL),
(16162, 1271, 'Babakanjaya', 1, NULL, NULL),
(16163, 1272, 'Berekah', 1, NULL, NULL),
(16164, 1272, 'Bojong Genteng', 1, NULL, NULL),
(16165, 1272, 'Bojong Galing', 1, NULL, NULL),
(16166, 1272, 'Cibodas', 1, NULL, NULL),
(16167, 1272, 'Cipanengah', 1, NULL, NULL),
(16168, 1273, 'Walangsari', 1, NULL, NULL),
(16169, 1273, 'Palasari Girang', 1, NULL, NULL),
(16170, 1273, 'Kalapanunggal', 1, NULL, NULL),
(16171, 1273, 'Kadununggal', 1, NULL, NULL),
(16172, 1273, 'Makasari', 1, NULL, NULL),
(16173, 1273, 'Gunung Endut', 1, NULL, NULL),
(16174, 1273, 'Pulosari', 1, NULL, NULL),
(16175, 1274, 'Sampora', 1, NULL, NULL),
(16176, 1274, 'Cijambe', 1, NULL, NULL),
(16177, 1274, 'Cikiray', 1, NULL, NULL),
(16178, 1274, 'Mekarnangka', 1, NULL, NULL),
(16179, 1274, 'Cikidang', 1, NULL, NULL),
(16180, 1274, 'Gunung Malang', 1, NULL, NULL),
(16181, 1274, 'Nangkakoneng', 1, NULL, NULL),
(16182, 1274, 'Pangkalan', 1, NULL, NULL),
(16183, 1274, 'Bumisari', 1, NULL, NULL),
(16184, 1274, 'Cicareuh', 1, NULL, NULL),
(16185, 1274, 'Tamansari', 1, NULL, NULL),
(16186, 1275, 'Pasirbaru', 1, NULL, NULL),
(16187, 1275, 'Cikahuripan', 1, NULL, NULL),
(16188, 1275, 'Cisolok', 1, NULL, NULL),
(16189, 1275, 'Karangpapak', 1, NULL, NULL),
(16190, 1275, 'Sirnaresmi', 1, NULL, NULL),
(16191, 1275, 'Cicadas', 1, NULL, NULL),
(16192, 1275, 'Cikelat', 1, NULL, NULL),
(16193, 1275, 'Gunung Kramat', 1, NULL, NULL),
(16194, 1275, 'Gunung Tanjung', 1, NULL, NULL),
(16195, 1275, 'Caringin', 1, NULL, NULL),
(16196, 1276, 'Cimaja', 1, NULL, NULL),
(16197, 1276, 'Cikakak', 1, NULL, NULL),
(16198, 1276, 'Sukamaju', 1, NULL, NULL),
(16199, 1276, 'Cileungsing', 1, NULL, NULL),
(16200, 1276, 'Ridogalih', 1, NULL, NULL),
(16201, 1276, 'Margalaksana', 1, NULL, NULL),
(16202, 1276, 'Sirnarasa', 1, NULL, NULL),
(16203, 1277, 'Mekarjaya', 1, NULL, NULL),
(16204, 1277, 'Tugubandung', 1, NULL, NULL),
(16205, 1277, 'Kabandungan', 1, NULL, NULL),
(16206, 1277, 'Cipeuteuy', 1, NULL, NULL),
(16207, 1277, 'Cihamerang', 1, NULL, NULL),
(16208, 1278, 'Sinarlaut', 1, NULL, NULL),
(16209, 1278, 'Bojongkaso', 1, NULL, NULL),
(16210, 1278, 'Sukamanah', 1, NULL, NULL),
(16211, 1278, 'Wanasari', 1, NULL, NULL),
(16212, 1278, 'Karangsari', 1, NULL, NULL),
(16213, 1278, 'Neglasari', 1, NULL, NULL),
(16214, 1278, 'Mulyasari', 1, NULL, NULL),
(16215, 1278, 'Bunisari', 1, NULL, NULL),
(16216, 1279, 'Pusakasari', 1, NULL, NULL),
(16217, 1279, 'Nagasari', 1, NULL, NULL),
(16218, 1279, 'Sukajaya', 1, NULL, NULL),
(16219, 1279, 'Sukamulya', 1, NULL, NULL),
(16220, 1279, 'Purabaya', 1, NULL, NULL),
(16221, 1279, 'Sukasirna', 1, NULL, NULL),
(16222, 1279, 'Walahir', 1, NULL, NULL),
(16223, 1279, 'Puncakwangi', 1, NULL, NULL),
(16224, 1279, 'Sirnasari', 1, NULL, NULL),
(16225, 1279, 'Karyamukti', 1, NULL, NULL),
(16226, 1279, 'Mandalawangi', 1, NULL, NULL),
(16227, 1280, 'Hegarsari', 1, NULL, NULL),
(16228, 1280, 'Jatisari', 1, NULL, NULL),
(16229, 1280, 'Kertasari', 1, NULL, NULL),
(16230, 1280, 'Talagasari', 1, NULL, NULL),
(16231, 1280, 'Sirnagalih', 1, NULL, NULL),
(16232, 1280, 'Saganten', 1, NULL, NULL),
(16233, 1280, 'Jayagiri', 1, NULL, NULL),
(16234, 1280, 'Muaracikadu', 1, NULL, NULL),
(16235, 1280, 'Girimukti', 1, NULL, NULL),
(16236, 1281, 'Karyabakti', 1, NULL, NULL),
(16237, 1281, 'Sukapura', 1, NULL, NULL),
(16238, 1281, 'Cisalak', 1, NULL, NULL),
(16239, 1281, 'Jayapura', 1, NULL, NULL),
(16240, 1281, 'Kertajadi', 1, NULL, NULL),
(16241, 1281, 'Cidamar', 1, NULL, NULL),
(16242, 1281, 'Karangwangi', 1, NULL, NULL),
(16243, 1281, 'Cimaragang', 1, NULL, NULL),
(16244, 1281, 'Gelarpawitan', 1, NULL, NULL),
(16245, 1281, 'Neglasari', 1, NULL, NULL),
(16246, 1281, 'Cibuluh', 1, NULL, NULL),
(16247, 1281, 'Puncakbaru', 1, NULL, NULL),
(16248, 1281, 'Mekarjaya', 1, NULL, NULL),
(16249, 1282, 'Cinerang', 1, NULL, NULL),
(16250, 1282, 'Wangunjaya', 1, NULL, NULL),
(16251, 1282, 'Mekarsari', 1, NULL, NULL),
(16252, 1282, 'Wangunsari', 1, NULL, NULL),
(16253, 1282, 'Malati', 1, NULL, NULL),
(16254, 1282, 'Sukamulya', 1, NULL, NULL),
(16255, 1282, 'Naringgul', 1, NULL, NULL),
(16256, 1282, 'Wanasari', 1, NULL, NULL),
(16257, 1282, 'Sukabakti', 1, NULL, NULL),
(16258, 1282, 'Balegede', 1, NULL, NULL),
(16259, 1283, 'Panyindangan', 1, NULL, NULL),
(16260, 1283, 'Wargaluyu', 1, NULL, NULL),
(16261, 1283, 'Hamerang', 1, NULL, NULL),
(16262, 1283, 'Pananggapan', 1, NULL, NULL),
(16263, 1283, 'Girijaya', 1, NULL, NULL),
(16264, 1283, 'Sukajadi', 1, NULL, NULL),
(16265, 1283, 'Sukamekar', 1, NULL, NULL),
(16266, 1283, 'Batulawang', 1, NULL, NULL),
(16267, 1283, 'Cikangkareng', 1, NULL, NULL),
(16268, 1283, 'Pamoyanan', 1, NULL, NULL),
(16269, 1283, 'Cimaskara', 1, NULL, NULL),
(16270, 1283, 'Padasuka', 1, NULL, NULL),
(16271, 1284, 'Padaluyu', 1, NULL, NULL),
(16272, 1284, 'Sukaluyu', 1, NULL, NULL),
(16273, 1284, 'Mekarlaksana', 1, NULL, NULL),
(16274, 1284, 'Cikadu', 1, NULL, NULL),
(16275, 1284, 'Kalapanunggal', 1, NULL, NULL),
(16276, 1284, 'Mekarwangi', 1, NULL, NULL),
(16277, 1284, 'Cisaranten', 1, NULL, NULL),
(16278, 1284, 'Sukamulya', 1, NULL, NULL),
(16279, 1285, 'Karangtengah', 1, NULL, NULL),
(16280, 1285, 'Rawagede', 1, NULL, NULL),
(16281, 1285, 'Sukajaya', 1, NULL, NULL),
(16282, 1285, 'Tanggeung', 1, NULL, NULL),
(16283, 1285, 'Kertajaya', 1, NULL, NULL),
(16284, 1285, 'Sirnajaya', 1, NULL, NULL),
(16285, 1285, 'Pasir Jambu', 1, NULL, NULL),
(16286, 1285, 'Cilongsong', 1, NULL, NULL),
(16287, 1285, 'Margaluyu', 1, NULL, NULL),
(16288, 1285, 'Pagermaneuh', 1, NULL, NULL),
(16289, 1285, 'Bojongpetir', 1, NULL, NULL),
(16290, 1285, 'Padaluyu', 1, NULL, NULL),
(16295, 1286, 'Pasirdalem', 1, NULL, NULL),
(16296, 1286, 'Sukaraja', 1, NULL, NULL),
(16297, 1286, 'Kadupandak', 1, NULL, NULL),
(16298, 1286, 'Talagasari', 1, NULL, NULL),
(16299, 1286, 'Neglasari', 1, NULL, NULL),
(16300, 1286, 'Sukakerta', 1, NULL, NULL),
(16301, 1286, 'Sukaraharja', 1, NULL, NULL),
(16302, 1286, 'Bojongkasih', 1, NULL, NULL),
(16303, 1286, 'Sukasari', 1, NULL, NULL),
(16304, 1286, 'Wargasari', 1, NULL, NULL),
(16305, 1286, 'Wargaasih', 1, NULL, NULL),
(16306, 1286, 'Sukaresmi', 1, NULL, NULL),
(16307, 1287, 'Padaasih', 1, NULL, NULL),
(16308, 1287, 'Sukaluyu', 1, NULL, NULL),
(16309, 1287, 'Sinarbakti', 1, NULL, NULL),
(16310, 1287, 'Bojonglarang', 1, NULL, NULL),
(16311, 1287, 'Sukamahi', 1, NULL, NULL),
(16312, 1287, 'Cijati', 1, NULL, NULL),
(16313, 1287, 'Cibodas', 1, NULL, NULL),
(16314, 1287, 'Caringin', 1, NULL, NULL),
(16315, 1287, 'Parakantugu', 1, NULL, NULL),
(16316, 1288, 'Waringinsari', 1, NULL, NULL),
(16317, 1288, 'Sukagalih', 1, NULL, NULL),
(16318, 1288, 'Simpang', 1, NULL, NULL),
(16319, 1288, 'Sindanghayu', 1, NULL, NULL),
(16320, 1288, 'Sindangresmi', 1, NULL, NULL),
(16321, 1288, 'Bungbangsari', 1, NULL, NULL),
(16322, 1288, 'Cisujen', 1, NULL, NULL),
(16323, 1288, 'Pasawahan', 1, NULL, NULL),
(16324, 1288, 'Hegarmanah', 1, NULL, NULL),
(16325, 1289, 'Jayagiri', 1, NULL, NULL),
(16326, 1289, 'Ciguha', 1, NULL, NULL),
(16327, 1289, 'Sukakarya', 1, NULL, NULL),
(16328, 1289, 'Sukarame', 1, NULL, NULL),
(16329, 1289, 'Sukalaksana', 1, NULL, NULL),
(16330, 1289, 'Sukanagara', 1, NULL, NULL),
(16331, 1289, 'Gunungsari', 1, NULL, NULL),
(16332, 1289, 'Sindangsari', 1, NULL, NULL),
(16333, 1289, 'Sukajembar', 1, NULL, NULL),
(16334, 1289, 'Sukamekar', 1, NULL, NULL),
(16335, 1290, 'Kertaraharja', 1, NULL, NULL),
(16336, 1290, 'Pagelaran', 1, NULL, NULL),
(16337, 1290, 'Padamaju', 1, NULL, NULL),
(16342, 1290, 'Buniwangi', 1, NULL, NULL),
(16343, 1290, 'Bunijaya', 1, NULL, NULL),
(16344, 1290, 'Pangadegan', 1, NULL, NULL),
(16345, 1290, 'Situhiang', 1, NULL, NULL),
(16346, 1290, 'Pasirbaru', 1, NULL, NULL),
(16347, 1290, 'Sindangkerta', 1, NULL, NULL),
(16348, 1290, 'Karangharja', 1, NULL, NULL),
(16349, 1290, 'Selagedang', 1, NULL, NULL),
(16350, 1290, 'Gelar Anyar', 1, NULL, NULL),
(16351, 1290, 'Mekarsari', 1, NULL, NULL),
(16352, 1291, 'Wangunjaya', 1, NULL, NULL),
(16353, 1291, 'Sukadana', 1, NULL, NULL),
(16354, 1291, 'Karyamukti', 1, NULL, NULL),
(16355, 1291, 'Cimenteng', 1, NULL, NULL),
(16356, 1291, 'Girimukti', 1, NULL, NULL),
(16357, 1291, 'Susukan', 1, NULL, NULL),
(16358, 1291, 'Sukajadi', 1, NULL, NULL),
(16359, 1291, 'Margaluyu', 1, NULL, NULL),
(16360, 1291, 'Mekarjaya', 1, NULL, NULL),
(16361, 1291, 'Cidadap', 1, NULL, NULL),
(16362, 1291, 'Campaka', 1, NULL, NULL),
(16363, 1292, 'Campakawarna', 1, NULL, NULL),
(16364, 1292, 'Campakamulya', 1, NULL, NULL),
(16365, 1292, 'Sukabungah', 1, NULL, NULL),
(16366, 1292, 'Cibanggala', 1, NULL, NULL),
(16367, 1292, 'Sukasirna', 1, NULL, NULL),
(16368, 1293, 'Cibokor', 1, NULL, NULL),
(16369, 1293, 'Kanoman', 1, NULL, NULL),
(16370, 1293, 'Cipetir', 1, NULL, NULL),
(16371, 1293, 'Cikondang', 1, NULL, NULL),
(16372, 1293, 'Cihaur', 1, NULL, NULL),
(16373, 1293, 'Sukamanah', 1, NULL, NULL),
(16374, 1293, 'Salagedang', 1, NULL, NULL),
(16375, 1293, 'Cibadak', 1, NULL, NULL),
(16376, 1293, 'Girimulya', 1, NULL, NULL),
(16377, 1293, 'Cimanggu', 1, NULL, NULL),
(16378, 1293, 'Cisalak', 1, NULL, NULL),
(16379, 1293, 'Mayak', 1, NULL, NULL),
(16380, 1293, 'Peuteuycondong', 1, NULL, NULL),
(16381, 1293, 'Sukaraharja', 1, NULL, NULL),
(16382, 1293, 'Sukamaju', 1, NULL, NULL),
(16383, 1293, 'Cibaregbeg', 1, NULL, NULL),
(16384, 1293, 'Karangnunggal', 1, NULL, NULL),
(16385, 1293, 'Salamnunggal', 1, NULL, NULL),
(16386, 1294, 'Cisarandi', 1, NULL, NULL),
(16387, 1294, 'Sukamulya', 1, NULL, NULL),
(16388, 1294, 'Cikaroya', 1, NULL, NULL),
(16389, 1294, 'Jambudipa', 1, NULL, NULL),
(16390, 1294, 'Mekarwangi', 1, NULL, NULL),
(16391, 1294, 'Tegallega', 1, NULL, NULL),
(16392, 1294, 'Bunikasih', 1, NULL, NULL),
(16393, 1294, 'Bunisari', 1, NULL, NULL),
(16394, 1294, 'Cieundeur', 1, NULL, NULL),
(16395, 1294, 'Ciwalen', 1, NULL, NULL),
(16396, 1294, 'Sukawangi', 1, NULL, NULL),
(16397, 1295, 'Cintaasih', 1, NULL, NULL),
(16398, 1295, 'Cikancana', 1, NULL, NULL),
(16399, 1295, 'Sukaratu', 1, NULL, NULL),
(16400, 1295, 'Bangbayang', 1, NULL, NULL),
(16401, 1295, 'Songgom', 1, NULL, NULL),
(16402, 1295, 'Cikahuripan', 1, NULL, NULL),
(16403, 1295, 'Gekbrong', 1, NULL, NULL),
(16404, 1295, 'Kebonpeuteuy', 1, NULL, NULL),
(16405, 1296, 'Sukasari', 1, NULL, NULL),
(16406, 1296, 'Sukakerta', 1, NULL, NULL),
(16407, 1296, 'Sindangsari', 1, NULL, NULL),
(16408, 1296, 'Mulyasari', 1, NULL, NULL),
(16409, 1296, 'Ciharashas', 1, NULL, NULL),
(16410, 1296, 'Cibinong Hilir', 1, NULL, NULL),
(16411, 1296, 'Sirnagalih', 1, NULL, NULL),
(16412, 1296, 'Rahong', 1, NULL, NULL),
(16413, 1296, 'Munjul', 1, NULL, NULL),
(16414, 1296, 'Rancagoong', 1, NULL, NULL),
(16415, 1297, 'Mekarjaya', 1, NULL, NULL),
(16416, 1297, 'Panyusuhan', 1, NULL, NULL),
(16417, 1297, 'Sukaluyu', 1, NULL, NULL),
(16418, 1297, 'Sukamulya', 1, NULL, NULL),
(16419, 1297, 'Babakansari', 1, NULL, NULL),
(16420, 1297, 'Tanjungsari', 1, NULL, NULL),
(16421, 1297, 'Selajambe', 1, NULL, NULL),
(16422, 1297, 'Hegarmanah', 1, NULL, NULL),
(16423, 1297, 'Sukasirna', 1, NULL, NULL),
(16424, 1297, 'Sindangraja', 1, NULL, NULL),
(16425, 1298, 'Sukarama', 1, NULL, NULL),
(16426, 1298, 'Sukajaya', 1, NULL, NULL),
(16427, 1298, 'Cikondang', 1, NULL, NULL),
(16428, 1298, 'Jatisari', 1, NULL, NULL),
(16429, 1298, 'Kemang', 1, NULL, NULL),
(16430, 1298, 'Cibarengkok', 1, NULL, NULL),
(16431, 1298, 'Jati', 1, NULL, NULL),
(16432, 1298, 'Bojongpicung', 1, NULL, NULL),
(16433, 1298, 'Sukaratu', 1, NULL, NULL),
(16436, 1298, 'Neglasari', 1, NULL, NULL),
(16437, 1298, 'Hegarmanah', 1, NULL, NULL),
(16444, 1299, 'Karangwangi', 1, NULL, NULL),
(16445, 1299, 'Gunungsari', 1, NULL, NULL),
(16446, 1299, 'Kertajaya', 1, NULL, NULL),
(16447, 1299, 'Sindangjaya', 1, NULL, NULL),
(16448, 1299, 'Sindangsari', 1, NULL, NULL),
(16449, 1299, 'Cibiuk', 1, NULL, NULL),
(16450, 1299, 'Mekargalih', 1, NULL, NULL),
(16451, 1299, 'Ciranjang', 1, NULL, NULL),
(16452, 1299, 'Nanggalamekar', 1, NULL, NULL),
(16453, 1300, 'Mekarjaya', 1, NULL, NULL),
(16454, 1300, 'Leuwikoja', 1, NULL, NULL),
(16455, 1300, 'Kutawaringin', 1, NULL, NULL),
(16456, 1300, 'Sukamanah', 1, NULL, NULL),
(16457, 1300, 'Ciandam', 1, NULL, NULL),
(16458, 1300, 'Jamali', 1, NULL, NULL),
(16459, 1300, 'Kademangan', 1, NULL, NULL),
(16460, 1300, 'Mulyasari', 1, NULL, NULL),
(16461, 1300, 'Bobojong', 1, NULL, NULL),
(16462, 1300, 'Cikidangbayabang', 1, NULL, NULL),
(16463, 1300, 'Murnisari', 1, NULL, NULL),
(16464, 1300, 'Mande', 1, NULL, NULL),
(16465, 1301, 'Sukamanah', 1, NULL, NULL),
(16466, 1301, 'Sindangasih', 1, NULL, NULL),
(16467, 1301, 'Langensari', 1, NULL, NULL),
(16468, 1301, 'Sukasari', 1, NULL, NULL),
(16469, 1301, 'Maleber', 1, NULL, NULL),
(16470, 1301, 'Sabandar', 1, NULL, NULL),
(16471, 1301, 'Bojong', 1, NULL, NULL),
(16472, 1301, 'Hegarmanah', 1, NULL, NULL),
(16473, 1301, 'Babakancaringin', 1, NULL, NULL),
(16474, 1301, 'Ciherang', 1, NULL, NULL),
(16475, 1301, 'Sukajadi', 1, NULL, NULL),
(16476, 1301, 'Sukasarana', 1, NULL, NULL),
(16477, 1301, 'Sukamantri', 1, NULL, NULL),
(16478, 1301, 'Sukamulya', 1, NULL, NULL),
(16479, 1301, 'Sindanglaka', 1, NULL, NULL),
(16480, 1301, 'Sukataris', 1, NULL, NULL),
(16481, 1302, 'Nagrak', 1, NULL, NULL),
(16482, 1302, 'Sukamaju', 1, NULL, NULL),
(16483, 1302, 'Sayang', 1, NULL, NULL),
(16484, 1302, 'Solokpandan', 1, NULL, NULL),
(16485, 1302, 'Muka', 1, NULL, NULL),
(16486, 1302, 'Bojongherang', 1, NULL, NULL),
(16487, 1302, 'Pamoyanan', 1, NULL, NULL),
(16488, 1302, 'Sawah Gede', 1, NULL, NULL),
(16489, 1302, 'Limbangan Sari', 1, NULL, NULL),
(16490, 1302, 'Mekarsari', 1, NULL, NULL),
(16491, 1302, 'Babakankaret', 1, NULL, NULL),
(16492, 1303, 'Padaluyu', 1, NULL, NULL),
(16493, 1303, 'Sukajaya', 1, NULL, NULL),
(16494, 1303, 'Cibulakan', 1, NULL, NULL),
(16495, 1303, 'Cirumput', 1, NULL, NULL),
(16496, 1303, 'Talaga', 1, NULL, NULL),
(16497, 1303, 'Benjot', 1, NULL, NULL),
(16498, 1303, 'Gasol', 1, NULL, NULL),
(16499, 1303, 'Sarampad', 1, NULL, NULL),
(16500, 1303, 'Mangunkerta', 1, NULL, NULL),
(16501, 1303, 'Sukamulya', 1, NULL, NULL),
(16502, 1303, 'Galudra', 1, NULL, NULL),
(16503, 1303, 'Nyalindung', 1, NULL, NULL),
(16504, 1303, 'Cibeureum', 1, NULL, NULL),
(16505, 1303, 'Cijedil', 1, NULL, NULL),
(16506, 1303, 'Sukamanah', 1, NULL, NULL),
(16507, 1303, 'Wangunjaya', 1, NULL, NULL),
(16508, 1304, 'Ciputri', 1, NULL, NULL),
(16509, 1304, 'Ciherang', 1, NULL, NULL),
(16510, 1304, 'Cipendawa', 1, NULL, NULL),
(16511, 1304, 'Cibodas', 1, NULL, NULL),
(16512, 1304, 'Gadog', 1, NULL, NULL),
(16514, 1304, 'Sukanagalih', 1, NULL, NULL),
(16515, 1305, 'Sindangjaya', 1, NULL, NULL),
(16516, 1305, 'Cipanas', 1, NULL, NULL),
(16517, 1305, 'Sindanglaya', 1, NULL, NULL),
(16518, 1305, 'Palasari', 1, NULL, NULL),
(16519, 1305, 'Cimacan', 1, NULL, NULL),
(16520, 1305, 'Ciloto', 1, NULL, NULL),
(16521, 1305, 'Batulawang', 1, NULL, NULL),
(16522, 1306, 'Pakuon', 1, NULL, NULL),
(16523, 1306, 'Cikanyere', 1, NULL, NULL),
(16524, 1306, 'Sukaresmi', 1, NULL, NULL),
(16525, 1306, 'Ciwalen', 1, NULL, NULL),
(16526, 1306, 'Kawungluwuk', 1, NULL, NULL),
(16527, 1306, 'Cibadak', 1, NULL, NULL),
(16528, 1306, 'Rawabelut', 1, NULL, NULL),
(16529, 1306, 'Cibanteng', 1, NULL, NULL),
(16530, 1306, 'Kubang', 1, NULL, NULL),
(16531, 1306, 'Sukamahi', 1, NULL, NULL),
(16532, 1306, 'Cikancana', 1, NULL, NULL),
(16533, 1307, 'Padajaya', 1, NULL, NULL),
(16534, 1307, 'Cinangsi', 1, NULL, NULL),
(16535, 1307, 'Mentengsari', 1, NULL, NULL),
(16536, 1307, 'Gudang', 1, NULL, NULL),
(16537, 1307, 'Sukagalih', 1, NULL, NULL),
(16538, 1307, 'Majalaya', 1, NULL, NULL),
(16539, 1307, 'Cijagang', 1, NULL, NULL),
(16540, 1307, 'Mekarjaya', 1, NULL, NULL),
(16541, 1307, 'Mekar Sari', 1, NULL, NULL),
(16542, 1307, 'Sukamulya', 1, NULL, NULL),
(16543, 1307, 'Mekargalih', 1, NULL, NULL),
(16544, 1307, 'Neglasari', 1, NULL, NULL),
(16545, 1307, 'Lembahsari', 1, NULL, NULL),
(16546, 1307, 'Warudoyong', 1, NULL, NULL),
(16547, 1307, 'Kamurang', 1, NULL, NULL),
(16548, 1307, 'Cirama Girang', 1, NULL, NULL),
(16549, 1307, 'Mekar Mulya', 1, NULL, NULL),
(16550, 1307, 'Cigunungherang', 1, NULL, NULL),
(16551, 1308, 'Nengkelan', 1, NULL, NULL),
(16552, 1308, 'Sukawening', 1, NULL, NULL),
(16558, 1309, 'Cipelah', 1, NULL, NULL),
(16559, 1309, 'Sukaresmi', 1, NULL, NULL),
(16560, 1309, 'Indragiri', 1, NULL, NULL),
(16561, 1309, 'Patengan', 1, NULL, NULL),
(16562, 1309, 'Alamendah', 1, NULL, NULL),
(16563, 1310, 'Sugihmukti', 1, NULL, NULL),
(16564, 1310, 'Margamulya', 1, NULL, NULL),
(16565, 1310, 'Tenjolaya', 1, NULL, NULL),
(16566, 1310, 'Cisondari', 1, NULL, NULL),
(16567, 1310, 'Mekarsari', 1, NULL, NULL),
(16568, 1310, 'Cibodas', 1, NULL, NULL),
(16569, 1310, 'Cukanggenteng', 1, NULL, NULL),
(16570, 1310, 'Pasirjambu', 1, NULL, NULL),
(16571, 1310, 'Mekarmaju', 1, NULL, NULL),
(16572, 1310, 'Cikoneng', 1, NULL, NULL),
(16573, 1311, 'Cikalong', 1, NULL, NULL),
(16574, 1311, 'Mekarsari', 1, NULL, NULL),
(16575, 1311, 'Cipinang', 1, NULL, NULL),
(16576, 1311, 'Cimaung', 1, NULL, NULL),
(16577, 1311, 'Campakamulya', 1, NULL, NULL),
(16578, 1311, 'Pasirhuni', 1, NULL, NULL),
(16579, 1311, 'Jagabaya', 1, NULL, NULL),
(16580, 1311, 'Malasari', 1, NULL, NULL),
(16581, 1311, 'Sukamaju', 1, NULL, NULL),
(16582, 1312, 'Wanasuka', 1, NULL, NULL),
(16583, 1312, 'Banjarsari', 1, NULL, NULL),
(16584, 1312, 'Margaluyu', 1, NULL, NULL),
(16585, 1312, 'Sukaluyu', 1, NULL, NULL),
(16586, 1312, 'Warnasari', 1, NULL, NULL),
(16587, 1312, 'Pulosari', 1, NULL, NULL),
(16588, 1312, 'Margamekar', 1, NULL, NULL),
(16589, 1312, 'Sukamanah', 1, NULL, NULL),
(16590, 1312, 'Margamukti', 1, NULL, NULL),
(16591, 1312, 'Pangalengan', 1, NULL, NULL),
(16592, 1312, 'Margamulya', 1, NULL, NULL),
(16593, 1312, 'Tribaktimulya', 1, NULL, NULL),
(16594, 1312, 'Lamajang', 1, NULL, NULL),
(16595, 1313, 'Neglawangi', 1, NULL, NULL),
(16596, 1313, 'Santosa', 1, NULL, NULL),
(16597, 1313, 'Tarumajaya', 1, NULL, NULL),
(16598, 1313, 'Cikembang', 1, NULL, NULL),
(16599, 1313, 'Cibeureum', 1, NULL, NULL),
(16600, 1313, 'Cihawuk', 1, NULL, NULL),
(16601, 1313, 'Sukapura', 1, NULL, NULL),
(16602, 1314, 'Cikitu', 1, NULL, NULL),
(16603, 1314, 'Girimulya', 1, NULL, NULL),
(16604, 1314, 'Sukarame', 1, NULL, NULL),
(16605, 1314, 'Cikawao', 1, NULL, NULL),
(16606, 1314, 'Nagrak', 1, NULL, NULL),
(16607, 1314, 'Mandalahaji', 1, NULL, NULL),
(16608, 1314, 'Maruyung', 1, NULL, NULL),
(16609, 1314, 'Pangauban', 1, NULL, NULL),
(16610, 1314, 'Cinanggela', 1, NULL, NULL),
(16611, 1314, 'Mekarjaya', 1, NULL, NULL),
(16612, 1314, 'Mekarsari', 1, NULL, NULL),
(16613, 1314, 'Cipeujeuh', 1, NULL, NULL),
(16614, 1314, 'Tanjungwangi', 1, NULL, NULL),
(16615, 1315, 'Neglasari', 1, NULL, NULL),
(16616, 1315, 'Dukuh', 1, NULL, NULL),
(16617, 1315, 'Ibun', 1, NULL, NULL),
(16618, 1315, 'Laksana', 1, NULL, NULL),
(16619, 1315, 'Mekarwangi', 1, NULL, NULL),
(16620, 1315, 'Sudi', 1, NULL, NULL),
(16621, 1315, 'Cibeet', 1, NULL, NULL),
(16622, 1315, 'Pangguh', 1, NULL, NULL),
(16623, 1315, 'Karyalaksana', 1, NULL, NULL),
(16624, 1315, 'Lampegan', 1, NULL, NULL),
(16625, 1315, 'Talun', 1, NULL, NULL),
(16626, 1315, 'Tanggulun', 1, NULL, NULL),
(16627, 1316, 'Loa', 1, NULL, NULL),
(16628, 1316, 'Drawati', 1, NULL, NULL),
(16629, 1316, 'Cipaku', 1, NULL, NULL),
(16630, 1316, 'Sindangsari', 1, NULL, NULL),
(16631, 1316, 'Sukamantri', 1, NULL, NULL),
(16632, 1316, 'Sukamanah', 1, NULL, NULL),
(16633, 1316, 'Mekarpawitan', 1, NULL, NULL),
(16634, 1316, 'Cijagra', 1, NULL, NULL),
(16635, 1316, 'Tangsimekar', 1, NULL, NULL),
(16636, 1316, 'Cipedes', 1, NULL, NULL),
(16637, 1316, 'Karangtunggal', 1, NULL, NULL),
(16638, 1316, 'Cigentur', 1, NULL, NULL),
(16639, 1317, 'Srirahayu', 1, NULL, NULL),
(16640, 1317, 'Ciluluk', 1, NULL, NULL),
(16641, 1317, 'Mekarlaksana', 1, NULL, NULL),
(16642, 1317, 'Cihanyir', 1, NULL, NULL),
(16643, 1317, 'Cikancung', 1, NULL, NULL),
(16644, 1317, 'Mandalasari', 1, NULL, NULL),
(16645, 1317, 'Hegarmanah', 1, NULL, NULL),
(16646, 1317, 'Cikasungka', 1, NULL, NULL),
(16647, 1317, 'Tanjunglaya', 1, NULL, NULL),
(16648, 1318, 'Panenjoan', 1, NULL, NULL),
(16649, 1318, 'Tenjolaya', 1, NULL, NULL),
(16650, 1318, 'Cicalengka Kulon', 1, NULL, NULL),
(16651, 1318, 'Babakanpeuteuy', 1, NULL, NULL),
(16652, 1318, 'Dampit', 1, NULL, NULL),
(16653, 1318, 'Tanjungwangi', 1, NULL, NULL),
(16660, 1319, 'Mandalawangi', 1, NULL, NULL),
(16661, 1319, 'Bojong', 1, NULL, NULL),
(16662, 1319, 'Ciherang', 1, NULL, NULL),
(16663, 1319, 'Ciaro', 1, NULL, NULL),
(16664, 1319, 'Nagreg', 1, NULL, NULL),
(16665, 1319, 'Citaman', 1, NULL, NULL),
(16666, 1320, 'Sukamanah', 1, NULL, NULL),
(16667, 1320, 'Tegalsumedang', 1, NULL, NULL),
(16668, 1320, 'Rancaekek Kulon', 1, NULL, NULL),
(16669, 1320, 'Rancaekek Wetan', 1, NULL, NULL),
(16670, 1320, 'Bojongloa', 1, NULL, NULL),
(16671, 1320, 'Jelegong', 1, NULL, NULL),
(16672, 1320, 'Linggar', 1, NULL, NULL),
(16673, 1320, 'Sukamulya', 1, NULL, NULL),
(16674, 1320, 'Haurpugur', 1, NULL, NULL),
(16675, 1320, 'Sangiang', 1, NULL, NULL),
(16676, 1320, 'Bojongsalam', 1, NULL, NULL),
(16677, 1320, 'Cangkuang', 1, NULL, NULL),
(16678, 1320, 'Nanjungmekar', 1, NULL, NULL),
(16679, 1321, 'Neglasari', 1, NULL, NULL),
(16680, 1321, 'Wangisagara', 1, NULL, NULL),
(16681, 1321, 'Padamulya', 1, NULL, NULL),
(16682, 1321, 'Sukamukti', 1, NULL, NULL),
(16683, 1321, 'Padaulun', 1, NULL, NULL),
(16684, 1321, 'Biru', 1, NULL, NULL),
(16685, 1321, 'Sukamaju', 1, NULL, NULL),
(16686, 1321, 'Majasetra', 1, NULL, NULL),
(16687, 1321, 'Majalaya', 1, NULL, NULL),
(16688, 1321, 'Majakerta', 1, NULL, NULL),
(16689, 1321, 'Bojong', 1, NULL, NULL),
(16690, 1322, 'Panyadap', 1, NULL, NULL),
(16691, 1322, 'Padamukti', 1, NULL, NULL),
(16692, 1322, 'Cibodas', 1, NULL, NULL),
(16693, 1322, 'Langensari', 1, NULL, NULL),
(16694, 1322, 'Solokanjeruk', 1, NULL, NULL),
(16695, 1322, 'Rancakasumba', 1, NULL, NULL),
(16696, 1322, 'Bojongemas', 1, NULL, NULL),
(16697, 1323, 'Babakan', 1, NULL, NULL),
(16698, 1323, 'Cikoneng', 1, NULL, NULL),
(16699, 1323, 'Sigaracipta', 1, NULL, NULL),
(16700, 1323, 'Pakutandang', 1, NULL, NULL),
(16701, 1323, 'Manggungharja', 1, NULL, NULL),
(16702, 1323, 'Mekarsari', 1, NULL, NULL),
(16703, 1323, 'Ciparay', 1, NULL, NULL),
(16704, 1323, 'Sumbersari', 1, NULL, NULL),
(16705, 1323, 'Sarimahi', 1, NULL, NULL),
(16706, 1323, 'Serangmekar', 1, NULL, NULL),
(16707, 1323, 'Gunungleutik', 1, NULL, NULL),
(16708, 1323, 'Ciheulang', 1, NULL, NULL),
(16709, 1324, 'Jelekong', 1, NULL, NULL),
(16710, 1324, 'Manggahang', 1, NULL, NULL),
(16711, 1324, 'Baleendah', 1, NULL, NULL),
(16712, 1324, 'Andir', 1, NULL, NULL),
(16713, 1324, 'Malakasari', 1, NULL, NULL),
(16714, 1324, 'Bojongmalaka', 1, NULL, NULL),
(16715, 1324, 'Rancamanyar', 1, NULL, NULL),
(16716, 1325, 'Batukarut', 1, NULL, NULL),
(16717, 1325, 'Mangunjaya', 1, NULL, NULL),
(16718, 1325, 'Mekarjaya', 1, NULL, NULL),
(16719, 1325, 'Baros', 1, NULL, NULL),
(16720, 1325, 'Lebakwangi', 1, NULL, NULL),
(16721, 1325, 'Wargaluyu', 1, NULL, NULL),
(16722, 1325, 'Arjasari', 1, NULL, NULL),
(16723, 1325, 'Pinggirsari', 1, NULL, NULL),
(16724, 1325, 'Patrolsari', 1, NULL, NULL),
(16725, 1325, 'Rancakole', 1, NULL, NULL),
(16726, 1325, 'Ancolmekar', 1, NULL, NULL),
(16727, 1326, 'Mekarjaya', 1, NULL, NULL),
(16728, 1326, 'Banjaran Wetan', 1, NULL, NULL),
(16729, 1326, 'Ciapus', 1, NULL, NULL);
INSERT INTO `desa` (`id`, `kecamatan_id`, `desa_name`, `publication_status`, `created_at`, `updated_at`) VALUES
(16730, 1326, 'Sindangpanon', 1, NULL, NULL),
(16731, 1326, 'Neglasari', 1, NULL, NULL),
(16732, 1326, 'Margahurip', 1, NULL, NULL),
(16733, 1326, 'Kiangroke', 1, NULL, NULL),
(16734, 1326, 'Kamasan', 1, NULL, NULL),
(16735, 1326, 'Banjaran', 1, NULL, NULL),
(16736, 1326, 'Tarajusari', 1, NULL, NULL),
(16737, 1326, 'Pasirmulya', 1, NULL, NULL),
(16744, 1327, 'Bojongmanggu', 1, NULL, NULL),
(16745, 1327, 'Langonsari', 1, NULL, NULL),
(16746, 1327, 'Sukasari', 1, NULL, NULL),
(16747, 1327, 'Rancamulya', 1, NULL, NULL),
(16748, 1327, 'Rancatungku', 1, NULL, NULL),
(16749, 1327, 'Bojongkunci', 1, NULL, NULL),
(16753, 1328, 'Gandasari', 1, NULL, NULL),
(16754, 1328, 'Katapang', 1, NULL, NULL),
(16755, 1328, 'Cilampeni', 1, NULL, NULL),
(16756, 1328, 'Pangauban', 1, NULL, NULL),
(16757, 1328, 'Banyusari', 1, NULL, NULL),
(16758, 1328, 'Sangkanhurip', 1, NULL, NULL),
(16759, 1328, 'Sukamukti', 1, NULL, NULL),
(16761, 1329, 'Sadu', 1, NULL, NULL),
(16762, 1329, 'Sukajadi', 1, NULL, NULL),
(16763, 1329, 'Sukanagara', 1, NULL, NULL),
(16764, 1329, 'Panyirapan', 1, NULL, NULL),
(16765, 1329, 'Karamatmulya', 1, NULL, NULL),
(16766, 1329, 'Soreang', 1, NULL, NULL),
(16767, 1329, 'Pamekaran', 1, NULL, NULL),
(16854, 1336, 'Nanjung', 1, NULL, NULL),
(16855, 1336, 'Mekar Rahayu', 1, NULL, NULL),
(16856, 1336, 'Rahayu', 1, NULL, NULL),
(16857, 1336, 'Cigondewah Hilir', 1, NULL, NULL),
(16858, 1336, 'Margaasih', 1, NULL, NULL),
(16859, 1336, 'Lagadar', 1, NULL, NULL),
(16860, 1337, 'Sulaeman', 1, NULL, NULL),
(16861, 1337, 'Sukamenak', 1, NULL, NULL),
(16862, 1337, 'Sayati', 1, NULL, NULL),
(16863, 1337, 'Margahayu Selatan', 1, NULL, NULL),
(16864, 1337, 'Margahayu Tengah', 1, NULL, NULL),
(16865, 1338, 'Cangkuang Kulon', 1, NULL, NULL),
(16866, 1338, 'Cangkuang Wetan', 1, NULL, NULL),
(16867, 1338, 'Pasawahan', 1, NULL, NULL),
(16868, 1338, 'Dayeuhkolot', 1, NULL, NULL),
(16869, 1338, 'Citeureup', 1, NULL, NULL),
(16870, 1338, 'Sukapura', 1, NULL, NULL),
(16871, 1339, 'Bojongsari', 1, NULL, NULL),
(16872, 1339, 'Bojongsoang', 1, NULL, NULL),
(16873, 1339, 'Lengkong', 1, NULL, NULL),
(16874, 1339, 'Cipagalo', 1, NULL, NULL),
(16875, 1339, 'Buahbatu', 1, NULL, NULL),
(16876, 1339, 'Tegalluar', 1, NULL, NULL),
(16877, 1340, 'Cibiru Hilir', 1, NULL, NULL),
(16878, 1340, 'Cinunuk', 1, NULL, NULL),
(16879, 1340, 'Cimekar', 1, NULL, NULL),
(16880, 1340, 'Cileunyi Kulon', 1, NULL, NULL),
(16881, 1340, 'Cileunyi Wetan', 1, NULL, NULL),
(16882, 1340, 'Cibiru Wetan', 1, NULL, NULL),
(16883, 1341, 'Girimekar', 1, NULL, NULL),
(16884, 1341, 'Jatiendah', 1, NULL, NULL),
(16885, 1341, 'Melatiwangi', 1, NULL, NULL),
(16886, 1341, 'Cipanjalu', 1, NULL, NULL),
(16887, 1341, 'Ciporeat', 1, NULL, NULL),
(16888, 1341, 'Cilengkrang', 1, NULL, NULL),
(16889, 1342, 'Cibeunying', 1, NULL, NULL),
(16890, 1342, 'Padasuka', 1, NULL, NULL),
(16891, 1342, 'Mandalamekar', 1, NULL, NULL),
(16892, 1342, 'Cikadut', 1, NULL, NULL),
(16893, 1342, 'Sindanglaya', 1, NULL, NULL),
(16894, 1342, 'Mekarmanik', 1, NULL, NULL),
(16895, 1342, 'Cimenyan', 1, NULL, NULL),
(16896, 1342, 'Mekarsaluyu', 1, NULL, NULL),
(16897, 1342, 'Ciburial', 1, NULL, NULL),
(18874, 1518, 'Cipasung', 1, NULL, NULL),
(18875, 1518, 'Borogojol', 1, NULL, NULL),
(18876, 1518, 'Bangbayang', 1, NULL, NULL),
(18877, 1518, 'Cibulan', 1, NULL, NULL),
(18878, 1518, 'Lemah Putih', 1, NULL, NULL),
(18879, 1518, 'Sadawangi', 1, NULL, NULL),
(18880, 1518, 'Margajaya', 1, NULL, NULL),
(18881, 1518, 'Kalapadua', 1, NULL, NULL),
(18882, 1518, 'Cigaleuh', 1, NULL, NULL),
(18883, 1518, 'Mekarmulya', 1, NULL, NULL),
(18884, 1518, 'Sinargalih', 1, NULL, NULL),
(18885, 1518, 'Padarek', 1, NULL, NULL),
(18886, 1518, 'Sukajadi', 1, NULL, NULL),
(18887, 1518, 'Kepuh', 1, NULL, NULL),
(18888, 1518, 'Mekar Wangi', 1, NULL, NULL),
(18897, 1519, 'Sindanghurip', 1, NULL, NULL),
(18898, 1519, 'Cipeundeuy', 1, NULL, NULL),
(18900, 1519, 'Cimangguhilir', 1, NULL, NULL),
(18901, 1519, 'Salawangi', 1, NULL, NULL),
(18902, 1519, 'Silihwangi', 1, NULL, NULL),
(18903, 1519, 'Wadowetan', 1, NULL, NULL),
(18904, 1519, 'Bantarujeg', 1, NULL, NULL),
(18905, 1519, 'Babakansari', 1, NULL, NULL),
(18906, 1519, 'Gununglarang', 1, NULL, NULL),
(18907, 1519, 'Cikidang', 1, NULL, NULL),
(18908, 1519, 'Cinambo', 1, NULL, NULL),
(18909, 1519, 'Haurgeulis', 1, NULL, NULL),
(18910, 1519, 'Sukamenak', 1, NULL, NULL),
(18911, 1520, 'Cisoka', 1, NULL, NULL),
(18912, 1520, 'Sindangpanji', 1, NULL, NULL),
(18913, 1520, 'Cikijing', 1, NULL, NULL),
(18914, 1520, 'Cidulang', 1, NULL, NULL),
(18915, 1520, 'Sukamukti', 1, NULL, NULL),
(18916, 1520, 'Kasturi', 1, NULL, NULL),
(18917, 1520, 'Banjaransari', 1, NULL, NULL),
(18918, 1520, 'Sindang', 1, NULL, NULL),
(18919, 1520, 'Sukasari', 1, NULL, NULL),
(18920, 1520, 'Sunalari', 1, NULL, NULL),
(18921, 1520, 'Bagjasari', 1, NULL, NULL),
(18922, 1520, 'Jagasari', 1, NULL, NULL),
(18923, 1520, 'Cilangcang', 1, NULL, NULL),
(18924, 1520, 'Kancana', 1, NULL, NULL),
(18925, 1520, 'Cipulus', 1, NULL, NULL),
(18926, 1521, 'Sedaraja', 1, NULL, NULL),
(18927, 1521, 'Cintaasih', 1, NULL, NULL),
(18928, 1521, 'Cidadap', 1, NULL, NULL),
(18929, 1521, 'Maniis', 1, NULL, NULL),
(18930, 1521, 'Rawa', 1, NULL, NULL),
(18931, 1521, 'Nagarakembang', 1, NULL, NULL),
(18932, 1521, 'Wangkelang', 1, NULL, NULL),
(18933, 1521, 'Cimanggugirang', 1, NULL, NULL),
(18934, 1521, 'Ciranjeng', 1, NULL, NULL),
(18935, 1521, 'Cingambul', 1, NULL, NULL),
(18936, 1521, 'Muktisari', 1, NULL, NULL),
(18937, 1521, 'Cikondang', 1, NULL, NULL),
(18938, 1521, 'Kondangmekar', 1, NULL, NULL),
(18939, 1522, 'Margamukti', 1, NULL, NULL),
(18940, 1522, 'Cibeureum', 1, NULL, NULL),
(18941, 1522, 'Cikeusal', 1, NULL, NULL),
(18942, 1522, 'Jatipamor', 1, NULL, NULL),
(18943, 1522, 'Cicanir', 1, NULL, NULL),
(18944, 1522, 'Campaga', 1, NULL, NULL),
(18945, 1522, 'Lampuyang', 1, NULL, NULL),
(18946, 1522, 'Mekarraharja', 1, NULL, NULL),
(18947, 1522, 'Talagakulon', 1, NULL, NULL),
(18948, 1522, 'Talagawetan', 1, NULL, NULL),
(18949, 1522, 'Salado', 1, NULL, NULL),
(18950, 1522, 'Argasari', 1, NULL, NULL),
(18951, 1522, 'Gunungmanik', 1, NULL, NULL),
(18952, 1522, 'Ganeas', 1, NULL, NULL),
(18955, 1523, 'Genteng', 1, NULL, NULL),
(18956, 1523, 'Hegarmanah', 1, NULL, NULL),
(18957, 1523, 'Sindangpala', 1, NULL, NULL),
(18958, 1523, 'Darmalarang', 1, NULL, NULL),
(18959, 1523, 'Suniabaru', 1, NULL, NULL),
(18960, 1523, 'Sangiang', 1, NULL, NULL),
(18961, 1523, 'Sunia', 1, NULL, NULL),
(18962, 1523, 'Kareo', 1, NULL, NULL),
(18963, 1523, 'Banjaran', 1, NULL, NULL),
(18964, 1523, 'Kagok', 1, NULL, NULL),
(18965, 1523, 'Cimeong', 1, NULL, NULL),
(18966, 1523, 'Panyindangan', 1, NULL, NULL),
(18967, 1523, 'Girimulya', 1, NULL, NULL),
(18968, 1524, 'Sagara', 1, NULL, NULL),
(18969, 1524, 'Cibunut', 1, NULL, NULL),
(18970, 1524, 'Tejamulya', 1, NULL, NULL),
(18971, 1524, 'Sukasari Kidul', 1, NULL, NULL),
(18972, 1524, 'Sukasari Kaler', 1, NULL, NULL),
(18973, 1524, 'Sadasari', 1, NULL, NULL),
(18974, 1524, 'Sukadana', 1, NULL, NULL),
(18975, 1524, 'Argamukti', 1, NULL, NULL),
(18976, 1524, 'Argalingga', 1, NULL, NULL),
(18977, 1524, 'Haurseah', 1, NULL, NULL),
(18978, 1524, 'Gunungwangi', 1, NULL, NULL),
(18979, 1524, 'Mekarwangi', 1, NULL, NULL),
(18980, 1524, 'Heubeulisuk', 1, NULL, NULL),
(18981, 1524, 'Cikaracak', 1, NULL, NULL),
(18982, 1525, 'Cihaur', 1, NULL, NULL),
(18983, 1525, 'Wanahayu', 1, NULL, NULL),
(18984, 1525, 'Cengal', 1, NULL, NULL),
(18985, 1525, 'Anggrawati', 1, NULL, NULL),
(18986, 1525, 'Cipicung', 1, NULL, NULL),
(18987, 1525, 'Malongpong', 1, NULL, NULL),
(18988, 1525, 'Tegalsari', 1, NULL, NULL),
(18989, 1525, 'Maja Selatan', 1, NULL, NULL),
(18990, 1525, 'Maja Utara', 1, NULL, NULL),
(18991, 1525, 'Pasanggrahan', 1, NULL, NULL),
(18992, 1525, 'Cieurih', 1, NULL, NULL),
(18993, 1525, 'Kertabasuki', 1, NULL, NULL),
(18994, 1525, 'Sindangkerta', 1, NULL, NULL),
(18995, 1525, 'Banjaran', 1, NULL, NULL),
(18996, 1525, 'Paniis', 1, NULL, NULL),
(18997, 1525, 'Cicalung', 1, NULL, NULL),
(18998, 1525, 'Pageraji', 1, NULL, NULL),
(18999, 1526, 'Babakan Jawa', 1, NULL, NULL),
(19000, 1526, 'Cibodas', 1, NULL, NULL),
(19001, 1526, 'Kulur', 1, NULL, NULL),
(19002, 1526, 'Kawunggirang', 1, NULL, NULL),
(19003, 1526, 'Sindangkasih', 1, NULL, NULL),
(19004, 1526, 'Cicurug', 1, NULL, NULL),
(19005, 1526, 'Majalengka Wetan', 1, NULL, NULL),
(19006, 1526, 'Tonjong', 1, NULL, NULL),
(19007, 1526, 'Tarikolot', 1, NULL, NULL),
(19008, 1526, 'Cikasarung', 1, NULL, NULL),
(19009, 1526, 'Cijati', 1, NULL, NULL),
(19010, 1526, 'Majalengka Kulon', 1, NULL, NULL),
(19011, 1526, 'Munjul', 1, NULL, NULL),
(19012, 1526, 'Sidamukti', 1, NULL, NULL),
(19013, 1527, 'Kawunghilir', 1, NULL, NULL),
(19014, 1527, 'Tajur', 1, NULL, NULL),
(19015, 1527, 'Cigasong', 1, NULL, NULL),
(19016, 1527, 'Simpeureum', 1, NULL, NULL),
(19017, 1527, 'Tenjolayar', 1, NULL, NULL),
(19018, 1527, 'Kutamanggu', 1, NULL, NULL),
(19019, 1527, 'Cicenang', 1, NULL, NULL),
(19020, 1527, 'Baribis', 1, NULL, NULL),
(19021, 1527, 'Batujaya', 1, NULL, NULL),
(19022, 1527, 'Karayunan', 1, NULL, NULL),
(19023, 1528, 'Candrajaya', 1, NULL, NULL),
(19024, 1528, 'Ciomas', 1, NULL, NULL),
(19032, 1528, 'Padahanten', 1, NULL, NULL),
(19033, 1528, 'Sukahaji', 1, NULL, NULL),
(19034, 1528, 'Cikalong', 1, NULL, NULL),
(19035, 1528, 'Babakan Manjeti', 1, NULL, NULL),
(19036, 1528, 'Cikoneng', 1, NULL, NULL),
(19037, 1528, 'Palabuan', 1, NULL, NULL),
(19038, 1528, 'Cikeusik', 1, NULL, NULL),
(19039, 1528, 'Salagedang', 1, NULL, NULL),
(19040, 1528, 'Tanjungsari', 1, NULL, NULL),
(19041, 1528, 'Jayi', 1, NULL, NULL),
(19042, 1528, 'Nanggewer', 1, NULL, NULL),
(19043, 1529, 'Pajajar', 1, NULL, NULL),
(19044, 1529, 'Teja', 1, NULL, NULL),
(19045, 1529, 'Payung', 1, NULL, NULL),
(19046, 1529, 'Sindangpano', 1, NULL, NULL),
(19047, 1529, 'Babakankareo', 1, NULL, NULL),
(19048, 1529, 'Sadomas', 1, NULL, NULL),
(19049, 1529, 'Kumbung', 1, NULL, NULL),
(19050, 1529, 'Rajagaluh Kidul', 1, NULL, NULL),
(19051, 1529, 'Singawada', 1, NULL, NULL),
(19052, 1529, 'Rajagaluh', 1, NULL, NULL),
(19053, 1529, 'Rajagaluh Lor', 1, NULL, NULL),
(19054, 1529, 'Cipinang', 1, NULL, NULL),
(19055, 1529, 'Cisetu', 1, NULL, NULL),
(19056, 1530, 'Bantar Agung', 1, NULL, NULL),
(19057, 1530, 'Padaherang', 1, NULL, NULL),
(19058, 1530, 'Lengkongwetan', 1, NULL, NULL),
(19059, 1530, 'Lengkongkulon', 1, NULL, NULL),
(19060, 1530, 'Jerukleueut', 1, NULL, NULL),
(19061, 1530, 'Sindangwangi', 1, NULL, NULL),
(19062, 1530, 'Buahkapas', 1, NULL, NULL),
(19063, 1530, 'Ujungberung', 1, NULL, NULL),
(19064, 1530, 'Leuwilaja', 1, NULL, NULL),
(19065, 1530, 'Balagedog', 1, NULL, NULL),
(19066, 1531, 'Parakan', 1, NULL, NULL),
(19067, 1531, 'Lame', 1, NULL, NULL),
(19068, 1531, 'Mindi', 1, NULL, NULL),
(19069, 1531, 'Rajawangi', 1, NULL, NULL),
(19070, 1531, 'Leuwikujang', 1, NULL, NULL),
(19071, 1531, 'Nanggerang', 1, NULL, NULL),
(19072, 1531, 'Patuanan', 1, NULL, NULL),
(19073, 1531, 'Tanjungsari', 1, NULL, NULL),
(19074, 1531, 'Karangasem', 1, NULL, NULL),
(19075, 1531, 'Heuleut', 1, NULL, NULL),
(19076, 1531, 'Ciparay', 1, NULL, NULL),
(19077, 1531, 'Leuwimunding', 1, NULL, NULL),
(19078, 1531, 'Mirat', 1, NULL, NULL),
(19079, 1531, 'Parungjaya', 1, NULL, NULL),
(19080, 1532, 'Weragati', 1, NULL, NULL),
(19081, 1532, 'Trajaya', 1, NULL, NULL),
(19082, 1532, 'Tarikolot', 1, NULL, NULL),
(19083, 1532, 'Sindanghaji', 1, NULL, NULL),
(19084, 1532, 'Enggalwangi', 1, NULL, NULL),
(19085, 1532, 'Buniwangi', 1, NULL, NULL),
(19086, 1532, 'Palasah', 1, NULL, NULL),
(19087, 1532, 'Pasir', 1, NULL, NULL),
(19088, 1532, 'Waringin', 1, NULL, NULL),
(19089, 1532, 'Karamat', 1, NULL, NULL),
(19090, 1532, 'Sindangwasa', 1, NULL, NULL),
(19091, 1532, 'Cisambeng', 1, NULL, NULL),
(19092, 1532, 'Majasuka', 1, NULL, NULL),
(19093, 1533, 'Pinangraja', 1, NULL, NULL),
(19094, 1533, 'Sukaraja Kulon', 1, NULL, NULL),
(19095, 1533, 'Sukaraja Wetan', 1, NULL, NULL),
(19096, 1533, 'Cibentar', 1, NULL, NULL),
(19097, 1533, 'Leuwenggede', 1, NULL, NULL),
(19098, 1533, 'Andir', 1, NULL, NULL),
(19099, 1533, 'Cicadas', 1, NULL, NULL),
(19100, 1533, 'Burujul Wetan', 1, NULL, NULL),
(19101, 1533, 'Burujul Kulon', 1, NULL, NULL),
(19102, 1533, 'Mekarsari', 1, NULL, NULL),
(19103, 1533, 'Jatiwangi', 1, NULL, NULL),
(19104, 1533, 'Surawangi', 1, NULL, NULL),
(19105, 1533, 'Jatisura', 1, NULL, NULL),
(19106, 1533, 'Sutawangi', 1, NULL, NULL),
(19107, 1533, 'Ciborelang', 1, NULL, NULL),
(19108, 1533, 'Loji', 1, NULL, NULL),
(19119, 1534, 'Bojongcideres', 1, NULL, NULL),
(19120, 1534, 'Dawuan', 1, NULL, NULL),
(19121, 1534, 'Genteng', 1, NULL, NULL),
(19122, 1534, 'Gandu', 1, NULL, NULL),
(19123, 1534, 'Sinarjati', 1, NULL, NULL),
(19124, 1534, 'Baturuyuk', 1, NULL, NULL),
(19125, 1534, 'Mandapa', 1, NULL, NULL),
(19126, 1534, 'Balida', 1, NULL, NULL),
(19127, 1534, 'Pasirmalati', 1, NULL, NULL),
(19128, 1534, 'Karanganyar', 1, NULL, NULL),
(19129, 1534, 'Salawana', 1, NULL, NULL),
(19130, 1535, 'Cijurey', 1, NULL, NULL),
(19131, 1535, 'Pasirmuncang', 1, NULL, NULL),
(19132, 1535, 'Jatipamor', 1, NULL, NULL),
(19133, 1535, 'Bantrangsana', 1, NULL, NULL),
(19134, 1535, 'Jatiserang', 1, NULL, NULL),
(19135, 1535, 'Bonang', 1, NULL, NULL),
(19136, 1535, 'Leuwiseeng', 1, NULL, NULL),
(19137, 1535, 'Karyamukti', 1, NULL, NULL),
(19138, 1535, 'Panyingkiran', 1, NULL, NULL),
(19139, 1536, 'Liangjulang', 1, NULL, NULL),
(19140, 1536, 'Heuleut', 1, NULL, NULL),
(19141, 1536, 'Cipaku', 1, NULL, NULL),
(19142, 1536, 'Kadipaten', 1, NULL, NULL),
(19143, 1536, 'Babakan Anyar', 1, NULL, NULL),
(19144, 1536, 'Karangsambung', 1, NULL, NULL),
(19145, 1536, 'Pagandon', 1, NULL, NULL),
(19146, 1537, 'Mekarjaya', 1, NULL, NULL),
(19147, 1537, 'Palasah', 1, NULL, NULL),
(19148, 1537, 'Pakubeureum', 1, NULL, NULL),
(19149, 1537, 'Sukawana', 1, NULL, NULL),
(19150, 1537, 'Kertawinangun', 1, NULL, NULL),
(19151, 1537, 'Babakan', 1, NULL, NULL),
(19152, 1537, 'Kertajati', 1, NULL, NULL),
(19153, 1537, 'Kertasari', 1, NULL, NULL),
(19154, 1537, 'Mekarmulya', 1, NULL, NULL),
(19155, 1537, 'Sukamulya', 1, NULL, NULL),
(19156, 1537, 'Bantarjati', 1, NULL, NULL),
(19157, 1537, 'Pasiripis', 1, NULL, NULL),
(19158, 1537, 'Sukakerta', 1, NULL, NULL),
(19159, 1538, 'Biyawak', 1, NULL, NULL),
(19160, 1538, 'Pasindangan', 1, NULL, NULL),
(19161, 1538, 'Panongan', 1, NULL, NULL),
(19162, 1538, 'Panyingkiran', 1, NULL, NULL),
(19163, 1538, 'Randegan Kulon', 1, NULL, NULL),
(19164, 1538, 'Randegan Wetan', 1, NULL, NULL),
(19165, 1538, 'Putridalem', 1, NULL, NULL),
(19166, 1538, 'Jatitengah', 1, NULL, NULL),
(19167, 1538, 'Jatitujuh', 1, NULL, NULL),
(19168, 1538, 'Babajurang', 1, NULL, NULL),
(19169, 1538, 'Pilangsari', 1, NULL, NULL),
(19170, 1538, 'Jatiraga', 1, NULL, NULL),
(19171, 1538, 'Sumber Kulon', 1, NULL, NULL),
(19172, 1538, 'Sumber Wetan', 1, NULL, NULL),
(19173, 1538, 'Pangkalanpari', 1, NULL, NULL),
(19174, 1539, 'Cibogor', 1, NULL, NULL),
(19175, 1539, 'Kertasari', 1, NULL, NULL),
(19176, 1539, 'Gandawesi', 1, NULL, NULL),
(19177, 1539, 'Beusi', 1, NULL, NULL),
(19178, 1539, 'Tegalaren', 1, NULL, NULL),
(19179, 1539, 'Buntu', 1, NULL, NULL),
(19180, 1539, 'Beber', 1, NULL, NULL),
(19181, 1539, 'Wanasalam', 1, NULL, NULL),
(19182, 1539, 'Ligung Lor', 1, NULL, NULL),
(19183, 1539, 'Ligung', 1, NULL, NULL),
(19184, 1539, 'Majasari', 1, NULL, NULL),
(19185, 1539, 'Sukawera', 1, NULL, NULL),
(19186, 1539, 'Bantarwaru', 1, NULL, NULL),
(19187, 1539, 'Ampel', 1, NULL, NULL),
(19188, 1539, 'Leuweunghapit', 1, NULL, NULL),
(19189, 1539, 'Kodasari', 1, NULL, NULL),
(19190, 1539, 'Kedungkancana', 1, NULL, NULL),
(19191, 1539, 'Leuwiliang Baru', 1, NULL, NULL),
(19192, 1540, 'Sumberjaya', 1, NULL, NULL),
(19193, 1540, 'Garawangi', 1, NULL, NULL),
(19194, 1540, 'Banjaran', 1, NULL, NULL),
(19195, 1540, 'Sepat', 1, NULL, NULL),
(19196, 1540, 'Paningkiran', 1, NULL, NULL),
(19197, 1540, 'Parapatan', 1, NULL, NULL),
(19198, 1540, 'Panjalin Kidul', 1, NULL, NULL),
(19199, 1540, 'Rancaputat', 1, NULL, NULL),
(19200, 1540, 'Bongas Wetan', 1, NULL, NULL),
(19201, 1540, 'Bongas Kulon', 1, NULL, NULL),
(19202, 1540, 'Panjalin Lor', 1, NULL, NULL),
(19203, 1540, 'Cidenok', 1, NULL, NULL),
(19204, 1540, 'Loji Kobong', 1, NULL, NULL),
(19205, 1541, 'Cipacing', 1, NULL, NULL),
(19206, 1541, 'Sayang', 1, NULL, NULL),
(19207, 1541, 'Mekargalih', 1, NULL, NULL),
(19208, 1541, 'Cinta Mulya', 1, NULL, NULL),
(19209, 1541, 'Cisempur', 1, NULL, NULL),
(19210, 1541, 'Jatimukti', 1, NULL, NULL),
(19211, 1541, 'Jatiroke', 1, NULL, NULL),
(19212, 1541, 'Hegarmanah', 1, NULL, NULL),
(19213, 1541, 'Cikeruh', 1, NULL, NULL),
(19214, 1541, 'Cibeusi', 1, NULL, NULL),
(19215, 1541, 'Cileles', 1, NULL, NULL),
(19216, 1541, 'Cilayung', 1, NULL, NULL),
(19217, 1542, 'Mangunarga', 1, NULL, NULL),
(19218, 1542, 'Sawahdadap', 1, NULL, NULL),
(19219, 1542, 'Sukadana', 1, NULL, NULL),
(19220, 1542, 'Cihanjuang', 1, NULL, NULL),
(19221, 1542, 'Cikahuripan', 1, NULL, NULL),
(19222, 1542, 'Sindanggalih', 1, NULL, NULL),
(19223, 1542, 'Sindangpakuon', 1, NULL, NULL),
(19224, 1542, 'Cimanggung', 1, NULL, NULL),
(19225, 1542, 'Tegalmanggung', 1, NULL, NULL),
(19226, 1542, 'Sindulang', 1, NULL, NULL),
(19227, 1543, 'Cinanjung', 1, NULL, NULL),
(19228, 1543, 'Raharja', 1, NULL, NULL),
(19229, 1543, 'Gunungmanik', 1, NULL, NULL),
(19230, 1543, 'Marga Jaya', 1, NULL, NULL),
(19231, 1543, 'Tanjungsari', 1, NULL, NULL),
(19232, 1543, 'Jatisari', 1, NULL, NULL),
(19233, 1543, 'Kutamandiri', 1, NULL, NULL),
(19234, 1543, 'Margaluyu', 1, NULL, NULL),
(19235, 1543, 'Gudang', 1, NULL, NULL),
(19236, 1543, 'Pasigaran', 1, NULL, NULL),
(19237, 1543, 'Kadakajaya', 1, NULL, NULL),
(19238, 1543, 'Cijambu', 1, NULL, NULL),
(19239, 1544, 'Sukarapih', 1, NULL, NULL),
(19240, 1544, 'Sukasari', 1, NULL, NULL),
(19241, 1544, 'Mekarsari', 1, NULL, NULL),
(19242, 1544, 'Sindangsari', 1, NULL, NULL),
(19243, 1544, 'Nanggerang', 1, NULL, NULL),
(19244, 1544, 'Banyuresmi', 1, NULL, NULL),
(19245, 1544, 'Genteng', 1, NULL, NULL),
(19246, 1545, 'Mekarbakti', 1, NULL, NULL),
(19247, 1545, 'Cilembu', 1, NULL, NULL),
(19248, 1545, 'Cimarias', 1, NULL, NULL),
(19249, 1545, 'Cinanggerang', 1, NULL, NULL),
(19250, 1545, 'Cijeruk', 1, NULL, NULL),
(19251, 1545, 'Cigendel', 1, NULL, NULL),
(19252, 1545, 'Haurngombong', 1, NULL, NULL),
(19253, 1545, 'Ciptasari', 1, NULL, NULL),
(19254, 1545, 'Citali', 1, NULL, NULL),
(19255, 1545, 'Pamulihan', 1, NULL, NULL),
(19256, 1545, 'Sukawangi', 1, NULL, NULL),
(19257, 1546, 'Sukasirnarasa', 1, NULL, NULL),
(19258, 1546, 'Pasir Biru', 1, NULL, NULL),
(19259, 1546, 'Rancakalong', 1, NULL, NULL),
(19260, 1546, 'Pamekaran', 1, NULL, NULL),
(19261, 1546, 'Sukamaju', 1, NULL, NULL),
(19262, 1546, 'Sukahayu', 1, NULL, NULL),
(19263, 1546, 'Nagarawangi', 1, NULL, NULL),
(19264, 1546, 'Cibunar', 1, NULL, NULL),
(19265, 1546, 'Pangadegan', 1, NULL, NULL),
(19266, 1546, 'Cibungur', 1, NULL, NULL),
(19267, 1547, 'Sukajaya', 1, NULL, NULL),
(19268, 1547, 'Margamekar', 1, NULL, NULL),
(19269, 1547, 'Cipancar', 1, NULL, NULL),
(19270, 1547, 'Citengah', 1, NULL, NULL),
(19271, 1547, 'Gunasari', 1, NULL, NULL),
(19272, 1547, 'Baginda', 1, NULL, NULL),
(19273, 1547, 'Sukagalih', 1, NULL, NULL),
(19274, 1547, 'Cipameungpeuk', 1, NULL, NULL),
(19275, 1547, 'Regol Wetan', 1, NULL, NULL),
(19276, 1547, 'Kotakulon', 1, NULL, NULL),
(19277, 1547, 'Pasanggrahan Baru', 1, NULL, NULL),
(19278, 1547, 'Ciherang', 1, NULL, NULL),
(19279, 1548, 'Sirnamulya', 1, NULL, NULL),
(19280, 1548, 'Girimukti', 1, NULL, NULL),
(19281, 1548, 'Mulyasari', 1, NULL, NULL),
(19282, 1548, 'Padasuka', 1, NULL, NULL),
(19283, 1548, 'Margamukti', 1, NULL, NULL),
(19284, 1548, 'Mekarjaya', 1, NULL, NULL),
(19285, 1548, 'Jatimulya', 1, NULL, NULL),
(19286, 1548, 'Jatihurip', 1, NULL, NULL),
(19287, 1548, 'Kebonjati', 1, NULL, NULL),
(19288, 1548, 'Situ', 1, NULL, NULL),
(19289, 1548, 'Kotakaler', 1, NULL, NULL),
(19290, 1548, 'Talun', 1, NULL, NULL),
(19291, 1548, 'Rancamulya', 1, NULL, NULL),
(19292, 1549, 'Cikondang', 1, NULL, NULL),
(19293, 1549, 'Tanjunghurip', 1, NULL, NULL),
(19294, 1549, 'Dayeuh Luhur', 1, NULL, NULL),
(19295, 1549, 'Cikoneng', 1, NULL, NULL),
(19296, 1549, 'Sukawening', 1, NULL, NULL),
(19297, 1549, 'Ganeas', 1, NULL, NULL),
(19298, 1549, 'Sukaluyu', 1, NULL, NULL),
(19299, 1550, 'Bangbayang', 1, NULL, NULL),
(19300, 1550, 'Kaduwulung', 1, NULL, NULL),
(19301, 1550, 'Cijati', 1, NULL, NULL),
(19302, 1550, 'Mekarmulya', 1, NULL, NULL),
(19303, 1550, 'Cikadu', 1, NULL, NULL),
(19304, 1550, 'Karangheuleut', 1, NULL, NULL),
(19305, 1550, 'Cijeler', 1, NULL, NULL),
(19306, 1550, 'Ambit', 1, NULL, NULL),
(19307, 1550, 'Sukatali', 1, NULL, NULL),
(19308, 1550, 'Situraja', 1, NULL, NULL),
(19309, 1550, 'Jatimekar', 1, NULL, NULL),
(19310, 1550, 'Situraja Utara', 1, NULL, NULL),
(19311, 1550, 'Malaka', 1, NULL, NULL),
(19312, 1550, 'Wanakerta', 1, NULL, NULL),
(19313, 1551, 'Sundamekar', 1, NULL, NULL),
(19314, 1551, 'Cimarga', 1, NULL, NULL),
(19315, 1551, 'Cinangsi', 1, NULL, NULL),
(19316, 1551, 'Linggajaya', 1, NULL, NULL),
(19317, 1551, 'Situmekar', 1, NULL, NULL),
(19318, 1551, 'Cisitu', 1, NULL, NULL),
(19319, 1551, 'Cigintung', 1, NULL, NULL),
(19320, 1551, 'Ranjeng', 1, NULL, NULL),
(19321, 1551, 'Cilopang', 1, NULL, NULL),
(19322, 1551, 'Pajagan', 1, NULL, NULL),
(19323, 1552, 'Neglasari', 1, NULL, NULL),
(19324, 1552, 'Sukamenak', 1, NULL, NULL),
(19325, 1552, 'Jatibungur', 1, NULL, NULL),
(19326, 1552, 'Darmajaya', 1, NULL, NULL),
(19327, 1552, 'Darmaraja', 1, NULL, NULL),
(19328, 1552, 'Cipeuteuy', 1, NULL, NULL),
(19329, 1552, 'Cikeusi', 1, NULL, NULL),
(19330, 1552, 'Cieunteung', 1, NULL, NULL),
(19331, 1552, 'Tarunajaya', 1, NULL, NULL),
(19332, 1552, 'Sukaratu', 1, NULL, NULL),
(19333, 1552, 'Leuwihideung', 1, NULL, NULL),
(19334, 1552, 'Cibogo', 1, NULL, NULL),
(19335, 1552, 'Cipaku', 1, NULL, NULL),
(19336, 1552, 'Karang Pakuan', 1, NULL, NULL),
(19337, 1552, 'Paku Alam', 1, NULL, NULL),
(19338, 1553, 'Buana Mekar', 1, NULL, NULL),
(19339, 1553, 'Jaya Mekar', 1, NULL, NULL),
(19340, 1553, 'Cibugel', 1, NULL, NULL),
(19341, 1553, 'Tamansari', 1, NULL, NULL),
(19342, 1553, 'Sukaraja', 1, NULL, NULL),
(19343, 1553, 'Cipasang', 1, NULL, NULL),
(19344, 1554, 'Cilengkrang', 1, NULL, NULL),
(19345, 1554, 'Sukajadi', 1, NULL, NULL),
(19346, 1554, 'Ganjaresik', 1, NULL, NULL),
(19347, 1554, 'Cimungkal', 1, NULL, NULL),
(19348, 1554, 'Mulyajaya', 1, NULL, NULL),
(19349, 1554, 'Cikareo Selatan', 1, NULL, NULL),
(19350, 1554, 'Cikareo Utara', 1, NULL, NULL),
(19351, 1554, 'Wado', 1, NULL, NULL),
(19352, 1554, 'Padajaya', 1, NULL, NULL),
(19353, 1554, 'Sukapura', 1, NULL, NULL),
(19354, 1554, 'Cisurat', 1, NULL, NULL),
(19355, 1555, 'Kirisik', 1, NULL, NULL),
(19356, 1555, 'Cipeundeuy', 1, NULL, NULL),
(19357, 1555, 'Cimanintin', 1, NULL, NULL),
(19358, 1555, 'Sukamanah', 1, NULL, NULL),
(19359, 1555, 'Banjarsari', 1, NULL, NULL),
(19360, 1555, 'Sarimekar', 1, NULL, NULL),
(19361, 1555, 'Tarikolot', 1, NULL, NULL),
(19362, 1555, 'Sirnasari', 1, NULL, NULL),
(19363, 1555, 'Pawenang', 1, NULL, NULL),
(19376, 1557, 'Cicarimanah', 1, NULL, NULL),
(19377, 1557, 'Cipeles', 1, NULL, NULL),
(19378, 1557, 'Darmawangi', 1, NULL, NULL),
(19379, 1557, 'Jembarwangi', 1, NULL, NULL),
(19380, 1557, 'Marongge', 1, NULL, NULL),
(19381, 1557, 'Tolengas', 1, NULL, NULL),
(19382, 1557, 'Tomo', 1, NULL, NULL),
(19383, 1557, 'Karyamukti', 1, NULL, NULL),
(19384, 1557, 'Bugel', 1, NULL, NULL),
(19385, 1558, 'Cipelang', 1, NULL, NULL),
(19386, 1558, 'Palabuan', 1, NULL, NULL),
(19387, 1558, 'Kebon Cau', 1, NULL, NULL),
(19388, 1558, 'Kudangwangi', 1, NULL, NULL),
(19389, 1558, 'Sukamulya', 1, NULL, NULL),
(19390, 1558, 'Palasari', 1, NULL, NULL),
(19391, 1558, 'Ujungjaya', 1, NULL, NULL),
(19392, 1558, 'Sakurjaya', 1, NULL, NULL),
(19393, 1558, 'Cibuluh', 1, NULL, NULL),
(19394, 1559, 'Narimbang', 1, NULL, NULL),
(19395, 1559, 'Jambu', 1, NULL, NULL),
(19396, 1559, 'Cipamekar', 1, NULL, NULL),
(19397, 1559, 'Conggeang Kulon', 1, NULL, NULL),
(19398, 1559, 'Conggeang Wetan', 1, NULL, NULL),
(19399, 1559, 'Cibeureuyeuh', 1, NULL, NULL),
(19400, 1559, 'Padaasih', 1, NULL, NULL),
(19401, 1559, 'Babakan Asem', 1, NULL, NULL),
(19402, 1559, 'Ungkal', 1, NULL, NULL),
(19403, 1559, 'Cacaban', 1, NULL, NULL),
(19404, 1559, 'Karanglayung', 1, NULL, NULL),
(19405, 1559, 'Cibubuan', 1, NULL, NULL),
(19406, 1560, 'Legok Kaler', 1, NULL, NULL),
(19407, 1560, 'Legok Kidul', 1, NULL, NULL),
(19408, 1560, 'Paseh Kidul', 1, NULL, NULL),
(19409, 1560, 'Cijambe', 1, NULL, NULL),
(19410, 1560, 'Pasireungit', 1, NULL, NULL),
(19411, 1560, 'Padanaan', 1, NULL, NULL),
(19412, 1560, 'Bongkok', 1, NULL, NULL),
(19413, 1560, 'Paseh Kaler', 1, NULL, NULL),
(19414, 1560, 'Haurkuning', 1, NULL, NULL),
(19415, 1560, 'Citepok', 1, NULL, NULL),
(19416, 1561, 'Cimuja', 1, NULL, NULL),
(19417, 1561, 'Cibeureum Wetan', 1, NULL, NULL),
(19418, 1561, 'Cibeureum Kulon', 1, NULL, NULL),
(19419, 1561, 'Mandalaherang', 1, NULL, NULL),
(19420, 1561, 'Cimalaka', 1, NULL, NULL),
(19421, 1561, 'Serang', 1, NULL, NULL),
(19422, 1561, 'Galudra', 1, NULL, NULL),
(19423, 1561, 'Cikole', 1, NULL, NULL),
(19424, 1561, 'Trunamanggala', 1, NULL, NULL),
(19425, 1561, 'Nyalindung', 1, NULL, NULL),
(19426, 1561, 'Naluk', 1, NULL, NULL),
(19427, 1561, 'Citimun', 1, NULL, NULL),
(19428, 1561, 'Licin', 1, NULL, NULL),
(19429, 1561, 'Padasari', 1, NULL, NULL),
(19430, 1562, 'Cisalak', 1, NULL, NULL),
(19431, 1562, 'Kebonkalapa', 1, NULL, NULL),
(19432, 1562, 'Cisarua', 1, NULL, NULL),
(19433, 1562, 'Bantarmara', 1, NULL, NULL),
(19434, 1562, 'Ciuyah', 1, NULL, NULL),
(19435, 1562, 'Cimara', 1, NULL, NULL),
(19436, 1562, 'Cipandanwangi', 1, NULL, NULL),
(19437, 1563, 'Tanjungmekar', 1, NULL, NULL),
(19438, 1563, 'Cigentur', 1, NULL, NULL),
(19439, 1563, 'Gunturmekar', 1, NULL, NULL),
(19440, 1563, 'Cipanas', 1, NULL, NULL),
(19441, 1563, 'Banyuasih', 1, NULL, NULL),
(19442, 1563, 'Mulyamekar', 1, NULL, NULL),
(19443, 1563, 'Sukamantri', 1, NULL, NULL),
(19444, 1563, 'Kertaharja', 1, NULL, NULL),
(19445, 1563, 'Kertamekar', 1, NULL, NULL),
(19446, 1563, 'Tanjungmulya', 1, NULL, NULL),
(19447, 1563, 'Boros', 1, NULL, NULL),
(19448, 1564, 'Wargaluyu', 1, NULL, NULL),
(19449, 1564, 'Tanjungwangi', 1, NULL, NULL),
(19450, 1564, 'Sukamukti', 1, NULL, NULL),
(19451, 1564, 'Cikaramas', 1, NULL, NULL),
(19452, 1564, 'Kertamukti', 1, NULL, NULL),
(19453, 1564, 'Sukatani', 1, NULL, NULL),
(19454, 1564, 'Kamal', 1, NULL, NULL),
(19455, 1564, 'Jingkang', 1, NULL, NULL),
(19456, 1565, 'Sekarwangi', 1, NULL, NULL),
(19457, 1565, 'Cilangkap', 1, NULL, NULL),
(19458, 1565, 'Cibitung', 1, NULL, NULL),
(19459, 1565, 'Cikurubuk', 1, NULL, NULL),
(19460, 1565, 'Bojongloa', 1, NULL, NULL),
(19461, 1565, 'Nagrak', 1, NULL, NULL),
(19462, 1565, 'Panyindangan', 1, NULL, NULL),
(19463, 1565, 'Buahdua', 1, NULL, NULL),
(19464, 1565, 'Gendereh', 1, NULL, NULL),
(19465, 1565, 'Citaleus', 1, NULL, NULL),
(19466, 1565, 'Mekarmukti', 1, NULL, NULL),
(19467, 1565, 'Hariang', 1, NULL, NULL),
(19468, 1565, 'Karangbungur', 1, NULL, NULL),
(19469, 1566, 'Wanajaya', 1, NULL, NULL),
(19470, 1566, 'Wanasari', 1, NULL, NULL),
(19471, 1566, 'Pamekarsari', 1, NULL, NULL),
(19472, 1566, 'Surian', 1, NULL, NULL),
(19473, 1566, 'Tanjung', 1, NULL, NULL),
(19786, 1595, 'Sukamandi', 1, NULL, NULL),
(19787, 1595, 'Cicadas', 1, NULL, NULL),
(19788, 1595, 'Sagalaherang', 1, NULL, NULL),
(19789, 1595, 'Dayeuhkolot', 1, NULL, NULL),
(19794, 1595, 'Leles', 1, NULL, NULL),
(19795, 1595, 'Sagalaherang Kaler', 1, NULL, NULL),
(19796, 1595, 'Curugagung', 1, NULL, NULL),
(19803, 1596, 'Curugrendeng', 1, NULL, NULL),
(19804, 1596, 'Sarireja', 1, NULL, NULL),
(19809, 1596, 'Kumpay', 1, NULL, NULL),
(19810, 1596, 'Tambakan', 1, NULL, NULL),
(19811, 1596, 'Jalancagak', 1, NULL, NULL),
(19812, 1596, 'Bunihayu', 1, NULL, NULL),
(19813, 1596, 'Tambakmekar', 1, NULL, NULL),
(19814, 1597, 'Cupunagara', 1, NULL, NULL),
(19815, 1597, 'Cimanggu', 1, NULL, NULL),
(19816, 1597, 'Gardusayang', 1, NULL, NULL),
(19817, 1597, 'Mayang', 1, NULL, NULL),
(19818, 1597, 'Sukakerti', 1, NULL, NULL),
(19821, 1597, 'Darmaga', 1, NULL, NULL),
(19822, 1597, 'Cisalak', 1, NULL, NULL),
(19823, 1597, 'Cigadog', 1, NULL, NULL),
(19827, 1598, 'Buniara', 1, NULL, NULL),
(19828, 1598, 'Tanjungsiang', 1, NULL, NULL),
(19829, 1598, 'Cikawung', 1, NULL, NULL),
(19830, 1598, 'Cimeuhmal', 1, NULL, NULL),
(19831, 1598, 'Sirap', 1, NULL, NULL),
(19832, 1598, 'Kawungluwuk', 1, NULL, NULL),
(19834, 1598, 'Cibuluh', 1, NULL, NULL),
(19835, 1598, 'Sindanglaya', 1, NULL, NULL),
(19836, 1598, 'Rancamanggung', 1, NULL, NULL),
(19837, 1598, 'Gandasoli', 1, NULL, NULL),
(19838, 1599, 'Gunungtua', 1, NULL, NULL),
(19839, 1599, 'Cijambe', 1, NULL, NULL),
(19840, 1599, 'Cirangkong', 1, NULL, NULL),
(19841, 1599, 'Cimenteng', 1, NULL, NULL),
(19842, 1599, 'Cikadu', 1, NULL, NULL),
(19843, 1599, 'Sukahurip', 1, NULL, NULL),
(19844, 1599, 'Bantarsari', 1, NULL, NULL),
(19845, 1599, 'Tanjungwangi', 1, NULL, NULL),
(19847, 1600, 'Sadawarna', 1, NULL, NULL),
(19848, 1600, 'Sumurbarang', 1, NULL, NULL),
(19849, 1600, 'Padaasih', 1, NULL, NULL),
(19850, 1600, 'Cibogo', 1, NULL, NULL),
(19851, 1600, 'Cinangsi', 1, NULL, NULL),
(19852, 1600, 'Majasari', 1, NULL, NULL),
(19853, 1601, 'Parung', 1, NULL, NULL),
(19854, 1601, 'Pasirkareumbi', 1, NULL, NULL),
(19855, 1601, 'Soklat', 1, NULL, NULL),
(19856, 1601, 'Karanganyar', 1, NULL, NULL),
(19857, 1601, 'Cigadung', 1, NULL, NULL),
(19858, 1601, 'Dangdeur', 1, NULL, NULL),
(19859, 1601, 'Sukamelang', 1, NULL, NULL),
(19867, 1602, 'Tanggulun Timur', 1, NULL, NULL),
(19868, 1602, 'Tanggulun Barat', 1, NULL, NULL),
(19869, 1602, 'Marengmang', 1, NULL, NULL),
(19870, 1602, 'Kalijati Barat', 1, NULL, NULL),
(19871, 1602, 'Kalijati Timur', 1, NULL, NULL),
(19879, 1602, 'Kaliangsana', 1, NULL, NULL),
(19882, 1603, 'Cimayasari', 1, NULL, NULL),
(19883, 1603, 'Lengkong', 1, NULL, NULL),
(19884, 1603, 'Cipeundeuy', 1, NULL, NULL),
(19885, 1603, 'Wantilan', 1, NULL, NULL),
(19886, 1603, 'Sawangan', 1, NULL, NULL),
(19888, 1604, 'Cihambulu', 1, NULL, NULL),
(19889, 1604, 'Siluman', 1, NULL, NULL),
(19890, 1604, 'Pabuaran', 1, NULL, NULL),
(19891, 1604, 'Salamjaya', 1, NULL, NULL),
(19892, 1604, 'Kadawung', 1, NULL, NULL),
(19893, 1604, 'Pringkasap', 1, NULL, NULL),
(19894, 1604, 'Karanghegar', 1, NULL, NULL),
(19897, 1605, 'Tanjungrasa Kidul', 1, NULL, NULL),
(19898, 1605, 'Tanjungrasa', 1, NULL, NULL),
(19899, 1605, 'Jatiragas Hilir', 1, NULL, NULL),
(19900, 1605, 'Tambakjati', 1, NULL, NULL),
(19901, 1605, 'Ciberes', 1, NULL, NULL),
(19902, 1605, 'Gempolsari', 1, NULL, NULL),
(19903, 1605, 'Rancamulya', 1, NULL, NULL),
(19904, 1605, 'Rancajaya', 1, NULL, NULL),
(19905, 1605, 'Rancabango', 1, NULL, NULL),
(19906, 1605, 'Rancaasih', 1, NULL, NULL),
(19907, 1606, 'Koranji', 1, NULL, NULL),
(19908, 1606, 'Belendung', 1, NULL, NULL),
(19909, 1606, 'Wanakerta', 1, NULL, NULL),
(19911, 1606, 'Pagon', 1, NULL, NULL),
(19912, 1606, 'Parapatan', 1, NULL, NULL),
(19913, 1606, 'Purwadadi Timur', 1, NULL, NULL),
(19914, 1606, 'Purwadadi Barat', 1, NULL, NULL),
(19915, 1606, 'Pasirbungur', 1, NULL, NULL),
(19916, 1606, 'Rancamahi', 1, NULL, NULL),
(19917, 1606, 'Panyingkiran', 1, NULL, NULL),
(19918, 1607, 'Kaunganten', 1, NULL, NULL),
(19919, 1607, 'Sindangsari', 1, NULL, NULL),
(19920, 1607, 'Cikaum Timur', 1, NULL, NULL),
(19921, 1607, 'Cikaum Barat', 1, NULL, NULL),
(19922, 1607, 'Pasirmuncang', 1, NULL, NULL),
(19923, 1607, 'Gandasari', 1, NULL, NULL),
(19924, 1607, 'Mekarsari', 1, NULL, NULL),
(19925, 1607, 'Tanjungsari Barat', 1, NULL, NULL),
(19926, 1607, 'Tanjungsari Timur', 1, NULL, NULL),
(19931, 1608, 'Gunungsembung', 1, NULL, NULL),
(19932, 1608, 'Gembor', 1, NULL, NULL),
(19933, 1608, 'Gunungsari', 1, NULL, NULL),
(19934, 1608, 'Sukamulya', 1, NULL, NULL),
(19940, 1608, 'Sumbersari', 1, NULL, NULL),
(19941, 1608, 'Gambarsari', 1, NULL, NULL),
(19942, 1608, 'Neglasari', 1, NULL, NULL),
(19943, 1608, 'Pagaden', 1, NULL, NULL),
(19944, 1608, 'Kamarung', 1, NULL, NULL),
(19945, 1609, 'Wanasari', 1, NULL, NULL),
(19946, 1609, 'Sidamulya', 1, NULL, NULL),
(19947, 1609, 'Sidajaya', 1, NULL, NULL),
(19948, 1609, 'Tanjung', 1, NULL, NULL),
(19949, 1609, 'Parigimulya', 1, NULL, NULL),
(19950, 1609, 'Manyingsal', 1, NULL, NULL),
(19951, 1609, 'Padamulya', 1, NULL, NULL),
(19952, 1609, 'Jati', 1, NULL, NULL),
(19953, 1609, 'Kosambi', 1, NULL, NULL),
(19954, 1609, 'Simpar', 1, NULL, NULL),
(19955, 1610, 'Sukadana', 1, NULL, NULL),
(19956, 1610, 'Sukatani', 1, NULL, NULL),
(19957, 1610, 'Kiarasari', 1, NULL, NULL),
(19958, 1610, 'Jatireja', 1, NULL, NULL),
(19959, 1610, 'Mekarjaya', 1, NULL, NULL),
(19960, 1610, 'Kalensari', 1, NULL, NULL),
(19961, 1610, 'Compreng', 1, NULL, NULL),
(19962, 1610, 'Jatimulya', 1, NULL, NULL),
(19963, 1611, 'Nangerang', 1, NULL, NULL),
(19964, 1611, 'Cicadas', 1, NULL, NULL),
(19965, 1611, 'Kihiyang', 1, NULL, NULL),
(19966, 1611, 'Karangsari', 1, NULL, NULL),
(19967, 1611, 'Citrajaya', 1, NULL, NULL),
(19968, 1611, 'Binong', 1, NULL, NULL),
(19969, 1611, 'Kediri', 1, NULL, NULL),
(19970, 1611, 'Mulyasari', 1, NULL, NULL),
(19980, 1612, 'Sukamandijaya', 1, NULL, NULL),
(19981, 1612, 'Ciasem Tengah', 1, NULL, NULL),
(19982, 1612, 'Dukuh', 1, NULL, NULL),
(19983, 1612, 'Jatibaru', 1, NULL, NULL),
(19985, 1612, 'Ciasem Hilir', 1, NULL, NULL),
(19986, 1612, 'Ciasem Baru', 1, NULL, NULL),
(19987, 1612, 'Ciasem Girang', 1, NULL, NULL),
(19988, 1612, 'Sukahaji', 1, NULL, NULL),
(19989, 1612, 'Pinangsari', 1, NULL, NULL),
(19995, 1613, 'Rancasari', 1, NULL, NULL),
(19996, 1613, 'Pamanukan', 1, NULL, NULL),
(19997, 1613, 'Pamanukan Hilir', 1, NULL, NULL),
(19998, 1613, 'Lengkongjaya', 1, NULL, NULL),
(19999, 1613, 'Pamanukan Sebrang', 1, NULL, NULL),
(20001, 1613, 'Mulyasari', 1, NULL, NULL),
(20002, 1613, 'Rancahilir', 1, NULL, NULL),
(20003, 1613, 'Bongas', 1, NULL, NULL),
(20012, 1614, 'Pusakaratu', 1, NULL, NULL),
(20013, 1614, 'Gempol', 1, NULL, NULL),
(20014, 1614, 'Kalentambo', 1, NULL, NULL),
(20015, 1614, 'Kotasari', 1, NULL, NULL),
(20017, 1615, 'Tegalurung', 1, NULL, NULL),
(20018, 1615, 'Mayangan', 1, NULL, NULL),
(20019, 1615, 'Legonwetan', 1, NULL, NULL),
(20020, 1615, 'Legonkulon', 1, NULL, NULL),
(20021, 1615, 'Pangarengan', 1, NULL, NULL),
(20022, 1615, 'Bobos', 1, NULL, NULL),
(20023, 1615, 'Karangmulya', 1, NULL, NULL),
(20026, 1616, 'Cilamaya Hilir', 1, NULL, NULL),
(20027, 1616, 'Cilamaya Girang', 1, NULL, NULL),
(20028, 1616, 'Rawamekar', 1, NULL, NULL),
(20029, 1616, 'Rawameneng', 1, NULL, NULL),
(20030, 1616, 'Jayamukti', 1, NULL, NULL),
(20031, 1616, 'Blanakan', 1, NULL, NULL),
(20032, 1616, 'Langensari', 1, NULL, NULL),
(20033, 1616, 'Muara', 1, NULL, NULL),
(20034, 1616, 'Tanjungtiga', 1, NULL, NULL),
(20035, 1617, 'Jatimekar', 1, NULL, NULL),
(20036, 1617, 'Cikaobandung', 1, NULL, NULL),
(20037, 1617, 'Jatiluhur', 1, NULL, NULL),
(20038, 1617, 'Cilegong', 1, NULL, NULL),
(20039, 1617, 'Kembangkuning', 1, NULL, NULL),
(20040, 1617, 'Cibinong', 1, NULL, NULL),
(20041, 1617, 'Parakanlima', 1, NULL, NULL),
(20042, 1617, 'Cisalada', 1, NULL, NULL),
(20043, 1617, 'Mekargalih', 1, NULL, NULL),
(20044, 1617, 'Bunder', 1, NULL, NULL),
(20045, 1618, 'Parungbanteng', 1, NULL, NULL),
(20046, 1618, 'Sukasari', 1, NULL, NULL),
(20047, 1618, 'Ciririp', 1, NULL, NULL),
(20048, 1618, 'Kertamanah', 1, NULL, NULL),
(20049, 1618, 'Kutamanah', 1, NULL, NULL),
(20050, 1619, 'Tegaldatar', 1, NULL, NULL),
(20051, 1619, 'Sinargalih', 1, NULL, NULL),
(20052, 1619, 'Citamiang', 1, NULL, NULL),
(20053, 1619, 'Cijati', 1, NULL, NULL),
(20054, 1619, 'Gunungkarung', 1, NULL, NULL),
(20055, 1619, 'Pasirjambu', 1, NULL, NULL),
(20056, 1619, 'Ciramahilir', 1, NULL, NULL),
(20057, 1619, 'Sukamukti', 1, NULL, NULL),
(20058, 1620, 'Sukahaji', 1, NULL, NULL),
(20059, 1620, 'Karoya', 1, NULL, NULL),
(20060, 1620, 'Cadassari', 1, NULL, NULL),
(20061, 1620, 'Cadasmekar', 1, NULL, NULL),
(20062, 1620, 'Citalang', 1, NULL, NULL),
(20063, 1620, 'Batutumpang', 1, NULL, NULL),
(20064, 1620, 'Tegalwaru', 1, NULL, NULL),
(20065, 1620, 'Tegalsari', 1, NULL, NULL),
(20066, 1620, 'Warungjeruk', 1, NULL, NULL),
(20067, 1620, 'Galumpit', 1, NULL, NULL),
(20068, 1620, 'Cisarua', 1, NULL, NULL),
(20069, 1620, 'Sukamulya', 1, NULL, NULL),
(20070, 1620, 'Pasanggrahan', 1, NULL, NULL),
(20071, 1621, 'Rawasari', 1, NULL, NULL),
(20072, 1621, 'Gandasoli', 1, NULL, NULL),
(20073, 1621, 'Gandamekar', 1, NULL, NULL),
(20074, 1621, 'Cibogohilir', 1, NULL, NULL),
(20075, 1621, 'Palinggihan', 1, NULL, NULL),
(20076, 1621, 'Babakan Sari', 1, NULL, NULL),
(20077, 1621, 'P L E R E D', 1, NULL, NULL),
(20078, 1621, 'Sindangsari', 1, NULL, NULL),
(20079, 1621, 'Citeko', 1, NULL, NULL),
(20080, 1621, 'Citekokaler', 1, NULL, NULL),
(20081, 1621, 'Linggarsari', 1, NULL, NULL),
(20082, 1621, 'Pamoyanan', 1, NULL, NULL),
(20083, 1621, 'Liunggunung', 1, NULL, NULL),
(20084, 1621, 'Anjun', 1, NULL, NULL),
(20085, 1621, 'Cibogo Girang', 1, NULL, NULL),
(20086, 1621, 'Sempur', 1, NULL, NULL),
(20087, 1622, 'Cianting', 1, NULL, NULL),
(20088, 1622, 'Pasirmunjul', 1, NULL, NULL),
(20089, 1622, 'Cibodas', 1, NULL, NULL),
(20090, 1622, 'Cianting Utara', 1, NULL, NULL),
(20091, 1622, 'Sukatani', 1, NULL, NULL),
(20092, 1622, 'Malangnengah', 1, NULL, NULL),
(20093, 1622, 'Cilalawi', 1, NULL, NULL),
(20094, 1622, 'Sukamaju', 1, NULL, NULL),
(20095, 1622, 'Cipicung', 1, NULL, NULL),
(20096, 1622, 'Tajursindang', 1, NULL, NULL),
(20097, 1622, 'Sindanglaya', 1, NULL, NULL),
(20098, 1622, 'Panyindangan', 1, NULL, NULL),
(20099, 1622, 'Sukajaya', 1, NULL, NULL),
(20100, 1622, 'Cijantung', 1, NULL, NULL),
(20101, 1623, 'Pasirangin', 1, NULL, NULL),
(20102, 1623, 'Nangewer', 1, NULL, NULL),
(20103, 1623, 'Neglasari', 1, NULL, NULL),
(20104, 1623, 'Linggasari', 1, NULL, NULL),
(20105, 1623, 'Sawit', 1, NULL, NULL),
(20106, 1623, 'Sirnamanah', 1, NULL, NULL),
(20107, 1623, 'Depok', 1, NULL, NULL),
(20108, 1623, 'Legoksari', 1, NULL, NULL),
(20109, 1623, 'Mekarsari', 1, NULL, NULL),
(20110, 1623, 'Gununghejo', 1, NULL, NULL),
(20111, 1623, 'Darangdan', 1, NULL, NULL),
(20112, 1623, 'Sadarkarya', 1, NULL, NULL),
(20113, 1623, 'Linggamukti', 1, NULL, NULL),
(20114, 1623, 'Cilingga', 1, NULL, NULL),
(20115, 1623, 'Nagrak', 1, NULL, NULL),
(20116, 1624, 'Cibingbin', 1, NULL, NULL),
(20117, 1624, 'Bojong Timur', 1, NULL, NULL),
(20118, 1624, 'Pasanggrahan', 1, NULL, NULL),
(20119, 1624, 'Cihanjawar', 1, NULL, NULL),
(20120, 1624, 'Cikeris', 1, NULL, NULL),
(20121, 1624, 'Bojong Barat', 1, NULL, NULL),
(20122, 1624, 'Pangkalan', 1, NULL, NULL),
(20123, 1624, 'Sukamanah', 1, NULL, NULL),
(20124, 1624, 'Pawenang', 1, NULL, NULL),
(20125, 1624, 'Sindangsari', 1, NULL, NULL),
(20126, 1624, 'Sindangpanon', 1, NULL, NULL),
(20127, 1624, 'Cipeundeuy', 1, NULL, NULL),
(20128, 1624, 'Cileunca', 1, NULL, NULL),
(20129, 1624, 'Kertasari', 1, NULL, NULL),
(20130, 1625, 'Nangerang', 1, NULL, NULL),
(20131, 1625, 'Simpang', 1, NULL, NULL),
(20132, 1625, 'Sakambang', 1, NULL, NULL),
(20133, 1625, 'Nagrog', 1, NULL, NULL),
(20134, 1625, 'Cibuntu', 1, NULL, NULL),
(20135, 1625, 'Sumurugul', 1, NULL, NULL),
(20136, 1625, 'Raharja', 1, NULL, NULL),
(20137, 1625, 'Wanayasa', 1, NULL, NULL),
(20138, 1625, 'Babakan', 1, NULL, NULL),
(20139, 1625, 'Wanasari', 1, NULL, NULL),
(20140, 1625, 'Legokhuni', 1, NULL, NULL),
(20141, 1625, 'Ciawi', 1, NULL, NULL),
(20142, 1625, 'Sukadami', 1, NULL, NULL),
(20143, 1625, 'Taringgul Tonggoh', 1, NULL, NULL),
(20144, 1625, 'Taringgul Tengah', 1, NULL, NULL),
(20145, 1626, 'Pusakamulya', 1, NULL, NULL),
(20146, 1626, 'Parakan Garokgek', 1, NULL, NULL),
(20147, 1626, 'Ciracas', 1, NULL, NULL),
(20148, 1626, 'Kiarapedes', 1, NULL, NULL),
(20149, 1626, 'Cibeber', 1, NULL, NULL),
(20150, 1626, 'Sumbersari', 1, NULL, NULL),
(20151, 1626, 'Mekarjaya', 1, NULL, NULL),
(20152, 1626, 'Margaluyu', 1, NULL, NULL),
(20153, 1626, 'Gardu', 1, NULL, NULL),
(20154, 1626, 'Taringgul Landeuh', 1, NULL, NULL),
(20155, 1627, 'Ciherang', 1, NULL, NULL),
(20156, 1627, 'Cidahu', 1, NULL, NULL),
(20157, 1627, 'Pasawahan Anyar', 1, NULL, NULL),
(20158, 1627, 'Pasawahankidul', 1, NULL, NULL),
(20159, 1627, 'Sawah Kulon', 1, NULL, NULL),
(20160, 1627, 'Kertajaya', 1, NULL, NULL),
(20161, 1627, 'Lebakanyar', 1, NULL, NULL),
(20162, 1627, 'Cihuni', 1, NULL, NULL),
(20163, 1627, 'Warungkadu', 1, NULL, NULL),
(20164, 1627, 'Selaawi', 1, NULL, NULL),
(20165, 1627, 'Margasari', 1, NULL, NULL),
(20166, 1627, 'Pasawahan', 1, NULL, NULL),
(20167, 1628, 'Bungur Jaya', 1, NULL, NULL),
(20168, 1628, 'Pondokbungur', 1, NULL, NULL),
(20169, 1628, 'Salem', 1, NULL, NULL),
(20170, 1628, 'Galudra', 1, NULL, NULL),
(20171, 1628, 'Sukajadi', 1, NULL, NULL),
(20172, 1628, 'Tanjungsari', 1, NULL, NULL),
(20173, 1628, 'Salam Jaya', 1, NULL, NULL),
(20174, 1628, 'Situ', 1, NULL, NULL),
(20175, 1628, 'Parakansalam', 1, NULL, NULL),
(20176, 1628, 'Salam Mulya', 1, NULL, NULL),
(20177, 1628, 'Gurudug', 1, NULL, NULL),
(20178, 1629, 'Sindangkasih', 1, NULL, NULL),
(20179, 1629, 'Nageri Kidul', 1, NULL, NULL),
(20180, 1629, 'Nageri Tengah', 1, NULL, NULL),
(20181, 1629, 'Cipaisan', 1, NULL, NULL),
(20182, 1629, 'Nageri Kaler', 1, NULL, NULL),
(20183, 1629, 'Tegalmunjul', 1, NULL, NULL),
(20184, 1629, 'Citalang', 1, NULL, NULL),
(20185, 1629, 'Munjuljaya', 1, NULL, NULL),
(20186, 1629, 'Ciseureuh', 1, NULL, NULL),
(20187, 1629, 'Purwamekar', 1, NULL, NULL),
(20188, 1630, 'Maracang', 1, NULL, NULL),
(20189, 1630, 'Ciwareng', 1, NULL, NULL),
(20190, 1630, 'Mulyamekar', 1, NULL, NULL),
(20191, 1630, 'Cigelam', 1, NULL, NULL),
(20192, 1630, 'Babakancikao', 1, NULL, NULL),
(20193, 1630, 'Kadumekar', 1, NULL, NULL),
(20194, 1630, 'Hegarmanah', 1, NULL, NULL),
(20195, 1630, 'Cicadas', 1, NULL, NULL),
(20196, 1630, 'Cilangkap', 1, NULL, NULL),
(20197, 1631, 'Cirende', 1, NULL, NULL),
(20198, 1631, 'Benteng', 1, NULL, NULL),
(20199, 1631, 'Campaka', 1, NULL, NULL),
(20200, 1631, 'Campakasari', 1, NULL, NULL),
(20201, 1631, 'Cijunti', 1, NULL, NULL),
(20202, 1631, 'Cisaat', 1, NULL, NULL),
(20203, 1631, 'Cimahi', 1, NULL, NULL),
(20204, 1631, 'Cikumpay', 1, NULL, NULL),
(20205, 1631, 'Cijaya', 1, NULL, NULL),
(20206, 1631, 'Kertamukti', 1, NULL, NULL),
(20207, 1632, 'Wanawali', 1, NULL, NULL),
(20208, 1632, 'Cikadu', 1, NULL, NULL),
(20209, 1632, 'Cibukamanah', 1, NULL, NULL),
(20210, 1632, 'Cirangkong', 1, NULL, NULL),
(20211, 1632, 'Cipancur', 1, NULL, NULL),
(20212, 1632, 'Cipinang', 1, NULL, NULL),
(20213, 1632, 'Ciparungsari', 1, NULL, NULL),
(20214, 1632, 'Karyamekar', 1, NULL, NULL),
(20215, 1632, 'Cibatu', 1, NULL, NULL),
(20216, 1632, 'Cilandak', 1, NULL, NULL),
(20217, 1633, 'Ciwangi', 1, NULL, NULL),
(20218, 1633, 'Cibening', 1, NULL, NULL),
(20219, 1633, 'Bungursari', 1, NULL, NULL),
(20220, 1633, 'Cibungur', 1, NULL, NULL),
(20221, 1633, 'Dangdeur', 1, NULL, NULL),
(20222, 1633, 'Wanakerta', 1, NULL, NULL),
(20223, 1633, 'Cinangka', 1, NULL, NULL),
(20224, 1633, 'Cikopo', 1, NULL, NULL),
(20225, 1633, 'Karangmukti', 1, NULL, NULL),
(20226, 1633, 'Cibodas', 1, NULL, NULL),
(20227, 1634, 'Medalsari', 1, NULL, NULL),
(20237, 1634, 'Kertasari', 1, NULL, NULL),
(20238, 1634, 'Cintaasih', 1, NULL, NULL),
(20239, 1634, 'Mulangsari', 1, NULL, NULL),
(20240, 1634, 'Jatilaksana', 1, NULL, NULL),
(20241, 1634, 'Ciptasari', 1, NULL, NULL),
(20242, 1634, 'Tamansari', 1, NULL, NULL),
(20243, 1634, 'Tamanmekar', 1, NULL, NULL),
(20244, 1635, 'Tegalega', 1, NULL, NULL),
(20245, 1635, 'Mulyasejati', 1, NULL, NULL),
(20246, 1635, 'Mulyasari', 1, NULL, NULL),
(20247, 1635, 'Kutanegara', 1, NULL, NULL),
(20248, 1635, 'Kutapohaci', 1, NULL, NULL),
(20249, 1635, 'Kutamekar', 1, NULL, NULL),
(20250, 1635, 'Parungmulya', 1, NULL, NULL),
(20270, 1637, 'Karanganyar', 1, NULL, NULL),
(20271, 1637, 'Curug', 1, NULL, NULL),
(20272, 1637, 'Cimahi', 1, NULL, NULL),
(20273, 1637, 'Sumurkondang', 1, NULL, NULL),
(20274, 1637, 'Walahar', 1, NULL, NULL),
(20275, 1637, 'Kiarapayung', 1, NULL, NULL),
(20276, 1637, 'Gintungkerta', 1, NULL, NULL),
(20277, 1637, 'Anggadita', 1, NULL, NULL),
(20280, 1637, 'Klari', 1, NULL, NULL),
(20281, 1637, 'Cibalongsari', 1, NULL, NULL),
(20282, 1637, 'Duren', 1, NULL, NULL),
(20283, 1637, 'Pancawati', 1, NULL, NULL),
(20285, 1637, 'Belendung', 1, NULL, NULL),
(20290, 1638, 'Kalihurip', 1, NULL, NULL),
(20291, 1638, 'Kamojing', 1, NULL, NULL),
(20292, 1638, 'Cikampek Timur', 1, NULL, NULL),
(20293, 1638, 'Cikampek Pusaka', 1, NULL, NULL),
(20294, 1638, 'Cikampek Selatan', 1, NULL, NULL),
(20295, 1638, 'Cikampek Kota', 1, NULL, NULL),
(20296, 1638, 'Cikampek Barat', 1, NULL, NULL),
(20297, 1638, 'Dawuan Timur', 1, NULL, NULL),
(20298, 1638, 'Dawuan Tengah', 1, NULL, NULL),
(20299, 1638, 'Dawuan Barat', 1, NULL, NULL),
(20307, 1639, 'Karangsinom', 1, NULL, NULL),
(20308, 1639, 'Karangjaya', 1, NULL, NULL),
(20309, 1639, 'Parakanmulya', 1, NULL, NULL),
(20310, 1639, 'Citarik', 1, NULL, NULL),
(20311, 1639, 'Tirtasari', 1, NULL, NULL),
(20312, 1639, 'Parakan', 1, NULL, NULL),
(20313, 1639, 'Kamurang', 1, NULL, NULL),
(20314, 1639, 'Bojongsari', 1, NULL, NULL),
(20315, 1639, 'Cipondoh', 1, NULL, NULL),
(20316, 1639, 'Kertawaluya', 1, NULL, NULL),
(20317, 1640, 'Barugbug', 1, NULL, NULL),
(20318, 1640, 'Situdam', 1, NULL, NULL),
(20319, 1640, 'Balonggandu', 1, NULL, NULL),
(20320, 1640, 'Kalijati', 1, NULL, NULL),
(20321, 1640, 'Mekarsari', 1, NULL, NULL),
(20322, 1640, 'Jatisari', 1, NULL, NULL),
(20323, 1640, 'Cirejag', 1, NULL, NULL),
(20324, 1640, 'Cikalongsari', 1, NULL, NULL),
(20325, 1640, 'Jatiragas', 1, NULL, NULL),
(20326, 1640, 'Jatiwangi', 1, NULL, NULL),
(20327, 1640, 'Jatibaru', 1, NULL, NULL),
(20328, 1640, 'Telarsari', 1, NULL, NULL),
(20329, 1640, 'Sukamekar', 1, NULL, NULL),
(20330, 1640, 'Pacing', 1, NULL, NULL),
(20331, 1641, 'Pamekaran', 1, NULL, NULL),
(20332, 1641, 'Cicinde Selatan', 1, NULL, NULL),
(20333, 1641, 'Cicinde Utara', 1, NULL, NULL),
(20334, 1641, 'Jayamukti', 1, NULL, NULL),
(20335, 1641, 'Gempolkolot', 1, NULL, NULL),
(20336, 1641, 'Gempol', 1, NULL, NULL),
(20337, 1641, 'Gembongan', 1, NULL, NULL),
(20338, 1641, 'Mekarasih', 1, NULL, NULL),
(20339, 1641, 'Banyuasih', 1, NULL, NULL),
(20340, 1641, 'Talunjaya', 1, NULL, NULL),
(20341, 1641, 'Tanjung', 1, NULL, NULL),
(20342, 1641, 'Kutaraharja', 1, NULL, NULL),
(20343, 1642, 'Sarimulya', 1, NULL, NULL),
(20344, 1642, 'Jomin Barat', 1, NULL, NULL),
(20345, 1642, 'Jomin Timur', 1, NULL, NULL),
(20346, 1642, 'Pangulah Selatan', 1, NULL, NULL),
(20347, 1642, 'Pangulah Utara', 1, NULL, NULL),
(20348, 1642, 'Pangulah Baru', 1, NULL, NULL),
(20349, 1642, 'Wancimekar', 1, NULL, NULL),
(20350, 1642, 'Pucung', 1, NULL, NULL),
(20351, 1642, 'Cikampek Utara', 1, NULL, NULL),
(20352, 1643, 'Cikarang', 1, NULL, NULL),
(20353, 1643, 'Cikalong', 1, NULL, NULL),
(20354, 1643, 'Tegalsari', 1, NULL, NULL),
(20355, 1643, 'Tegalwaru', 1, NULL, NULL),
(20356, 1643, 'Mekarmaya', 1, NULL, NULL),
(20357, 1643, 'Cilamaya', 1, NULL, NULL),
(20358, 1643, 'Sukatani', 1, NULL, NULL),
(20359, 1643, 'Sukakerta', 1, NULL, NULL),
(20360, 1643, 'Rawagempol Kulon', 1, NULL, NULL),
(20361, 1643, 'Rawagempol Wetan', 1, NULL, NULL),
(20362, 1643, 'Muarabaru', 1, NULL, NULL),
(20363, 1643, 'Muara', 1, NULL, NULL),
(20364, 1644, 'Kiara', 1, NULL, NULL),
(20365, 1644, 'Bayur Kidul', 1, NULL, NULL),
(20366, 1644, 'Bayur Lor', 1, NULL, NULL),
(20367, 1644, 'Langensari', 1, NULL, NULL),
(20368, 1644, 'Sukamulya', 1, NULL, NULL),
(20369, 1644, 'Pasirukem', 1, NULL, NULL),
(20370, 1644, 'Sukajaya', 1, NULL, NULL),
(20371, 1644, 'Pasirjaya', 1, NULL, NULL),
(20372, 1644, 'Muktijaya', 1, NULL, NULL),
(20373, 1644, 'Tegalurung', 1, NULL, NULL),
(20374, 1644, 'Manggungjaya', 1, NULL, NULL),
(20375, 1644, 'Sumurgede', 1, NULL, NULL),
(20376, 1645, 'Ciwaringin', 1, NULL, NULL),
(20377, 1645, 'Waringinkarya', 1, NULL, NULL),
(20378, 1645, 'Pasirtanjung', 1, NULL, NULL),
(20379, 1645, 'Karangtanjung', 1, NULL, NULL),
(20380, 1645, 'Kedawung', 1, NULL, NULL),
(20381, 1645, 'Lemahabang', 1, NULL, NULL),
(20382, 1645, 'Karyamukti', 1, NULL, NULL),
(20383, 1645, 'Pulojaya', 1, NULL, NULL),
(20384, 1645, 'Pulokelapa', 1, NULL, NULL),
(20385, 1645, 'Lemahmukti', 1, NULL, NULL),
(20386, 1645, 'Pulomulya', 1, NULL, NULL),
(20387, 1646, 'Pasirtalaga', 1, NULL, NULL),
(20388, 1646, 'Talagamulya', 1, NULL, NULL),
(20389, 1646, 'Cariumulya', 1, NULL, NULL),
(20390, 1646, 'Cilewo', 1, NULL, NULL),
(20391, 1646, 'Linggarsari', 1, NULL, NULL),
(20392, 1646, 'Pulosari', 1, NULL, NULL),
(20393, 1646, 'Ciwulan', 1, NULL, NULL),
(20394, 1646, 'Kalijaya', 1, NULL, NULL),
(20395, 1646, 'Cadaskertajaya', 1, NULL, NULL),
(20396, 1646, 'Kalibuaya', 1, NULL, NULL),
(20397, 1646, 'Talagasari', 1, NULL, NULL),
(20398, 1646, 'Pasirmukti', 1, NULL, NULL),
(20399, 1646, 'Pasirkamuning', 1, NULL, NULL),
(20400, 1646, 'Kalisari', 1, NULL, NULL),
(20411, 1648, 'Pasirjengkol', 1, NULL, NULL),
(20412, 1648, 'Majalaya', 1, NULL, NULL),
(20413, 1648, 'Ciranggon', 1, NULL, NULL),
(20414, 1648, 'Sarijaya', 1, NULL, NULL),
(20415, 1648, 'Bengle', 1, NULL, NULL),
(20416, 1649, 'Pasirkaliki', 1, NULL, NULL),
(20417, 1649, 'Kutawargi', 1, NULL, NULL),
(20418, 1649, 'Cibadak', 1, NULL, NULL),
(20419, 1649, 'Sukamerta', 1, NULL, NULL),
(20420, 1649, 'Pasirawi', 1, NULL, NULL),
(20421, 1649, 'Balongsari', 1, NULL, NULL),
(20422, 1649, 'Purwamekar', 1, NULL, NULL),
(20423, 1649, 'Mekarjaya', 1, NULL, NULL),
(20424, 1649, 'Sekarwangi', 1, NULL, NULL),
(20425, 1649, 'Panyingkiran', 1, NULL, NULL),
(20426, 1649, 'Sukapura', 1, NULL, NULL),
(20427, 1649, 'Gombongsari', 1, NULL, NULL),
(20428, 1649, 'Sukaraja', 1, NULL, NULL),
(20430, 1650, 'Dayeuhluhur', 1, NULL, NULL),
(20431, 1650, 'Lemahkarya', 1, NULL, NULL),
(20432, 1650, 'Lemahduhur', 1, NULL, NULL),
(20433, 1650, 'Lemahsubur', 1, NULL, NULL),
(20434, 1650, 'Lemahmakmur', 1, NULL, NULL),
(20435, 1650, 'Pagadungan', 1, NULL, NULL),
(20436, 1650, 'Purwajaya', 1, NULL, NULL),
(20437, 1650, 'Jayanagara', 1, NULL, NULL),
(20438, 1650, 'Tempuran', 1, NULL, NULL),
(20439, 1650, 'Ciparagejaya', 1, NULL, NULL),
(20440, 1650, 'Cikuntul', 1, NULL, NULL),
(20441, 1650, 'Sumberjaya', 1, NULL, NULL),
(20442, 1650, 'Pancakarya', 1, NULL, NULL),
(20443, 1650, 'Tanjungjaya', 1, NULL, NULL),
(20447, 1651, 'Sindangkarya', 1, NULL, NULL),
(20448, 1651, 'Sindangmukti', 1, NULL, NULL),
(20449, 1651, 'Sindangmulya', 1, NULL, NULL),
(20450, 1651, 'Mulyajaya', 1, NULL, NULL),
(20451, 1651, 'Kutakarya', 1, NULL, NULL),
(20452, 1651, 'Kutagandok', 1, NULL, NULL),
(20453, 1651, 'Waluya', 1, NULL, NULL),
(20454, 1651, 'Sampalan', 1, NULL, NULL),
(20455, 1651, 'Sindangsari', 1, NULL, NULL),
(20456, 1651, 'Kutaraja', 1, NULL, NULL),
(20457, 1651, 'Kutamukti', 1, NULL, NULL),
(20458, 1651, 'Kutajaya', 1, NULL, NULL),
(20459, 1652, 'Kalangsari', 1, NULL, NULL),
(20460, 1652, 'Kalangsuria', 1, NULL, NULL),
(20461, 1652, 'Karyasari', 1, NULL, NULL),
(20462, 1652, 'Dukuhkarya', 1, NULL, NULL),
(20463, 1652, 'Amansari', 1, NULL, NULL),
(20464, 1652, 'Rengasdengklok Selatan', 1, NULL, NULL),
(20465, 1652, 'Rengasdengklok Utara', 1, NULL, NULL),
(20466, 1652, 'Kertasari', 1, NULL, NULL),
(20467, 1652, 'Dewisari', 1, NULL, NULL),
(20468, 1653, 'Kemiri', 1, NULL, NULL),
(20469, 1653, 'Makmurjaya', 1, NULL, NULL),
(20470, 1653, 'Jayamakmur', 1, NULL, NULL),
(20471, 1653, 'Jayakerta', 1, NULL, NULL),
(20472, 1653, 'Kertajaya', 1, NULL, NULL),
(20473, 1653, 'Ciptamarga', 1, NULL, NULL),
(20474, 1653, 'Medangasem', 1, NULL, NULL),
(20475, 1653, 'Kampungsawah', 1, NULL, NULL),
(20476, 1654, 'Jatimulya', 1, NULL, NULL),
(20481, 1654, 'Kertaraharja', 1, NULL, NULL),
(20482, 1654, 'Karangjaya', 1, NULL, NULL),
(20483, 1654, 'Malangsari', 1, NULL, NULL),
(20484, 1654, 'Kertamulya', 1, NULL, NULL),
(20485, 1654, 'Payungsari', 1, NULL, NULL),
(20486, 1654, 'Randumulya', 1, NULL, NULL),
(20487, 1654, 'Labanjaya', 1, NULL, NULL),
(20490, 1654, 'Sungaibuntu', 1, NULL, NULL),
(20491, 1654, 'Kedaljaya', 1, NULL, NULL),
(20492, 1654, 'Dongkal', 1, NULL, NULL),
(20493, 1654, 'Puspasari', 1, NULL, NULL),
(20494, 1655, 'Sukasari', 1, NULL, NULL),
(20495, 1655, 'Kertarahayu', 1, NULL, NULL),
(20496, 1655, 'Cibuaya', 1, NULL, NULL),
(20497, 1655, 'Pejaten', 1, NULL, NULL),
(20498, 1655, 'Kedungjeruk', 1, NULL, NULL),
(20499, 1655, 'Kalidungjaya', 1, NULL, NULL);
INSERT INTO `desa` (`id`, `kecamatan_id`, `desa_name`, `publication_status`, `created_at`, `updated_at`) VALUES
(20500, 1655, 'Kedungjaya', 1, NULL, NULL),
(20501, 1655, 'Jayamulya', 1, NULL, NULL),
(20502, 1655, 'Gebangjaya', 1, NULL, NULL),
(20503, 1655, 'Cemarajaya', 1, NULL, NULL),
(20504, 1655, 'Sedari', 1, NULL, NULL),
(20505, 1656, 'Medankarya', 1, NULL, NULL),
(20506, 1656, 'Pisangsambo', 1, NULL, NULL),
(20507, 1656, 'Sabajaya', 1, NULL, NULL),
(20508, 1656, 'Gempolkarya', 1, NULL, NULL),
(20509, 1656, 'Srijaya', 1, NULL, NULL),
(20510, 1656, 'Kutamakmur', 1, NULL, NULL),
(20511, 1656, 'Bolang', 1, NULL, NULL),
(20512, 1656, 'Srikamulyan', 1, NULL, NULL),
(20513, 1656, 'Sumurlaban', 1, NULL, NULL),
(20514, 1656, 'Tambaksumur', 1, NULL, NULL),
(20515, 1656, 'Tambaksari', 1, NULL, NULL),
(20516, 1657, 'Kutaampel', 1, NULL, NULL),
(20517, 1657, 'Karyamakmur', 1, NULL, NULL),
(20518, 1657, 'Karyamulya', 1, NULL, NULL),
(20519, 1657, 'Telukbango', 1, NULL, NULL),
(20520, 1657, 'Telukambulu', 1, NULL, NULL),
(20521, 1657, 'Karyabakti', 1, NULL, NULL),
(20522, 1657, 'Baturaden', 1, NULL, NULL),
(20523, 1657, 'Batujaya', 1, NULL, NULL),
(20524, 1657, 'Segaran', 1, NULL, NULL),
(20525, 1657, 'Segarjaya', 1, NULL, NULL),
(20526, 1658, 'Talagajaya', 1, NULL, NULL),
(20527, 1658, 'Telukbuyung', 1, NULL, NULL),
(20528, 1658, 'Tanahbaru', 1, NULL, NULL),
(20529, 1658, 'Solokan', 1, NULL, NULL),
(20530, 1658, 'Tanjungbungin', 1, NULL, NULL),
(20531, 1658, 'Tanjungmekar', 1, NULL, NULL),
(20532, 1658, 'Tanjungpakis', 1, NULL, NULL),
(20533, 1658, 'Telukjaya', 1, NULL, NULL),
(20534, 1659, 'Ragemanunggal', 1, NULL, NULL),
(20535, 1659, 'Muktijaya', 1, NULL, NULL),
(20536, 1659, 'Kertarahayu', 1, NULL, NULL),
(20537, 1659, 'Cikarageman', 1, NULL, NULL),
(20538, 1659, 'Taman Sari', 1, NULL, NULL),
(20539, 1659, 'Taman Rahayu', 1, NULL, NULL),
(20540, 1659, 'Burangkeng', 1, NULL, NULL),
(20541, 1659, 'Cileduk', 1, NULL, NULL),
(20542, 1659, 'Cibening', 1, NULL, NULL),
(20543, 1659, 'Cijengkol', 1, NULL, NULL),
(20544, 1659, 'Lubangbuaya', 1, NULL, NULL),
(20545, 1660, 'Jayamulya', 1, NULL, NULL),
(20546, 1660, 'Sukaragam', 1, NULL, NULL),
(20547, 1660, 'Sirnajaya', 1, NULL, NULL),
(20548, 1660, 'Nagacipta', 1, NULL, NULL),
(20549, 1660, 'Nagasari', 1, NULL, NULL),
(20550, 1660, 'Cilangkara', 1, NULL, NULL),
(20551, 1660, 'Sukasari', 1, NULL, NULL),
(20552, 1660, 'Jayasampurna', 1, NULL, NULL),
(20553, 1661, 'Cicau', 1, NULL, NULL),
(20554, 1661, 'Sukamahi', 1, NULL, NULL),
(20555, 1661, 'Pasirranji', 1, NULL, NULL),
(20556, 1661, 'Pasirtanjung', 1, NULL, NULL),
(20557, 1661, 'Hegarmukti', 1, NULL, NULL),
(20558, 1661, 'Jayamukti', 1, NULL, NULL),
(20560, 1662, 'Sukasejati', 1, NULL, NULL),
(20561, 1662, 'Ciantra', 1, NULL, NULL),
(20562, 1662, 'Sukadami', 1, NULL, NULL),
(20563, 1662, 'Serang', 1, NULL, NULL),
(20564, 1662, 'Sukaresmi', 1, NULL, NULL),
(20565, 1662, 'Cibatu', 1, NULL, NULL),
(20566, 1663, 'Cibarusahjaya', 1, NULL, NULL),
(20567, 1663, 'Cibarusahkota', 1, NULL, NULL),
(20568, 1663, 'Sindangmulya', 1, NULL, NULL),
(20569, 1663, 'Wibawamulya', 1, NULL, NULL),
(20570, 1663, 'Sirnajati', 1, NULL, NULL),
(20571, 1663, 'Ridogalih', 1, NULL, NULL),
(20572, 1663, 'Ridomanah', 1, NULL, NULL),
(20573, 1664, 'Karangindah', 1, NULL, NULL),
(20574, 1664, 'Karangmulya', 1, NULL, NULL),
(20575, 1664, 'Bojongmangu', 1, NULL, NULL),
(20576, 1664, 'Medalkrisna', 1, NULL, NULL),
(20577, 1664, 'Sukamukti', 1, NULL, NULL),
(20578, 1664, 'Sukabungah', 1, NULL, NULL),
(20579, 1665, 'Sertajaya', 1, NULL, NULL),
(20580, 1665, 'Hegarmanah', 1, NULL, NULL),
(20581, 1665, 'Cipayung', 1, NULL, NULL),
(20582, 1665, 'Jatireja', 1, NULL, NULL),
(20583, 1665, 'Jatibaru', 1, NULL, NULL),
(20584, 1665, 'Tanjungbaru', 1, NULL, NULL),
(20585, 1665, 'Labansari', 1, NULL, NULL),
(20586, 1665, 'Karangsari', 1, NULL, NULL),
(20587, 1666, 'Bojongsari', 1, NULL, NULL),
(20588, 1666, 'Kedungwaringin', 1, NULL, NULL),
(20589, 1666, 'Waringinjaya', 1, NULL, NULL),
(20590, 1666, 'Karangsambung', 1, NULL, NULL),
(20591, 1666, 'Karangharum', 1, NULL, NULL),
(20592, 1666, 'Mekarjaya', 1, NULL, NULL),
(20593, 1666, 'Karangmekar', 1, NULL, NULL),
(20594, 1667, 'Wangunharja', 1, NULL, NULL),
(20595, 1667, 'Harjamekar', 1, NULL, NULL),
(20596, 1667, 'Pasirgombong', 1, NULL, NULL),
(20597, 1667, 'Mekarmukti', 1, NULL, NULL),
(20598, 1667, 'Simpangan', 1, NULL, NULL),
(20599, 1667, 'Tanjungsari', 1, NULL, NULL),
(20600, 1667, 'Cikarang Kota', 1, NULL, NULL),
(20601, 1667, 'Karangbaru', 1, NULL, NULL),
(20602, 1668, 'Sukaraya', 1, NULL, NULL),
(20603, 1668, 'Karangrahayu', 1, NULL, NULL),
(20604, 1668, 'Karangsetia', 1, NULL, NULL),
(20605, 1668, 'Karangsatu', 1, NULL, NULL),
(20606, 1668, 'Karangmukti', 1, NULL, NULL),
(20607, 1668, 'Karanganyar', 1, NULL, NULL),
(20608, 1668, 'Karangbahagia', 1, NULL, NULL),
(20609, 1668, 'Karangsentosa', 1, NULL, NULL),
(20613, 1669, 'Cibuntu', 1, NULL, NULL),
(20614, 1669, 'Wanasari', 1, NULL, NULL),
(20615, 1669, 'Wanajaya', 1, NULL, NULL),
(20616, 1669, 'Sukajaya', 1, NULL, NULL),
(20617, 1669, 'Kertamukti', 1, NULL, NULL),
(20618, 1669, 'Muktiwari', 1, NULL, NULL),
(20619, 1669, 'Sarimukti', 1, NULL, NULL),
(20620, 1670, 'Telajung', 1, NULL, NULL),
(20621, 1670, 'Cikedokan', 1, NULL, NULL),
(20622, 1670, 'Jatiwangi', 1, NULL, NULL),
(20623, 1670, 'Mekarwangi', 1, NULL, NULL),
(20624, 1670, 'Gandamekar', 1, NULL, NULL),
(20625, 1670, 'Danauindah', 1, NULL, NULL),
(20626, 1670, 'Gandasari', 1, NULL, NULL),
(20627, 1670, 'Sukadanau', 1, NULL, NULL),
(20628, 1670, 'Telaga Asih', 1, NULL, NULL),
(20629, 1670, 'Telagamurni', 1, NULL, NULL),
(20630, 1670, 'Kalijaya', 1, NULL, NULL),
(20631, 1671, 'Jatimulya', 1, NULL, NULL),
(20632, 1671, 'Lambangsari', 1, NULL, NULL),
(20633, 1671, 'Lambangjaya', 1, NULL, NULL),
(20634, 1671, 'Tambun', 1, NULL, NULL),
(20635, 1671, 'Setiadarma', 1, NULL, NULL),
(20636, 1671, 'Setiamekar', 1, NULL, NULL),
(20637, 1671, 'Mekarsari', 1, NULL, NULL),
(20638, 1671, 'Tridayasakti', 1, NULL, NULL),
(20639, 1671, 'Mangunjaya', 1, NULL, NULL),
(20640, 1671, 'Sumberjaya', 1, NULL, NULL),
(20641, 1672, 'Karangsatria', 1, NULL, NULL),
(20642, 1672, 'Satriajaya', 1, NULL, NULL),
(20643, 1672, 'Jalenjaya', 1, NULL, NULL),
(20644, 1672, 'Satriamekar', 1, NULL, NULL),
(20645, 1672, 'Sriamur', 1, NULL, NULL),
(20646, 1672, 'Srimukti', 1, NULL, NULL),
(20647, 1672, 'Srijaya', 1, NULL, NULL),
(20648, 1672, 'Srimahi', 1, NULL, NULL),
(20649, 1673, 'Bahagia', 1, NULL, NULL),
(20650, 1673, 'Kebalen', 1, NULL, NULL),
(20651, 1673, 'Babelan Kota', 1, NULL, NULL),
(20652, 1673, 'Kedungpengawas', 1, NULL, NULL),
(20653, 1673, 'Kedungjaya', 1, NULL, NULL),
(20654, 1673, 'Bunibakti', 1, NULL, NULL),
(20655, 1673, 'Muarabakti', 1, NULL, NULL),
(20656, 1673, 'Pantai Hurip', 1, NULL, NULL),
(20657, 1673, 'Huripjaya', 1, NULL, NULL),
(20658, 1674, 'Pusakarakyat', 1, NULL, NULL),
(20659, 1674, 'Setia Asih', 1, NULL, NULL),
(20660, 1674, 'Pahlawan Setia', 1, NULL, NULL),
(20661, 1674, 'Setiamulya', 1, NULL, NULL),
(20662, 1674, 'Segaramakmur', 1, NULL, NULL),
(20663, 1674, 'Pantaimakmur', 1, NULL, NULL),
(20664, 1674, 'Segarajaya', 1, NULL, NULL),
(20665, 1674, 'Samudrajaya', 1, NULL, NULL),
(20666, 1675, 'Sukamaju', 1, NULL, NULL),
(20667, 1675, 'Sukaraja', 1, NULL, NULL),
(20668, 1675, 'Sukarapih', 1, NULL, NULL),
(20669, 1675, 'Sukarahayu', 1, NULL, NULL),
(20670, 1675, 'Sukabakti', 1, NULL, NULL),
(20671, 1675, 'Sukawijaya', 1, NULL, NULL),
(20672, 1675, 'Sukamantri', 1, NULL, NULL),
(20673, 1676, 'Sukamekar', 1, NULL, NULL),
(20674, 1676, 'Sukadaya', 1, NULL, NULL),
(20675, 1676, 'Sukabudi', 1, NULL, NULL),
(20676, 1676, 'Sukawangi', 1, NULL, NULL),
(20677, 1676, 'Sukakerta', 1, NULL, NULL),
(20678, 1676, 'Sukaringin', 1, NULL, NULL),
(20679, 1676, 'Sukatenang', 1, NULL, NULL),
(20680, 1677, 'Sukaasih', 1, NULL, NULL),
(20681, 1677, 'Sukarukun', 1, NULL, NULL),
(20682, 1677, 'Banjarsari', 1, NULL, NULL),
(20683, 1677, 'Sukahurip', 1, NULL, NULL),
(20684, 1677, 'Sukamanah', 1, NULL, NULL),
(20685, 1677, 'Sukamulya', 1, NULL, NULL),
(20686, 1677, 'Sukadarma', 1, NULL, NULL),
(20687, 1678, 'Sukajadi', 1, NULL, NULL),
(20688, 1678, 'Sukamakmur', 1, NULL, NULL),
(20689, 1678, 'Sukalaksana', 1, NULL, NULL),
(20690, 1678, 'Sukakersa', 1, NULL, NULL),
(20691, 1678, 'Sukakarya', 1, NULL, NULL),
(20692, 1678, 'Sukaindah', 1, NULL, NULL),
(20693, 1678, 'Sukamurni', 1, NULL, NULL),
(20694, 1679, 'Bantarsari', 1, NULL, NULL),
(20695, 1679, 'Bantarjaya', 1, NULL, NULL),
(20696, 1679, 'Kertasari', 1, NULL, NULL),
(20697, 1679, 'Kertajaya', 1, NULL, NULL),
(20698, 1679, 'Karanghaur', 1, NULL, NULL),
(20699, 1679, 'Karangpatri', 1, NULL, NULL),
(20700, 1679, 'Karangreja', 1, NULL, NULL),
(20701, 1679, 'Karangjaya', 1, NULL, NULL),
(20702, 1679, 'Sumbersari', 1, NULL, NULL),
(20703, 1679, 'Sumberreja', 1, NULL, NULL),
(20704, 1679, 'Sumberurip', 1, NULL, NULL),
(20705, 1679, 'Karangsegar', 1, NULL, NULL),
(20706, 1679, 'Karangharja', 1, NULL, NULL),
(20707, 1680, 'Jayabakti', 1, NULL, NULL),
(20708, 1680, 'Sindangjaya', 1, NULL, NULL),
(20709, 1680, 'Sindangsari', 1, NULL, NULL),
(20710, 1680, 'Jayalaksana', 1, NULL, NULL),
(20711, 1680, 'Setialaksana', 1, NULL, NULL),
(20712, 1680, 'Lenggahjaya', 1, NULL, NULL),
(20713, 1680, 'Setiajaya', 1, NULL, NULL),
(20714, 1680, 'Lenggahsari', 1, NULL, NULL),
(20715, 1681, 'Pantai Harapanjaya', 1, NULL, NULL),
(20716, 1681, 'Pantaimekar', 1, NULL, NULL),
(20717, 1681, 'Pantai Sederhana', 1, NULL, NULL),
(20718, 1681, 'Pantaibakti', 1, NULL, NULL),
(20719, 1681, 'Pantaibahagia', 1, NULL, NULL),
(20720, 1681, 'Jayasakti', 1, NULL, NULL),
(20721, 1682, 'Mulyaharja', 1, NULL, NULL),
(20722, 1682, 'Pamoyanan', 1, NULL, NULL),
(20723, 1682, 'Ranggamekar', 1, NULL, NULL),
(20724, 1682, 'Genteng', 1, NULL, NULL),
(20725, 1682, 'Kertamaya', 1, NULL, NULL),
(20726, 1682, 'Rancamaya', 1, NULL, NULL),
(20727, 1682, 'Bojongkerta', 1, NULL, NULL),
(20728, 1682, 'Harjasari', 1, NULL, NULL),
(20729, 1682, 'Muarasari', 1, NULL, NULL),
(20730, 1682, 'Pakuan', 1, NULL, NULL),
(20731, 1682, 'Cipaku', 1, NULL, NULL),
(20732, 1682, 'Lawanggintung', 1, NULL, NULL),
(20733, 1682, 'Batutulis', 1, NULL, NULL),
(20734, 1682, 'Bondongan', 1, NULL, NULL),
(20735, 1682, 'Empang', 1, NULL, NULL),
(20736, 1682, 'Cikaret', 1, NULL, NULL),
(20737, 1683, 'Sindangsari', 1, NULL, NULL),
(20738, 1683, 'Sindangrasa', 1, NULL, NULL),
(20739, 1683, 'Tajur', 1, NULL, NULL),
(20740, 1683, 'Katulampa', 1, NULL, NULL),
(20741, 1683, 'Baranangsiang', 1, NULL, NULL),
(20742, 1683, 'Sukasari', 1, NULL, NULL),
(20743, 1684, 'Bantarjati', 1, NULL, NULL),
(20744, 1684, 'Tegalgundil', 1, NULL, NULL),
(20745, 1684, 'Tanahbaru', 1, NULL, NULL),
(20746, 1684, 'Cimahpar', 1, NULL, NULL),
(20747, 1684, 'Ciluar', 1, NULL, NULL),
(20748, 1684, 'Cibuluh', 1, NULL, NULL),
(20749, 1684, 'Kedunghalang', 1, NULL, NULL),
(20750, 1684, 'Ciparigi', 1, NULL, NULL),
(20751, 1685, 'Paledang', 1, NULL, NULL),
(20752, 1685, 'Gudang', 1, NULL, NULL),
(20753, 1685, 'Babakanpasar', 1, NULL, NULL),
(20754, 1685, 'Tegallega', 1, NULL, NULL),
(20755, 1685, 'Babakan', 1, NULL, NULL),
(20756, 1685, 'Sempur', 1, NULL, NULL),
(20757, 1685, 'Pabaton', 1, NULL, NULL),
(20758, 1685, 'Cibogor', 1, NULL, NULL),
(20759, 1685, 'Panaragan', 1, NULL, NULL),
(20760, 1685, 'Kebonkelapa', 1, NULL, NULL),
(20761, 1685, 'Ciwaringin', 1, NULL, NULL),
(20762, 1686, 'Pasirmulya', 1, NULL, NULL),
(20763, 1686, 'Pasirkuda', 1, NULL, NULL),
(20764, 1686, 'Pasirjaya', 1, NULL, NULL),
(20765, 1686, 'Gunungbatu', 1, NULL, NULL),
(20766, 1686, 'Loji', 1, NULL, NULL),
(20767, 1686, 'Menteng', 1, NULL, NULL),
(20768, 1686, 'Cilendek Timur', 1, NULL, NULL),
(20769, 1686, 'Cilendek Barat', 1, NULL, NULL),
(20770, 1686, 'Sindangbarang', 1, NULL, NULL),
(20771, 1686, 'Margajaya', 1, NULL, NULL),
(20772, 1686, 'Balungbangjaya', 1, NULL, NULL),
(20773, 1686, 'Situgede', 1, NULL, NULL),
(20774, 1686, 'Bubulak', 1, NULL, NULL),
(20775, 1686, 'Semplak', 1, NULL, NULL),
(20776, 1686, 'Curugmekar', 1, NULL, NULL),
(20777, 1686, 'Curug', 1, NULL, NULL),
(20778, 1687, 'Kedungwaringin', 1, NULL, NULL),
(20779, 1687, 'Kedungjaya', 1, NULL, NULL),
(20780, 1687, 'Kebonpedes', 1, NULL, NULL),
(20781, 1687, 'Tanahsareal', 1, NULL, NULL),
(20782, 1687, 'Kedungbadak', 1, NULL, NULL),
(20783, 1687, 'Sukaresmi', 1, NULL, NULL),
(20784, 1687, 'Sukadamai', 1, NULL, NULL),
(20785, 1687, 'Cibadak', 1, NULL, NULL),
(20786, 1687, 'Kayumanis', 1, NULL, NULL),
(20787, 1687, 'Mekarwangi', 1, NULL, NULL),
(20788, 1687, 'Kencana', 1, NULL, NULL),
(20789, 1688, 'Sudajaya Hilir', 1, NULL, NULL),
(20790, 1688, 'Jayamekar', 1, NULL, NULL),
(20791, 1688, 'Jayaraksa', 1, NULL, NULL),
(20792, 1688, 'Baros', 1, NULL, NULL),
(20793, 1689, 'Lembursitu', 1, NULL, NULL),
(20794, 1689, 'Situmekar', 1, NULL, NULL),
(20795, 1689, 'Cipanengah', 1, NULL, NULL),
(20796, 1689, 'Cikundul', 1, NULL, NULL),
(20797, 1689, 'Sindangsari', 1, NULL, NULL),
(20798, 1690, 'Sindangpalay', 1, NULL, NULL),
(20799, 1690, 'Limusnunggal', 1, NULL, NULL),
(20800, 1690, 'Babakan', 1, NULL, NULL),
(20801, 1690, 'Cibeureum Hilir', 1, NULL, NULL),
(20802, 1691, 'Cikondang', 1, NULL, NULL),
(20803, 1691, 'Gedong Panjang', 1, NULL, NULL),
(20804, 1691, 'Citamiang', 1, NULL, NULL),
(20805, 1691, 'Nanggeleng', 1, NULL, NULL),
(20806, 1691, 'Tipar', 1, NULL, NULL),
(20807, 1692, 'Dayeuhluhur', 1, NULL, NULL),
(20808, 1692, 'Warudoyong', 1, NULL, NULL),
(20809, 1692, 'Nyomplong', 1, NULL, NULL),
(20810, 1692, 'Benteng', 1, NULL, NULL),
(20811, 1692, 'Sukakarya', 1, NULL, NULL),
(20812, 1693, 'Karang Tengah', 1, NULL, NULL),
(20813, 1693, 'Gunung Puyuh', 1, NULL, NULL),
(20814, 1693, 'Sriwidari', 1, NULL, NULL),
(20815, 1693, 'Karamat', 1, NULL, NULL),
(20816, 1694, 'Gunung Parang', 1, NULL, NULL),
(20817, 1694, 'Kebonjati', 1, NULL, NULL),
(20818, 1694, 'Cikole', 1, NULL, NULL),
(20819, 1694, 'Selabatu', 1, NULL, NULL),
(20820, 1694, 'Cisarua', 1, NULL, NULL),
(20821, 1694, 'Subangjaya', 1, NULL, NULL),
(20822, 1695, 'Gempol Sari', 1, NULL, NULL),
(20823, 1695, 'Cigondewah Kaler', 1, NULL, NULL),
(20824, 1695, 'Cigondewah Kidul', 1, NULL, NULL),
(20825, 1695, 'Cigondewah Rahayu', 1, NULL, NULL),
(20826, 1695, 'Caringin', 1, NULL, NULL),
(20827, 1695, 'Warung Muncang', 1, NULL, NULL),
(20828, 1695, 'Cibuntu', 1, NULL, NULL),
(20829, 1695, 'Cijerah', 1, NULL, NULL),
(20830, 1696, 'Margasuka', 1, NULL, NULL),
(20831, 1696, 'Cirangrang', 1, NULL, NULL),
(20832, 1696, 'Margahayu Utara', 1, NULL, NULL),
(20833, 1696, 'Babakan Ciparay', 1, NULL, NULL),
(20834, 1696, 'Babakan', 1, NULL, NULL),
(20835, 1696, 'Sukahaji', 1, NULL, NULL),
(20836, 1697, 'Kopo', 1, NULL, NULL),
(20837, 1697, 'Suka Asih', 1, NULL, NULL),
(20838, 1697, 'Babakan Asih', 1, NULL, NULL),
(20839, 1697, 'Babakan Tarogong', 1, NULL, NULL),
(20840, 1697, 'Jamika', 1, NULL, NULL),
(20841, 1698, 'Cibaduyut Kidul', 1, NULL, NULL),
(20842, 1698, 'Cibaduyut Wetan', 1, NULL, NULL),
(20843, 1698, 'Mekar Wangi', 1, NULL, NULL),
(20844, 1698, 'Cibaduyut', 1, NULL, NULL),
(20845, 1698, 'Kebon Lega', 1, NULL, NULL),
(20846, 1698, 'Situsaeur', 1, NULL, NULL),
(20847, 1699, 'Karasak', 1, NULL, NULL),
(20848, 1699, 'Pelindung Hewan', 1, NULL, NULL),
(20849, 1699, 'Nyengseret', 1, NULL, NULL),
(20850, 1699, 'Panjunan', 1, NULL, NULL),
(20851, 1699, 'Cibadak', 1, NULL, NULL),
(20852, 1699, 'Karang Anyar', 1, NULL, NULL),
(20853, 1700, 'Ciseureuh', 1, NULL, NULL),
(20854, 1700, 'Pasirluyu', 1, NULL, NULL),
(20855, 1700, 'Ancol', 1, NULL, NULL),
(20856, 1700, 'Cigereleng', 1, NULL, NULL),
(20857, 1700, 'Ciateul', 1, NULL, NULL),
(20858, 1700, 'Pungkur', 1, NULL, NULL),
(20859, 1700, 'Balong Gede', 1, NULL, NULL),
(20860, 1701, 'Cijagra', 1, NULL, NULL),
(20861, 1701, 'Turangga', 1, NULL, NULL),
(20862, 1701, 'Lingkar Selatan', 1, NULL, NULL),
(20863, 1701, 'Malabar', 1, NULL, NULL),
(20864, 1701, 'Burangrang', 1, NULL, NULL),
(20865, 1701, 'Cikawao', 1, NULL, NULL),
(20866, 1701, 'Paledang', 1, NULL, NULL),
(20867, 1702, 'Wates', 1, NULL, NULL),
(20868, 1702, 'Mengger', 1, NULL, NULL),
(20869, 1702, 'Batununggal', 1, NULL, NULL),
(20870, 1702, 'Kujangsari', 1, NULL, NULL),
(20871, 1703, 'Cijaura', 1, NULL, NULL),
(20872, 1703, 'Margasari', 1, NULL, NULL),
(20873, 1703, 'Sekejati', 1, NULL, NULL),
(20874, 1704, 'Derwati', 1, NULL, NULL),
(20875, 1704, 'Cipamokolan', 1, NULL, NULL),
(20880, 1705, 'Pasir Biru', 1, NULL, NULL),
(20881, 1705, 'Cipadung', 1, NULL, NULL),
(20882, 1705, 'Palasari', 1, NULL, NULL),
(20883, 1705, 'Cisurupan', 1, NULL, NULL),
(20886, 1706, 'Pasanggrahan', 1, NULL, NULL),
(20887, 1706, 'Pasirjati', 1, NULL, NULL),
(20888, 1706, 'Pasir Wangi', 1, NULL, NULL),
(20889, 1706, 'Cigending', 1, NULL, NULL),
(20890, 1706, 'Pasir Endah', 1, NULL, NULL),
(20891, 1707, 'Cisaranten Kulon', 1, NULL, NULL),
(20892, 1707, 'Cisaranten Bina Harapan', 1, NULL, NULL),
(20893, 1707, 'Sukamiskin', 1, NULL, NULL),
(20900, 1709, 'Kebon Kangkung', 1, NULL, NULL),
(20901, 1709, 'Sukapura', 1, NULL, NULL),
(20902, 1709, 'Kebun Jayanti', 1, NULL, NULL),
(20903, 1709, 'Babakan Sari', 1, NULL, NULL),
(20904, 1709, 'Babakan Surabaya', 1, NULL, NULL),
(20905, 1709, 'Cicaheum', 1, NULL, NULL),
(20906, 1710, 'Gumuruh', 1, NULL, NULL),
(20907, 1710, 'Binong', 1, NULL, NULL),
(20908, 1710, 'Kebon Gedang', 1, NULL, NULL),
(20909, 1710, 'Maleer', 1, NULL, NULL),
(20910, 1710, 'Cibangkong', 1, NULL, NULL),
(20911, 1710, 'Samoja', 1, NULL, NULL),
(20912, 1710, 'Kacapiring', 1, NULL, NULL),
(20913, 1710, 'Kebon Waru', 1, NULL, NULL),
(20914, 1711, 'Braga', 1, NULL, NULL),
(20915, 1711, 'Kebon Pisang', 1, NULL, NULL),
(20916, 1711, 'Merdeka', 1, NULL, NULL),
(20917, 1711, 'Babakan Ciamis', 1, NULL, NULL),
(20918, 1712, 'Campaka', 1, NULL, NULL),
(20919, 1712, 'Maleber', 1, NULL, NULL),
(20920, 1712, 'Garuda', 1, NULL, NULL),
(20921, 1712, 'Dungus Cariang', 1, NULL, NULL),
(20922, 1712, 'Ciroyom', 1, NULL, NULL),
(20923, 1712, 'Kebon Jeruk', 1, NULL, NULL),
(20924, 1713, 'Arjuna', 1, NULL, NULL),
(20925, 1713, 'Pasirkaliki', 1, NULL, NULL),
(20926, 1713, 'Pamoyanan', 1, NULL, NULL),
(20927, 1713, 'Pajajaran', 1, NULL, NULL),
(20928, 1713, 'Husen Sastranegara', 1, NULL, NULL),
(20929, 1713, 'Sukaraja', 1, NULL, NULL),
(20930, 1714, 'Taman Sari', 1, NULL, NULL),
(20931, 1714, 'Citarum', 1, NULL, NULL),
(20932, 1714, 'Cihapit', 1, NULL, NULL),
(20933, 1715, 'Sukamaju', 1, NULL, NULL),
(20934, 1715, 'Cicadas', 1, NULL, NULL),
(20935, 1715, 'Cikutra', 1, NULL, NULL),
(20936, 1715, 'Padasuka', 1, NULL, NULL),
(20937, 1715, 'Pasirlayung', 1, NULL, NULL),
(20938, 1715, 'Sukapada', 1, NULL, NULL),
(20939, 1716, 'Cihaurgeulis', 1, NULL, NULL),
(20940, 1716, 'Sukaluyu', 1, NULL, NULL),
(20941, 1716, 'Neglasari', 1, NULL, NULL),
(20942, 1716, 'Cigadung', 1, NULL, NULL),
(20943, 1717, 'Cipaganti', 1, NULL, NULL),
(20944, 1717, 'Lebak Siliwangi', 1, NULL, NULL),
(20945, 1717, 'Lebak Gede', 1, NULL, NULL),
(20946, 1717, 'Sadang Serang', 1, NULL, NULL),
(20947, 1717, 'Sekeloa', 1, NULL, NULL),
(20948, 1717, 'Dago', 1, NULL, NULL),
(20949, 1718, 'Sukawarna', 1, NULL, NULL),
(20950, 1718, 'Sukagalih', 1, NULL, NULL),
(20951, 1718, 'Sukabungah', 1, NULL, NULL),
(20952, 1718, 'Cipedes', 1, NULL, NULL),
(20953, 1718, 'Pasteur', 1, NULL, NULL),
(20954, 1719, 'Sarijadi', 1, NULL, NULL),
(20955, 1719, 'Sukarasa', 1, NULL, NULL),
(20956, 1719, 'Gegerkalong', 1, NULL, NULL),
(20957, 1719, 'Isola', 1, NULL, NULL),
(20958, 1720, 'Hegarmanah', 1, NULL, NULL),
(20959, 1720, 'Ciumbuleuit', 1, NULL, NULL),
(20960, 1720, 'Ledeng', 1, NULL, NULL),
(20985, 1726, 'Jatimakmur', 1, NULL, NULL),
(20986, 1726, 'Jatiwaringin', 1, NULL, NULL),
(20987, 1726, 'Jatibening', 1, NULL, NULL),
(20988, 1727, 'Jatikarya', 1, NULL, NULL),
(20989, 1727, 'Jatisampurna', 1, NULL, NULL),
(20990, 1727, 'Jatirangga', 1, NULL, NULL),
(20991, 1727, 'Jatiranggon', 1, NULL, NULL),
(20993, 1728, 'Jatisari', 1, NULL, NULL),
(20994, 1728, 'Jatiluhur', 1, NULL, NULL),
(20995, 1728, 'Jatirasa', 1, NULL, NULL),
(20996, 1728, 'Jatiasih', 1, NULL, NULL),
(20997, 1728, 'Jatimekar', 1, NULL, NULL),
(20998, 1728, 'Jatikramat', 1, NULL, NULL),
(20999, 1729, 'Ciketingudik', 1, NULL, NULL),
(21000, 1729, 'Sumur Batu', 1, NULL, NULL),
(21001, 1729, 'Cikiwul', 1, NULL, NULL),
(21002, 1729, 'Bantargebang', 1, NULL, NULL),
(21007, 1730, 'Margahayu', 1, NULL, NULL),
(21008, 1730, 'Bekasi Jaya', 1, NULL, NULL),
(21009, 1730, 'Duren Jaya', 1, NULL, NULL),
(21010, 1730, 'Aren Jaya', 1, NULL, NULL),
(21011, 1731, 'Bojong Menteng', 1, NULL, NULL),
(21012, 1731, 'Bojong Rawalumbu', 1, NULL, NULL),
(21013, 1731, 'Sepanjang Jaya', 1, NULL, NULL),
(21014, 1731, 'Pengasinan', 1, NULL, NULL),
(21015, 1732, 'Jaka Mulya', 1, NULL, NULL),
(21016, 1732, 'Jaka Setia', 1, NULL, NULL),
(21017, 1732, 'Pekayon Jaya', 1, NULL, NULL),
(21018, 1732, 'Marga Jaya', 1, NULL, NULL),
(21019, 1732, 'Kayuringin Jaya', 1, NULL, NULL),
(21020, 1733, 'Bintara Jaya', 1, NULL, NULL),
(21021, 1733, 'Bintara', 1, NULL, NULL),
(21022, 1733, 'Kranji', 1, NULL, NULL),
(21023, 1733, 'Kota Baru', 1, NULL, NULL),
(21024, 1733, 'Jaka Sampurna', 1, NULL, NULL),
(21025, 1734, 'Harapan Mulya', 1, NULL, NULL),
(21026, 1734, 'Kali Baru', 1, NULL, NULL),
(21027, 1734, 'Medan Satria', 1, NULL, NULL),
(21028, 1734, 'Pejuang', 1, NULL, NULL),
(21029, 1735, 'Harapan Jaya', 1, NULL, NULL),
(21030, 1735, 'Kaliabang Tengah', 1, NULL, NULL),
(21031, 1735, 'Perwira', 1, NULL, NULL),
(21032, 1735, 'Harapan Baru', 1, NULL, NULL),
(21033, 1735, 'Teluk Pucung', 1, NULL, NULL),
(21034, 1735, 'Marga Mulya', 1, NULL, NULL),
(21037, 1736, 'Pengasinan', 1, NULL, NULL),
(21038, 1736, 'Bedahan', 1, NULL, NULL),
(21039, 1736, 'Pasir Putih', 1, NULL, NULL),
(21040, 1736, 'Sawangan Baru', 1, NULL, NULL),
(21041, 1736, 'Sawangan Lama', 1, NULL, NULL),
(21047, 1736, 'Kedaung', 1, NULL, NULL),
(21048, 1736, 'Cinangka', 1, NULL, NULL),
(21054, 1737, 'Rangkapan Jaya Baru', 1, NULL, NULL),
(21055, 1737, 'Rangkapan Jaya', 1, NULL, NULL),
(21056, 1737, 'Mampang', 1, NULL, NULL),
(21057, 1737, 'Pancoran Mas', 1, NULL, NULL),
(21058, 1737, 'Depok Jaya', 1, NULL, NULL),
(21059, 1737, 'Depok', 1, NULL, NULL),
(21065, 1738, 'Sukmajaya', 1, NULL, NULL),
(21066, 1738, 'Tirtajaya', 1, NULL, NULL),
(21067, 1738, 'Mekar Jaya', 1, NULL, NULL),
(21068, 1738, 'Abadijaya', 1, NULL, NULL),
(21069, 1738, 'Bakti Jaya', 1, NULL, NULL),
(21070, 1738, 'Cisalak', 1, NULL, NULL),
(21077, 1739, 'Curug', 1, NULL, NULL),
(21079, 1739, 'Harjamukti', 1, NULL, NULL),
(21080, 1739, 'Cisalak Pasar', 1, NULL, NULL),
(21081, 1739, 'Mekarsari', 1, NULL, NULL),
(21082, 1739, 'Tugu', 1, NULL, NULL),
(21083, 1739, 'Pasir Gunung Selatan', 1, NULL, NULL),
(21084, 1740, 'Beji', 1, NULL, NULL),
(21085, 1740, 'Beji Timur', 1, NULL, NULL),
(21086, 1740, 'Kemirimuka', 1, NULL, NULL),
(21087, 1740, 'Pondok Cina', 1, NULL, NULL),
(21088, 1740, 'Kukusan', 1, NULL, NULL),
(21089, 1740, 'Tanah Baru', 1, NULL, NULL),
(21090, 1741, 'Meruyung', 1, NULL, NULL),
(21091, 1741, 'Grogol', 1, NULL, NULL),
(21092, 1741, 'Krukut', 1, NULL, NULL),
(21093, 1741, 'Limo', 1, NULL, NULL),
(21098, 1742, 'Melong', 1, NULL, NULL),
(21099, 1742, 'Cibeureum', 1, NULL, NULL),
(21100, 1742, 'Utama', 1, NULL, NULL),
(21101, 1742, 'Leuwigajah', 1, NULL, NULL),
(21102, 1742, 'Cibeber', 1, NULL, NULL),
(21103, 1743, 'Baros', 1, NULL, NULL),
(21104, 1743, 'Cigugur Tengah', 1, NULL, NULL),
(21105, 1743, 'Karangmekar', 1, NULL, NULL),
(21106, 1743, 'Setiamanah', 1, NULL, NULL),
(21107, 1743, 'Padasuka', 1, NULL, NULL),
(21108, 1743, 'Cimahi', 1, NULL, NULL),
(21109, 1744, 'Pasirkaliki', 1, NULL, NULL),
(21110, 1744, 'Cibabat', 1, NULL, NULL),
(21111, 1744, 'Citeureup', 1, NULL, NULL),
(21112, 1744, 'Cipageran', 1, NULL, NULL),
(69045, 5623, 'Wangun Jaya', 1, NULL, NULL),
(69046, 5623, 'Sadengkolot', 1, NULL, NULL),
(69047, 5623, 'Leuwisadeng', 1, NULL, NULL),
(69048, 5623, 'Sibanteng', 1, NULL, NULL),
(69049, 5623, 'Babakan Sadeng', 1, NULL, NULL),
(69050, 5623, 'Sadeng', 1, NULL, NULL),
(69051, 5623, 'Kalong Ii', 1, NULL, NULL),
(69052, 5623, 'Kalong I', 1, NULL, NULL),
(69053, 5624, 'Tapos 1', 1, NULL, NULL),
(69054, 5624, 'Gunung Malang', 1, NULL, NULL),
(69055, 5624, 'Tapos 2', 1, NULL, NULL),
(69056, 5624, 'Situ Daun', 1, NULL, NULL),
(69057, 5624, 'Cibitung Tengah', 1, NULL, NULL),
(69058, 5624, 'Cinangneng', 1, NULL, NULL),
(69059, 5625, 'Tugu Jaya', 1, NULL, NULL),
(69060, 5625, 'Cigombong', 1, NULL, NULL),
(69061, 5625, 'Wates Jaya', 1, NULL, NULL),
(69062, 5625, 'Srogol', 1, NULL, NULL),
(69063, 5625, 'Ciburuy', 1, NULL, NULL),
(69064, 5625, 'Cisalada', 1, NULL, NULL),
(69065, 5625, 'Pasir Jaya', 1, NULL, NULL),
(69066, 5625, 'Ciburayut', 1, NULL, NULL),
(69067, 5625, 'Ciadeg', 1, NULL, NULL),
(69068, 5626, 'Cibadak', 1, NULL, NULL),
(69069, 5626, 'Tanjung Sari', 1, NULL, NULL),
(69070, 5626, 'Sinarsari', 1, NULL, NULL),
(69071, 5626, 'Sinarrasa', 1, NULL, NULL),
(69072, 5626, 'Buanajaya', 1, NULL, NULL),
(69073, 5626, 'Antajaya', 1, NULL, NULL),
(69074, 5626, 'Pasir Tanjung', 1, NULL, NULL),
(69075, 5626, 'Tanjung Rasa', 1, NULL, NULL),
(69076, 5626, 'Sukarasa', 1, NULL, NULL),
(69077, 5626, 'Selawangi', 1, NULL, NULL),
(69078, 1215, 'Sukagalih', 1, NULL, NULL),
(69079, 5627, 'Tonjong', 1, NULL, NULL),
(69080, 5627, 'Tajur Halang', 1, NULL, NULL),
(69081, 5627, 'Sukmajaya', 1, NULL, NULL),
(69082, 5627, 'Nanggerang', 1, NULL, NULL),
(69083, 5627, 'Sasak Panjang', 1, NULL, NULL),
(69084, 5627, 'Kalisuren', 1, NULL, NULL),
(69085, 5627, 'Citayam', 1, NULL, NULL),
(69086, 1223, 'Cimulang', 1, NULL, NULL),
(69087, 1230, 'Wirajaya', 1, NULL, NULL),
(69088, 1233, 'Mandrajaya', 1, NULL, NULL),
(69089, 1233, 'Mekarsakti', 1, NULL, NULL),
(69090, 1234, 'Mekarsari', 1, NULL, NULL),
(69091, 1234, 'Pangumbahan', 1, NULL, NULL),
(69092, 1234, 'Ujung Genteng', 1, NULL, NULL),
(69093, 1235, 'Mekar Mukti', 1, NULL, NULL),
(69094, 1235, 'Waluran Mandiri', 1, NULL, NULL),
(69095, 1236, 'Sukatani', 1, NULL, NULL),
(69096, 5628, 'Boregah Indah', 1, NULL, NULL),
(69097, 5628, 'Cimanggu', 1, NULL, NULL),
(69098, 5628, 'Sukamaju', 1, NULL, NULL),
(69099, 5628, 'Sukajadi', 1, NULL, NULL),
(69100, 5628, 'Karangmekar', 1, NULL, NULL),
(69101, 5628, 'Sukamanah', 1, NULL, NULL),
(69102, 1239, 'Mekarwangi', 1, NULL, NULL),
(69103, 1240, 'Sirnamekar', 1, NULL, NULL),
(69104, 1244, 'Mekartanjung', 1, NULL, NULL),
(69105, 1244, 'Bojong Tugu', 1, NULL, NULL),
(69106, 1245, 'Lembursawah', 1, NULL, NULL),
(69107, 1249, 'Sukaharja', 1, NULL, NULL),
(69108, 1249, 'Tarisi', 1, NULL, NULL),
(69109, 1249, 'Damarraja', 1, NULL, NULL),
(69110, 1250, 'Buanajaya', 1, NULL, NULL),
(69111, 1250, 'Boyongsari', 1, NULL, NULL),
(69112, 1260, 'Perbawati', 1, NULL, NULL),
(69113, 1263, 'Mangkalaya', 1, NULL, NULL),
(69114, 1265, 'Sukadamai', 1, NULL, NULL),
(69115, 1266, 'Pasirdatar Indah', 1, NULL, NULL),
(69116, 5629, 'Munjul', 1, NULL, NULL),
(69117, 5629, 'Ciambar', 1, NULL, NULL),
(69118, 5629, 'Ginanjar', 1, NULL, NULL),
(69119, 5629, 'Wangunjaya', 1, NULL, NULL),
(69120, 5629, 'Cibunarjaya', 1, NULL, NULL),
(69121, 1274, 'Cikarae Thoyibah', 1, NULL, NULL),
(69122, 1275, 'Sukarame', 1, NULL, NULL),
(69123, 1276, 'Gandasoli', 1, NULL, NULL),
(69124, 1277, 'Cianaga', 1, NULL, NULL),
(69125, 1278, 'Mekarsari', 1, NULL, NULL),
(69126, 1278, 'Tanjungsari', 1, NULL, NULL),
(69127, 1283, 'Mekarmukti', 1, NULL, NULL),
(69128, 1284, 'Mekarjaya', 1, NULL, NULL),
(69129, 5630, 'Mekarmulya', 1, NULL, NULL),
(69130, 5630, 'Kubang', 1, NULL, NULL),
(69131, 5630, 'Girijaya', 1, NULL, NULL),
(69132, 5630, 'Girimukti', 1, NULL, NULL),
(69133, 5630, 'Simpang', 1, NULL, NULL),
(69134, 5630, 'Kalibaru', 1, NULL, NULL),
(69135, 5630, 'Pusakajaya', 1, NULL, NULL),
(69136, 5630, 'Karangjaya', 1, NULL, NULL),
(69137, 1286, 'Gandasari', 1, NULL, NULL),
(69138, 5631, 'Cihea', 1, NULL, NULL),
(69139, 5631, 'Sukatani', 1, NULL, NULL),
(69140, 5631, 'Ramasari', 1, NULL, NULL),
(69141, 5631, 'Haurwangi', 1, NULL, NULL),
(69142, 5631, 'Kertasari', 1, NULL, NULL),
(69143, 5631, 'Kertamukti', 1, NULL, NULL),
(69144, 5631, 'Cipeuyeum', 1, NULL, NULL),
(69145, 5631, 'Mekarwangi', 1, NULL, NULL),
(69146, 1304, 'Sukatani', 1, NULL, NULL),
(69147, 1308, 'Panundaan', 1, NULL, NULL),
(69148, 1308, 'Ciwidey', 1, NULL, NULL),
(69149, 1308, 'Panyocokan', 1, NULL, NULL),
(69150, 1308, 'Lebakmuncang', 1, NULL, NULL),
(69151, 1308, 'Rawabogo', 1, NULL, NULL),
(69152, 1311, 'Warjabakti', 1, NULL, NULL),
(69153, 1318, 'Nagrog', 1, NULL, NULL),
(69154, 1318, 'Narawita', 1, NULL, NULL),
(69155, 1318, 'Margaasih', 1, NULL, NULL),
(69156, 1318, 'Cicalengka Wetan', 1, NULL, NULL),
(69157, 1318, 'Cikuya', 1, NULL, NULL),
(69158, 1318, 'Waluya', 1, NULL, NULL),
(69159, 1323, 'Mekarlaksana', 1, NULL, NULL),
(69160, 1323, 'Bumiwangi', 1, NULL, NULL),
(69161, 1324, 'Wargamekar', 1, NULL, NULL),
(69162, 5632, 'Jatisari', 1, NULL, NULL),
(69163, 5632, 'Nagrak', 1, NULL, NULL),
(69164, 5632, 'Bandasari', 1, NULL, NULL),
(69165, 5632, 'Pananjung', 1, NULL, NULL),
(69166, 5632, 'Ciluncat', 1, NULL, NULL),
(69167, 5632, 'Cangkuang', 1, NULL, NULL),
(69168, 5632, 'Tanjungsari', 1, NULL, NULL),
(69169, 1329, 'Parungserab', 1, NULL, NULL),
(69170, 1329, 'Sekarwangi', 1, NULL, NULL),
(69171, 1329, 'Cingcin', 1, NULL, NULL),
(69172, 5633, 'Cilame', 1, NULL, NULL),
(69173, 5633, 'Buninagara', 1, NULL, NULL),
(69174, 5633, 'Padasuka', 1, NULL, NULL),
(69175, 5633, 'Sukamulya', 1, NULL, NULL),
(69176, 5633, 'Kutawaringin', 1, NULL, NULL),
(69177, 5633, 'Kopo', 1, NULL, NULL),
(69178, 5633, 'Cibodas', 1, NULL, NULL),
(69179, 5633, 'Jatisari', 1, NULL, NULL),
(69180, 5633, 'Jelegong', 1, NULL, NULL),
(69181, 5633, 'Gajahmekar', 1, NULL, NULL),
(69182, 5633, 'Pameuntasan', 1, NULL, NULL),
(69471, 1518, 'Sukamaju', 1, NULL, NULL),
(69472, 5659, 'Buninagara', 1, NULL, NULL),
(69473, 5659, 'Werasari', 1, NULL, NULL),
(69474, 5659, 'Malausma', 1, NULL, NULL),
(69475, 5659, 'Banyusari', 1, NULL, NULL),
(69476, 5659, 'Jagamulya', 1, NULL, NULL),
(69477, 5659, 'Cimuncang', 1, NULL, NULL),
(69478, 5659, 'Ciranca', 1, NULL, NULL),
(69479, 5659, 'Lebakwangi', 1, NULL, NULL),
(69480, 5659, 'Sukadana', 1, NULL, NULL),
(69481, 5659, 'Girimukti', 1, NULL, NULL),
(69482, 1522, 'Sukaperna', 1, NULL, NULL),
(69483, 1522, 'Kertarahayu', 1, NULL, NULL),
(69484, 5660, 'Pasirayu', 1, NULL, NULL),
(69485, 5660, 'Garawastu', 1, NULL, NULL),
(69486, 5660, 'Sangkanhurip', 1, NULL, NULL),
(69487, 5660, 'Indrakila', 1, NULL, NULL),
(69488, 5660, 'Sindang', 1, NULL, NULL),
(69489, 5660, 'Gunung Kuning', 1, NULL, NULL),
(69490, 5660, 'Bayureja', 1, NULL, NULL),
(69491, 5661, 'Jatisawit', 1, NULL, NULL),
(69492, 5661, 'Leuwikidang', 1, NULL, NULL),
(69493, 5661, 'Girimukti', 1, NULL, NULL),
(69494, 5661, 'Jatimulya', 1, NULL, NULL),
(69495, 5661, 'Wanajaya', 1, NULL, NULL),
(69496, 5661, 'Ranjiwetan', 1, NULL, NULL),
(69497, 5661, 'Ranjikulon', 1, NULL, NULL),
(69498, 5661, 'Gunungsari', 1, NULL, NULL),
(69499, 5661, 'Kasokandel', 1, NULL, NULL),
(69500, 5661, 'Gandasari', 1, NULL, NULL),
(69501, 1542, 'Pasirnanjung', 1, NULL, NULL),
(69502, 1547, 'Mekarrahayu', 1, NULL, NULL),
(69503, 1547, 'Margalaksana', 1, NULL, NULL),
(69504, 1552, 'Ranggon', 1, NULL, NULL),
(69505, 1553, 'Jayamandiri', 1, NULL, NULL),
(69506, 5662, 'Sukakersa', 1, NULL, NULL),
(69507, 5662, 'Mekarasih', 1, NULL, NULL),
(69508, 5662, 'Ciranggem', 1, NULL, NULL),
(69509, 5662, 'Cisampih', 1, NULL, NULL),
(69510, 5662, 'Kadu', 1, NULL, NULL),
(69511, 5662, 'Lebaksiuh', 1, NULL, NULL),
(69512, 5662, 'Cintajaya', 1, NULL, NULL),
(69513, 5662, 'Cipicung', 1, NULL, NULL),
(69514, 5662, 'Jemah', 1, NULL, NULL),
(69515, 5662, 'Cijeungjing', 1, NULL, NULL),
(69516, 5662, 'Kadujaya', 1, NULL, NULL),
(69517, 5662, 'Karedok', 1, NULL, NULL),
(69518, 1564, 'Tanjungmedar', 1, NULL, NULL),
(69519, 1565, 'Ciawitali', 1, NULL, NULL),
(69520, 1566, 'Ranggasari', 1, NULL, NULL),
(69521, 1566, 'Suriamedal', 1, NULL, NULL),
(69522, 1566, 'Suriamukti', 1, NULL, NULL),
(69562, 5666, 'Cipancar', 1, NULL, NULL),
(69563, 5666, 'Cikujang', 1, NULL, NULL),
(69564, 5666, 'Cijengkol', 1, NULL, NULL),
(69565, 5666, 'Cintamekar', 1, NULL, NULL),
(69566, 5666, 'Ponggang', 1, NULL, NULL),
(69567, 5666, 'Talagasari', 1, NULL, NULL),
(69568, 5667, 'Ciater', 1, NULL, NULL),
(69569, 5667, 'Nagrak', 1, NULL, NULL),
(69570, 5667, 'Cibeusi', 1, NULL, NULL),
(69571, 5667, 'Cibitung', 1, NULL, NULL),
(69572, 5667, 'Sanca', 1, NULL, NULL),
(69573, 5667, 'Palasari', 1, NULL, NULL),
(69574, 5667, 'Cisaat', 1, NULL, NULL),
(69575, 1597, 'Pakuhaji', 1, NULL, NULL),
(69576, 5668, 'Pasanggrahan', 1, NULL, NULL),
(69577, 5668, 'Sindangsari', 1, NULL, NULL),
(69578, 5668, 'Bojongloa', 1, NULL, NULL),
(69579, 5668, 'Tenjolaya', 1, NULL, NULL),
(69580, 5668, 'Sukamelang', 1, NULL, NULL),
(69581, 5668, 'Kasomalang Wetan', 1, NULL, NULL),
(69582, 5668, 'Kasomalang Kulon', 1, NULL, NULL),
(69583, 5668, 'Cimanglid', 1, NULL, NULL),
(69584, 1600, 'Cibalandongjaya', 1, NULL, NULL),
(69585, 1600, 'Belendung', 1, NULL, NULL),
(69586, 1600, 'Cisaga', 1, NULL, NULL),
(69587, 1601, 'Wanareja', 1, NULL, NULL),
(69588, 1602, 'Banggalamulya', 1, NULL, NULL),
(69589, 1602, 'Jalupang', 1, NULL, NULL),
(69590, 1602, 'Caracas', 1, NULL, NULL),
(69591, 1602, 'Ciruluk', 1, NULL, NULL),
(69592, 5669, 'Jambelaer', 1, NULL, NULL),
(69593, 5669, 'Margasari', 1, NULL, NULL),
(69594, 5669, 'Cisampih', 1, NULL, NULL),
(69595, 5669, 'Situsari', 1, NULL, NULL),
(69596, 5669, 'Sukasari', 1, NULL, NULL),
(69597, 5669, 'Rawalele', 1, NULL, NULL),
(69598, 5669, 'Dawuan Kidul', 1, NULL, NULL),
(69599, 5669, 'Dawuan Kaler', 1, NULL, NULL),
(69600, 5669, 'Manyeti', 1, NULL, NULL),
(69601, 5669, 'Batusari', 1, NULL, NULL),
(69602, 1603, 'Karangmukti', 1, NULL, NULL),
(69603, 1603, 'Kosar', 1, NULL, NULL),
(69604, 1604, 'Balebandung Jaya', 1, NULL, NULL),
(69605, 1608, 'Jabong', 1, NULL, NULL),
(69606, 5670, 'Balingbing', 1, NULL, NULL),
(69607, 5670, 'Cidadap', 1, NULL, NULL),
(69608, 5670, 'Cidahu', 1, NULL, NULL),
(69609, 5670, 'Pangsor', 1, NULL, NULL),
(69610, 5670, 'Munjul', 1, NULL, NULL),
(69611, 5670, 'Margahayu', 1, NULL, NULL),
(69612, 5670, 'Bendungan', 1, NULL, NULL),
(69613, 5670, 'Mekarwangi', 1, NULL, NULL),
(69614, 5670, 'Sumurgintung', 1, NULL, NULL),
(69615, 1611, 'Karangwangi', 1, NULL, NULL),
(69616, 5671, 'Tanjungrasa', 1, NULL, NULL),
(69617, 5671, 'Wanajaya', 1, NULL, NULL),
(69618, 5671, 'Gardumukti', 1, NULL, NULL),
(69619, 5671, 'Mariuk', 1, NULL, NULL),
(69620, 5671, 'Kertajaya', 1, NULL, NULL),
(69621, 5671, 'Tambakdahan', 1, NULL, NULL),
(69622, 5671, 'Bojongkeding', 1, NULL, NULL),
(69623, 5671, 'Bojonegara', 1, NULL, NULL),
(69624, 5671, 'Rancaudik', 1, NULL, NULL),
(69625, 5672, 'Mandalawangi', 1, NULL, NULL),
(69626, 5672, 'Curugreja', 1, NULL, NULL),
(69627, 5672, 'Batangsari', 1, NULL, NULL),
(69628, 5672, 'Sukasari', 1, NULL, NULL),
(69629, 5672, 'Sukareja', 1, NULL, NULL),
(69630, 5672, 'Anggasari', 1, NULL, NULL),
(69631, 5672, 'Sukamaju', 1, NULL, NULL),
(69632, 1614, 'Rancadaka', 1, NULL, NULL),
(69633, 1614, 'Patimban', 1, NULL, NULL),
(69634, 1614, 'Mundusari', 1, NULL, NULL),
(69635, 5673, 'Bojong Tengah', 1, NULL, NULL),
(69636, 5673, 'Bojongjaya', 1, NULL, NULL),
(69637, 5673, 'Cigugur', 1, NULL, NULL),
(69638, 5673, 'Cigugur Kaler', 1, NULL, NULL),
(69639, 5673, 'Rangdu', 1, NULL, NULL),
(69640, 5673, 'Karanganyar', 1, NULL, NULL),
(69641, 5673, 'Kebondanas', 1, NULL, NULL),
(69642, 5673, 'Pusakajaya', 1, NULL, NULL),
(69643, 5674, 'Cipurwasari', 1, NULL, NULL),
(69644, 5674, 'Cigunungsari', 1, NULL, NULL),
(69645, 5674, 'Mekarbuana', 1, NULL, NULL),
(69646, 5674, 'Wargasetra', 1, NULL, NULL),
(69647, 5674, 'Cintalaksana', 1, NULL, NULL),
(69648, 5674, 'Cintawargi', 1, NULL, NULL),
(69649, 5674, 'Cintalanggeng', 1, NULL, NULL),
(69650, 5674, 'Kutamaneuh', 1, NULL, NULL),
(69651, 5674, 'Kutalanggeng', 1, NULL, NULL),
(69652, 5675, 'Sirnabaya', 1, NULL, NULL),
(69653, 5675, 'Pinayungan', 1, NULL, NULL),
(69654, 5675, 'Telukjambe', 1, NULL, NULL),
(69655, 5675, 'Puseurjaya', 1, NULL, NULL),
(69656, 5675, 'Sukaluyu', 1, NULL, NULL),
(69657, 5675, 'Sukaharja', 1, NULL, NULL),
(69658, 5675, 'Wadas', 1, NULL, NULL),
(69659, 5675, 'Sukamakmur', 1, NULL, NULL),
(69660, 5675, 'Purwadana', 1, NULL, NULL),
(69661, 5676, 'Wanajaya', 1, NULL, NULL),
(69662, 5676, 'Wanakerta', 1, NULL, NULL),
(69663, 5676, 'Wanasari', 1, NULL, NULL),
(69664, 5676, 'Margamulya', 1, NULL, NULL),
(69665, 5676, 'Margakaya', 1, NULL, NULL),
(69666, 5676, 'Karangligar', 1, NULL, NULL),
(69667, 5676, 'Karangmulya', 1, NULL, NULL),
(69668, 5676, 'Mulyajaya', 1, NULL, NULL),
(69669, 5676, 'Mekarmulya', 1, NULL, NULL),
(69670, 5676, 'Parungsari', 1, NULL, NULL),
(69671, 5677, 'Mekarjaya', 1, NULL, NULL),
(69672, 5677, 'Tamelang', 1, NULL, NULL),
(69673, 5677, 'Purwasari', 1, NULL, NULL),
(69674, 5677, 'Sukasari', 1, NULL, NULL),
(69675, 5677, 'Tegalsari', 1, NULL, NULL),
(69676, 5677, 'Karangsari', 1, NULL, NULL),
(69677, 5677, 'Darawolong', 1, NULL, NULL),
(69678, 5677, 'Cengkong', 1, NULL, NULL),
(69679, 1648, 'Lemahmulya', 1, NULL, NULL),
(69680, 1648, 'Pasirmulya', 1, NULL, NULL),
(69681, 5678, 'Adiarsa Timur', 1, NULL, NULL),
(69682, 5678, 'Warungbambu', 1, NULL, NULL),
(69683, 5678, 'Kondangjaya', 1, NULL, NULL),
(69684, 5678, 'Margasari', 1, NULL, NULL),
(69685, 5678, 'Karawang Wetan', 1, NULL, NULL),
(69686, 5678, 'Palumbonsari', 1, NULL, NULL),
(69687, 5678, 'Palawad', 1, NULL, NULL),
(69688, 5678, 'Tegalsawah', 1, NULL, NULL),
(69689, 5679, 'Adiarsa Barat', 1, NULL, NULL),
(69690, 5679, 'Nagasari', 1, NULL, NULL),
(69691, 5679, 'Karawang Kulon', 1, NULL, NULL),
(69692, 5679, 'Tanjungpura', 1, NULL, NULL),
(69693, 5679, 'Tanjungmekar', 1, NULL, NULL),
(69694, 5679, 'Karangpawitan', 1, NULL, NULL),
(69695, 5679, 'Mekarjati', 1, NULL, NULL),
(69696, 5679, 'Tunggakjati', 1, NULL, NULL),
(69697, 5680, 'Sukaratu', 1, NULL, NULL),
(69698, 5680, 'Ciptamargi', 1, NULL, NULL),
(69699, 5680, 'Tanjungsari', 1, NULL, NULL),
(69700, 5680, 'Mekarpohaci', 1, NULL, NULL),
(69701, 5680, 'Kertamukti', 1, NULL, NULL),
(69702, 5680, 'Cikande', 1, NULL, NULL),
(69703, 5680, 'Rawasari', 1, NULL, NULL),
(69704, 5680, 'Kosambibatu', 1, NULL, NULL),
(69705, 5680, 'Pusakajaya Selatan', 1, NULL, NULL),
(69706, 5680, 'Pusakajaya Utara', 1, NULL, NULL),
(69707, 1662, 'Pasirsari', 1, NULL, NULL),
(69708, 1667, 'Karangasih', 1, NULL, NULL),
(69709, 1667, 'Karangraharja', 1, NULL, NULL),
(69710, 1667, 'Waluya', 1, NULL, NULL),
(69711, 1703, 'Jati Sari', 1, NULL, NULL),
(69712, 1704, 'Manjahlega', 1, NULL, NULL),
(69713, 1704, 'Mekarjaya', 1, NULL, NULL),
(69714, 5681, 'Rancabolang', 1, NULL, NULL),
(69715, 5681, 'Rancanumpang', 1, NULL, NULL),
(69716, 5681, 'Cisaranten Kidul', 1, NULL, NULL),
(69717, 5681, 'Cimincrang', 1, NULL, NULL),
(69718, 5682, 'Mekar Mulya', 1, NULL, NULL),
(69719, 5682, 'Cipadung Kidul', 1, NULL, NULL),
(69720, 5682, 'Cipadung Wetan', 1, NULL, NULL),
(69721, 5682, 'Cipadung Kulon', 1, NULL, NULL),
(69722, 5683, 'Cisaranten Wetan', 1, NULL, NULL),
(69723, 5683, 'Babakan Penghulu', 1, NULL, NULL),
(69724, 5683, 'Pakemitan', 1, NULL, NULL),
(69725, 5683, 'Sukamulya', 1, NULL, NULL),
(69726, 1707, 'Cisaranten Endah', 1, NULL, NULL),
(69727, 5684, 'Antapani Kidul', 1, NULL, NULL),
(69728, 5684, 'Antapani Tengah', 1, NULL, NULL),
(69729, 5684, 'Antapani Wetan', 1, NULL, NULL),
(69730, 5684, 'Antapani Kulon', 1, NULL, NULL),
(69731, 5685, 'Jatihandap', 1, NULL, NULL),
(69732, 5685, 'Karang Pamulang', 1, NULL, NULL),
(69733, 5685, 'Sindang Jaya', 1, NULL, NULL),
(69734, 5685, 'Pasir Impun', 1, NULL, NULL),
(69735, 1726, 'Jaticempaka', 1, NULL, NULL),
(69736, 1726, 'Jatibening Baru', 1, NULL, NULL),
(69737, 1727, 'Jatiraden', 1, NULL, NULL),
(69738, 5686, 'Jatimurni', 1, NULL, NULL),
(69739, 5686, 'Jatimelati', 1, NULL, NULL),
(69740, 5686, 'Jatiwarna', 1, NULL, NULL),
(69741, 5686, 'Jatirahayu', 1, NULL, NULL),
(69742, 5687, 'Padurenan', 1, NULL, NULL),
(69743, 5687, 'Cimuning', 1, NULL, NULL),
(69744, 5687, 'Mustika Jaya', 1, NULL, NULL),
(69745, 5687, 'Mustika Sari', 1, NULL, NULL),
(69746, 5688, 'Duren Seribu', 1, NULL, NULL),
(69747, 5688, 'Duren Mekar', 1, NULL, NULL),
(69748, 5688, 'Bojongsari Lama', 1, NULL, NULL),
(69749, 5688, 'Bojongsari Baru', 1, NULL, NULL),
(69750, 5688, 'Curug', 1, NULL, NULL),
(69751, 5688, 'Pondok Petir', 1, NULL, NULL),
(69752, 5688, 'Serua', 1, NULL, NULL),
(69753, 5689, 'Cipayung Jaya', 1, NULL, NULL),
(69754, 5689, 'Bojong Pondok Terong', 1, NULL, NULL),
(69755, 5689, 'Pondok Jaya', 1, NULL, NULL),
(69756, 5689, 'Ratujaya', 1, NULL, NULL),
(69757, 5689, 'Cipayung', 1, NULL, NULL),
(69758, 5690, 'Kalimulya', 1, NULL, NULL),
(69759, 5690, 'Jatimulya', 1, NULL, NULL),
(69760, 5690, 'Kalibaru', 1, NULL, NULL),
(69761, 5690, 'Cilodong', 1, NULL, NULL),
(69762, 5690, 'Sukamaju', 1, NULL, NULL),
(69763, 5691, 'Cilangkap', 1, NULL, NULL),
(69764, 5691, 'Cimpaeun', 1, NULL, NULL),
(69765, 5691, 'Tapos', 1, NULL, NULL),
(69766, 5691, 'Leuwinaggung', 1, NULL, NULL),
(69767, 5691, 'Jatijajar', 1, NULL, NULL),
(69768, 5691, 'Sukamaju Baru', 1, NULL, NULL),
(69769, 5691, 'Sukatani', 1, NULL, NULL),
(69770, 5692, 'Cinere', 1, NULL, NULL),
(69771, 5692, 'Gandul', 1, NULL, NULL),
(69772, 5692, 'Pangkalanjati Baru', 1, NULL, NULL),
(69773, 5692, 'Pangkalanjati', 1, NULL, NULL),
(82443, 1597, 'Pasanggrahan', 1, NULL, NULL),
(82444, 1597, 'Sindangsari', 1, NULL, NULL),
(82481, 1654, 'Kosambibatu', 1, NULL, NULL),
(82482, 5675, 'Karangligar', 1, NULL, NULL),
(82509, 5695, 'Batujajar Barat', 1, '2019-01-27 13:14:42', '2019-01-27 13:14:42'),
(82510, 5695, 'Batujajar Timur', 1, '2019-01-27 13:15:28', '2019-01-27 13:15:28'),
(82511, 5695, 'Cangkorah', 1, '2019-01-27 13:16:41', '2019-01-27 13:16:41'),
(82512, 5695, 'Galanggang', 1, '2019-01-27 13:17:27', '2019-01-27 13:17:27'),
(82513, 5695, 'Giriasih', 1, '2019-01-27 13:18:15', '2019-01-27 13:18:15'),
(82514, 5695, 'Pangauban', 1, '2019-01-27 13:19:49', '2019-01-27 13:19:49'),
(82515, 5695, 'Selacau', 1, '2019-01-27 13:20:47', '2019-01-27 13:20:47'),
(82516, 5696, 'Cihampelas', 1, '2019-01-27 13:23:13', '2019-01-27 13:23:13'),
(82517, 5696, 'Cipatik', 1, '2019-01-27 13:28:52', '2019-01-27 13:28:52'),
(82518, 5696, 'Citapen', 1, '2019-01-27 13:30:15', '2019-01-27 13:30:15'),
(82519, 5696, 'Mekarjaya', 1, '2019-01-27 13:31:11', '2019-01-27 13:31:11'),
(82520, 5696, 'Mekarmukti', 1, '2019-01-27 13:32:08', '2019-01-27 13:32:08'),
(82521, 5696, 'Pataruman', 1, '2019-01-27 13:33:10', '2019-01-27 13:33:10'),
(82522, 5696, 'Singjaya', 1, '2019-01-27 13:34:03', '2019-01-27 13:34:03'),
(82523, 5696, 'Situwangi', 1, '2019-01-27 13:34:52', '2019-01-27 13:34:52'),
(82524, 5696, 'Tanjungjaya', 1, '2019-01-27 13:35:48', '2019-01-27 13:35:48'),
(82525, 5696, 'Tanjungwangi', 1, '2019-01-27 13:36:50', '2019-01-27 13:36:50'),
(82526, 5697, 'Cikalong', 1, '2019-01-28 00:08:15', '2019-01-28 00:08:15'),
(82527, 5697, 'Cipada', 1, '2019-01-28 00:10:10', '2019-01-28 00:10:10'),
(82528, 5697, 'Ciptagumati', 1, '2019-01-28 00:11:01', '2019-01-28 00:11:01'),
(82529, 5697, 'Cisomangbarat', 1, '2019-01-28 00:30:00', '2019-01-28 00:30:00'),
(82530, 5697, 'Ganjarsari', 1, '2019-01-28 00:30:56', '2019-01-28 00:30:56'),
(82531, 5697, 'Kanangasari', 1, '2019-01-28 00:32:01', '2019-01-28 00:32:01'),
(82532, 5697, 'Mandalamukti', 1, '2019-01-28 00:32:59', '2019-01-28 00:32:59'),
(82533, 5697, 'Mandalasari', 1, '2019-01-28 00:34:11', '2019-01-28 00:34:11'),
(82534, 5697, 'Mekarjaya', 1, '2019-01-28 00:35:06', '2019-01-28 00:35:06'),
(82535, 5697, 'Puteran', 1, '2019-01-28 00:35:49', '2019-01-28 00:35:49'),
(82536, 5697, 'Rende', 1, '2019-01-28 00:36:30', '2019-01-28 00:36:30'),
(82537, 5697, 'Tenjolaut', 1, '2019-01-28 00:37:16', '2019-01-28 00:37:16'),
(82538, 5697, 'Wangunjaya', 1, '2019-01-28 00:37:58', '2019-01-28 00:37:58'),
(82539, 5698, 'Batulayang', 1, '2019-01-28 00:41:31', '2019-01-28 00:41:31'),
(82540, 5698, 'Bongas', 1, '2019-01-28 00:43:01', '2019-01-28 00:43:01'),
(82541, 5698, 'Budiharja', 1, '2019-01-28 00:43:38', '2019-01-28 00:43:38'),
(82542, 5698, 'Cililin', 1, '2019-01-28 00:44:15', '2019-01-28 00:44:15'),
(82543, 5698, 'Karanganyar', 1, '2019-01-28 00:44:55', '2019-01-28 00:44:55'),
(82544, 5698, 'Karangtanjung', 1, '2019-01-28 00:46:13', '2019-01-28 00:46:13'),
(82545, 5698, 'Karyamukti', 1, '2019-01-28 00:46:53', '2019-01-28 00:46:53'),
(82546, 5698, 'Kidangpananjung', 1, '2019-01-28 00:48:30', '2019-01-28 00:48:30'),
(82547, 5698, 'Mukapayung', 1, '2019-01-28 00:49:22', '2019-01-28 00:49:22'),
(82548, 5698, 'Nanggerang', 1, '2019-01-28 00:50:09', '2019-01-28 00:50:09'),
(82549, 5698, 'Rancapanggung', 1, '2019-01-28 00:51:07', '2019-01-28 00:51:07'),
(82550, 5699, 'Cipatat', 1, '2019-01-28 00:55:11', '2019-01-28 00:55:11'),
(82551, 5699, 'Ciptaharja', 1, '2019-01-28 00:57:19', '2019-01-28 00:57:19'),
(82552, 5699, 'Cirawamekar', 1, '2019-01-28 00:58:40', '2019-01-28 00:58:40'),
(82553, 5699, 'Citatah', 1, '2019-01-28 00:59:17', '2019-01-28 00:59:17'),
(82554, 5699, 'Gunungmasigit', 1, '2019-01-28 01:00:02', '2019-01-28 01:00:02'),
(82555, 5699, 'Kertamukti', 1, '2019-01-28 01:01:14', '2019-01-28 01:01:14'),
(82556, 5699, 'Mandalasari', 1, '2019-01-28 01:02:12', '2019-01-28 01:02:12'),
(82557, 5699, 'Mandalawangi', 1, '2019-01-28 01:02:52', '2019-01-28 01:02:52'),
(82559, 5699, 'Nyalindung', 1, '2019-01-28 01:03:57', '2019-01-28 01:03:57'),
(82560, 5699, 'Rajamandalakulon', 1, '2019-01-28 01:04:40', '2019-01-28 01:04:40'),
(82561, 5699, 'Sarimukti', 1, '2019-01-28 01:05:29', '2019-01-28 01:05:29'),
(82562, 5699, 'Sumur Bandung', 1, '2019-01-28 01:06:24', '2019-01-28 01:06:24'),
(82563, 5700, 'Bojongmekar', 1, '2019-01-28 01:14:10', '2019-01-28 01:14:10'),
(82564, 5700, 'Ciharashas', 1, '2019-01-28 01:15:16', '2019-01-28 01:15:16'),
(82565, 5700, 'Cipeundeuy', 1, '2019-01-28 01:16:05', '2019-01-28 01:16:05'),
(82566, 5700, 'Ciroyom', 1, '2019-01-28 01:16:44', '2019-01-28 01:16:44'),
(82567, 5700, 'Jatimekar', 1, '2019-01-28 01:17:29', '2019-01-28 01:17:29'),
(82568, 5700, 'Margalaksana', 1, '2019-01-28 01:18:08', '2019-01-28 01:18:08'),
(82569, 5700, 'Margaluyu', 1, '2019-01-28 01:19:15', '2019-01-28 01:19:15'),
(82570, 5700, 'Nanggeleng', 1, '2019-01-28 01:20:07', '2019-01-28 01:20:07'),
(82571, 5700, 'Nyenang', 1, '2019-01-28 01:20:48', '2019-01-28 01:20:48'),
(82572, 5700, 'Sirnagalih', 1, '2019-01-28 01:21:40', '2019-01-28 01:21:40'),
(82573, 5700, 'Sirnaraja', 1, '2019-01-28 01:22:24', '2019-01-28 01:22:24'),
(82574, 5700, 'Sukahaji', 1, '2019-01-28 01:23:19', '2019-01-28 01:23:19'),
(82575, 5701, 'Baranangsiang', 1, '2019-01-28 01:26:29', '2019-01-28 01:26:29'),
(82576, 5701, 'Cibenda', 1, '2019-01-28 01:27:10', '2019-01-28 01:27:10'),
(82577, 5701, 'Cicangkanghilir', 1, '2019-01-28 01:27:52', '2019-01-28 01:27:52'),
(82578, 5701, 'Cijambu', 1, '2019-01-28 01:28:40', '2019-01-28 01:28:40'),
(82579, 5701, 'Cijenuk', 1, '2019-01-28 01:29:36', '2019-01-28 01:29:36'),
(82580, 5701, 'Cintaasih', 1, '2019-01-28 01:30:44', '2019-01-28 01:30:44'),
(82581, 5701, 'Citalem', 1, '2019-01-28 01:31:24', '2019-01-28 01:31:24'),
(82582, 5701, 'Girimukti', 1, '2019-01-28 01:58:51', '2019-01-28 01:58:51'),
(82583, 5701, 'Karangsari', 1, '2019-01-28 01:59:39', '2019-01-28 01:59:39'),
(82584, 5701, 'Mekarsari', 1, '2019-01-28 02:00:42', '2019-01-28 02:00:42'),
(82585, 5701, 'Neglasari', 1, '2019-01-28 02:01:30', '2019-01-28 02:01:30'),
(82586, 5701, 'Sarinagen', 1, '2019-01-28 02:02:26', '2019-01-28 02:02:26'),
(82587, 5701, 'Sirnagalih', 1, '2019-01-28 02:03:11', '2019-01-28 02:03:11'),
(82588, 5701, 'Sukamulya', 1, '2019-01-28 02:03:40', '2019-01-28 02:03:40'),
(82589, 5702, 'Cipada', 1, '2019-01-28 02:11:53', '2019-01-28 02:11:53'),
(82590, 5702, 'Jambudipa', 1, '2019-01-28 02:19:39', '2019-01-28 02:19:39'),
(82591, 5702, 'Kertawangi', 1, '2019-01-28 02:21:16', '2019-01-28 02:21:16'),
(82592, 5702, 'Padaasih', 1, '2019-01-28 02:22:05', '2019-01-28 02:22:05'),
(82593, 5702, 'Pasirhalang', 1, '2019-01-28 02:23:03', '2019-01-28 02:23:03'),
(82594, 5702, 'Pasirlangu', 1, '2019-01-28 02:23:48', '2019-01-28 02:23:48'),
(82595, 5702, 'Sadangmekar', 1, '2019-01-28 02:24:29', '2019-01-28 02:24:29'),
(82596, 5702, 'Tugumukti', 1, '2019-01-28 02:25:15', '2019-01-28 02:25:15'),
(82597, 5703, 'Bunijaya', 1, '2019-01-28 02:28:33', '2019-01-28 02:28:33'),
(82598, 5703, 'Celak', 1, '2019-01-28 02:29:17', '2019-01-28 02:29:17'),
(82599, 5703, 'Cilangari', 1, '2019-01-28 02:30:25', '2019-01-28 02:30:25'),
(82600, 5703, 'Gununghalu', 1, '2019-01-28 02:31:16', '2019-01-28 02:31:16'),
(82601, 5703, 'Sindangjaya', 1, '2019-01-28 02:32:05', '2019-01-28 02:32:05'),
(82602, 5703, 'Sirnajaya', 1, '2019-01-28 02:32:37', '2019-01-28 02:32:37'),
(82603, 5703, 'Sukasari', 1, '2019-01-28 02:33:22', '2019-01-28 02:33:22'),
(82604, 5703, 'Tamanjaya', 1, '2019-01-28 02:34:16', '2019-01-28 02:34:16'),
(82605, 5703, 'Wargasaluyu', 1, '2019-01-28 02:35:16', '2019-01-28 02:35:16'),
(82606, 5704, 'Cibodas', 1, '2019-01-28 02:40:23', '2019-01-28 02:40:23'),
(82607, 5704, 'Cibogo', 1, '2019-01-28 02:40:58', '2019-01-28 02:40:58'),
(82608, 5704, 'Cikahuripan', 1, '2019-01-28 02:41:32', '2019-01-28 02:41:32'),
(82609, 5704, 'Cikidang', 1, '2019-01-28 02:42:17', '2019-01-28 02:42:17'),
(82610, 5704, 'Cikole', 1, '2019-01-28 02:43:18', '2019-01-28 02:43:18'),
(82611, 5704, 'Gudangkahuripan', 1, '2019-01-28 02:44:10', '2019-01-28 02:44:10'),
(82612, 5704, 'Jayagiri', 1, '2019-01-28 02:45:05', '2019-01-28 02:45:05'),
(82613, 5704, 'Kayuambon', 1, '2019-01-28 02:45:50', '2019-01-28 02:45:50'),
(82614, 5704, 'Langensari', 1, '2019-01-28 02:46:36', '2019-01-28 02:46:36'),
(82615, 5704, 'Lembang', 1, '2019-01-28 02:47:13', '2019-01-28 02:47:13'),
(82616, 5704, 'Mekarwangi', 1, '2019-01-28 02:47:50', '2019-01-28 02:47:50'),
(82617, 5704, 'Pagerwangi', 1, '2019-01-28 02:48:41', '2019-01-28 02:48:41'),
(82618, 5704, 'Sukajaya', 1, '2019-01-28 02:49:25', '2019-01-28 02:49:25'),
(82619, 5704, 'Suntenjaya', 1, '2019-01-28 02:50:25', '2019-01-28 02:50:25'),
(82620, 5704, 'Wangunharja', 1, '2019-01-28 02:51:12', '2019-01-28 02:51:12'),
(82621, 5704, 'Wangunsari', 1, '2019-01-28 02:51:54', '2019-01-28 02:51:54'),
(82622, 5705, 'Bojongkoneng', 1, '2019-01-28 03:06:33', '2019-01-28 03:06:33'),
(82623, 5705, 'Cilame', 1, '2019-01-28 03:07:20', '2019-01-28 03:07:20'),
(82624, 5705, 'Cimanggu', 1, '2019-01-28 03:08:11', '2019-01-28 03:08:11'),
(82625, 5705, 'Cimareme', 1, '2019-01-28 03:09:02', '2019-01-28 03:09:02'),
(82626, 5705, 'Gadobangkong', 1, '2019-01-28 03:10:49', '2019-01-28 03:10:49'),
(82627, 5705, 'Margajaya', 1, '2019-01-28 03:11:50', '2019-01-28 03:11:50'),
(82628, 5705, 'Mekarsari', 1, '2019-01-28 03:12:46', '2019-01-28 03:12:46'),
(82629, 5705, 'Ngamprah', 1, '2019-01-28 03:13:34', '2019-01-28 03:13:34'),
(82630, 5705, 'Pakuhaji', 1, '2019-01-28 03:14:24', '2019-01-28 03:14:24'),
(82631, 5705, 'Sukatani', 1, '2019-01-28 03:14:56', '2019-01-28 03:14:56'),
(82632, 5705, 'Tanimulya', 1, '2019-01-28 03:18:00', '2019-01-28 03:18:00'),
(82633, 5706, 'Campakamekar', 1, '2019-01-28 03:24:55', '2019-01-28 03:24:55'),
(82634, 5706, 'Ciburury', 1, '2019-01-28 03:25:46', '2019-01-28 03:25:46'),
(82635, 5706, 'Cimerang', 1, '2019-01-28 03:26:36', '2019-01-28 03:26:36'),
(82636, 5706, 'Cipeundeuy', 1, '2019-01-28 03:27:23', '2019-01-28 03:27:23'),
(82637, 5706, 'Jayamekar', 1, '2019-01-28 03:28:17', '2019-01-28 03:28:17'),
(82638, 5706, 'Kertajaya', 1, '2019-01-28 03:29:04', '2019-01-28 03:29:04'),
(82639, 5706, 'Kertamulya', 1, '2019-01-28 03:30:00', '2019-01-28 03:30:00'),
(82640, 5706, 'Laksanamekar', 1, '2019-01-28 03:30:48', '2019-01-28 03:30:48'),
(82641, 5706, 'Padalarang', 1, '2019-01-28 03:31:21', '2019-01-28 03:31:21'),
(82642, 5706, 'Tagogapu', 1, '2019-01-28 03:32:27', '2019-01-28 03:32:27'),
(82643, 5707, 'Cigugurgirang', 1, '2019-01-28 03:36:00', '2019-01-28 03:36:00'),
(82644, 5707, 'Cihanjuang', 1, '2019-01-28 03:36:48', '2019-01-28 03:36:48'),
(82645, 5707, 'Cihanjuangrahayu', 1, '2019-01-28 03:37:27', '2019-01-28 03:37:27'),
(82646, 5707, 'Cihideung', 1, '2019-01-28 03:38:10', '2019-01-28 03:38:10'),
(82647, 5707, 'Ciwaruga', 1, '2019-01-28 03:38:55', '2019-01-28 03:38:55');
INSERT INTO `desa` (`id`, `kecamatan_id`, `desa_name`, `publication_status`, `created_at`, `updated_at`) VALUES
(82648, 5707, 'Karyawangi', 1, '2019-01-28 03:40:00', '2019-01-28 03:40:00'),
(82649, 5707, 'Sariwangi', 1, '2019-01-28 03:40:42', '2019-01-28 03:40:42'),
(82650, 5708, 'Bojong', 1, '2019-01-28 03:42:42', '2019-01-28 03:42:42'),
(82651, 5708, 'Bojongsalam', 1, '2019-01-28 03:43:20', '2019-01-28 03:43:20'),
(82652, 5708, 'Cibedug', 1, '2019-01-28 03:43:53', '2019-01-28 03:43:53'),
(82653, 5708, 'Cibitung', 1, '2019-01-28 03:45:12', '2019-01-28 03:45:12'),
(82654, 5708, 'Cicadas', 1, '2019-01-28 03:45:47', '2019-01-28 03:45:47'),
(82655, 5708, 'Cinengah', 1, '2019-01-28 03:46:21', '2019-01-28 03:46:21'),
(82656, 5708, 'Sukamanah', 1, '2019-01-28 03:47:05', '2019-01-28 03:47:05'),
(82657, 5708, 'Sukaresmi', 1, '2019-01-28 03:47:37', '2019-01-28 03:47:37'),
(82658, 5709, 'Bojonghaleuang', 1, '2019-01-28 03:49:28', '2019-01-28 03:49:28'),
(82659, 5709, 'Cikande', 1, '2019-01-28 03:50:11', '2019-01-28 03:50:11'),
(82660, 5709, 'Cipangeran', 1, '2019-01-28 03:51:02', '2019-01-28 03:51:02'),
(82661, 5709, 'Girimukti', 1, '2019-01-28 03:51:49', '2019-01-28 03:51:49'),
(82662, 5709, 'Jati', 1, '2019-01-28 03:52:22', '2019-01-28 03:52:22'),
(82663, 5709, 'Saguling', 1, '2019-01-28 03:52:57', '2019-01-28 03:52:57'),
(82664, 5710, 'Buninagara', 1, '2019-01-28 03:55:15', '2019-01-28 03:55:15'),
(82665, 5710, 'Cicangkanggirang', 1, '2019-01-28 03:56:39', '2019-01-28 03:56:39'),
(82666, 5710, 'Cikadu', 1, '2019-01-28 03:57:23', '2019-01-28 03:57:23'),
(82667, 5710, 'Cintakarya', 1, '2019-01-28 03:58:06', '2019-01-28 03:58:06'),
(82668, 5710, 'Mekarwangi', 1, '2019-01-28 03:58:44', '2019-01-28 03:58:44'),
(82669, 5710, 'Pasirpogor', 1, '2019-01-28 03:59:51', '2019-01-28 03:59:51'),
(82670, 5710, 'Puncaksari', 1, '2019-01-28 04:00:37', '2019-01-28 04:00:37'),
(82671, 5710, 'Rancasenggang', 1, '2019-01-28 04:01:41', '2019-01-28 04:01:41'),
(82672, 5710, 'Sindangkerta', 1, '2019-01-28 04:02:44', '2019-01-28 04:02:44'),
(82673, 5710, 'Wangunsari', 1, '2019-01-28 04:03:31', '2019-01-28 04:03:31'),
(82674, 5710, 'Weninggalih', 1, '2019-01-28 04:04:20', '2019-01-28 04:04:20'),
(82743, 5721, 'Ciawigebang', 1, '2019-01-29 12:06:03', '2019-01-29 12:06:03'),
(82744, 5721, 'Ciawi Lor', 1, '2019-01-29 12:08:14', '2019-01-29 12:08:14'),
(82745, 5721, 'Cigarukgak', 1, '2019-01-29 12:09:08', '2019-01-29 12:09:08'),
(82746, 5721, 'Cihaur', 1, '2019-01-29 12:09:54', '2019-01-29 12:09:54'),
(82747, 5721, 'Cihirup', 1, '2019-01-29 12:10:53', '2019-01-29 12:10:53'),
(82748, 5721, 'Cijagamulya', 1, '2019-01-29 12:11:26', '2019-01-29 12:11:26'),
(82749, 5721, 'Cikubangmulya', 1, '2019-01-29 12:12:12', '2019-01-29 12:12:12'),
(82750, 5721, 'Ciomas', 1, '2019-01-29 12:12:34', '2019-01-29 12:12:34'),
(82751, 5721, 'Ciputat', 1, '2019-01-29 12:13:03', '2019-01-29 12:13:03'),
(82752, 5721, 'Dukuhdalem', 1, '2019-01-29 12:13:44', '2019-01-29 12:13:44'),
(82753, 5721, 'Geresik', 1, '2019-01-29 12:15:18', '2019-01-29 12:15:18'),
(82754, 5721, 'Kadurama', 1, '2019-01-29 12:18:03', '2019-01-29 12:18:03'),
(82755, 5721, 'Kapandayan', 1, '2019-01-29 12:18:30', '2019-01-29 12:21:14'),
(82756, 5721, 'Karamatmulya', 1, '2019-01-29 12:19:52', '2019-01-29 12:19:52'),
(82757, 5721, 'Karangkamulyan', 1, '2019-01-29 12:23:32', '2019-01-29 12:23:32'),
(82758, 5721, 'Lebaksiuh', 1, '2019-01-29 12:24:12', '2019-01-29 12:24:12'),
(82759, 5721, 'Mekarjaya', 1, '2019-01-29 12:24:50', '2019-01-29 12:24:50'),
(82760, 5721, 'Padarama', 1, '2019-01-29 12:25:34', '2019-01-29 12:25:34'),
(82761, 5721, 'Pajawan Lor', 1, '2019-01-29 12:26:18', '2019-01-29 12:26:18'),
(82762, 5721, 'Pamijahan', 1, '2019-01-29 12:26:54', '2019-01-29 12:26:54'),
(82763, 5721, 'Pangkalan', 1, '2019-01-29 12:27:17', '2019-01-29 12:27:17'),
(82764, 5721, 'Sidaraja', 1, '2019-01-29 12:27:38', '2019-01-29 12:27:38'),
(82765, 5721, 'Sukadana', 1, '2019-01-29 12:28:10', '2019-01-29 12:28:10'),
(82766, 5721, 'Sukaraja', 1, '2019-01-29 12:28:33', '2019-01-29 12:28:33'),
(82767, 5753, 'Banjaranyar', 1, '2019-01-29 12:29:59', '2019-01-29 12:29:59'),
(82768, 5753, 'Cigayam', 1, '2019-01-29 12:30:42', '2019-01-29 12:30:42'),
(82769, 5753, 'Cikaso', 1, '2019-01-29 12:31:11', '2019-01-29 12:31:11'),
(82770, 5753, 'Cikupa', 1, '2019-01-29 12:32:30', '2019-01-29 12:32:30'),
(82771, 5753, 'Kalijaya', 1, '2019-01-29 12:32:54', '2019-01-29 12:32:54'),
(82772, 5753, 'Karyamukti', 1, '2019-01-29 12:33:14', '2019-01-29 12:33:14'),
(82773, 5753, 'Langkapsari', 1, '2019-01-29 12:33:46', '2019-01-29 12:33:46'),
(82774, 5753, 'Pasawahan', 1, '2019-01-29 12:34:14', '2019-01-29 12:34:14'),
(82775, 5753, 'Sindangrasa', 1, '2019-01-29 12:34:49', '2019-01-29 12:34:49'),
(82777, 5753, 'Tanjungasari', 1, '2019-01-29 12:35:35', '2019-01-29 12:35:35'),
(82779, 5754, 'Banjarsari', 1, '2019-01-29 12:38:32', '2019-01-29 12:38:32'),
(82780, 5754, 'Cibadak', 1, '2019-01-29 12:38:59', '2019-01-29 12:38:59'),
(82781, 5722, 'Cibeureum', 1, '2019-01-29 12:39:11', '2019-01-29 12:39:11'),
(82782, 5754, 'Cicapar', 1, '2019-01-29 12:39:31', '2019-01-29 12:39:31'),
(82783, 5722, 'Cimara', 1, '2019-01-29 12:39:49', '2019-01-29 12:39:49'),
(82784, 5754, 'Ciherang', 1, '2019-01-29 12:39:58', '2019-01-29 12:39:58'),
(82785, 5722, 'Kawungsari', 1, '2019-01-29 12:40:20', '2019-01-29 12:40:20'),
(82786, 5754, 'Ciulu', 1, '2019-01-29 12:40:27', '2019-01-29 12:40:27'),
(82787, 5722, 'Randusari', 1, '2019-01-29 12:41:13', '2019-01-29 12:41:13'),
(82788, 5754, 'Kawasen', 1, '2019-01-29 12:41:14', '2019-01-29 12:41:14'),
(82789, 5722, 'Sukadana', 1, '2019-01-29 12:41:50', '2019-01-29 12:41:50'),
(82790, 5722, 'Sukarapih', 1, '2019-01-29 12:42:15', '2019-01-29 12:42:15'),
(82791, 5754, 'Purwasari', 1, '2019-01-29 12:42:17', '2019-01-29 12:42:17'),
(82792, 5722, 'Sumurwiru', 1, '2019-01-29 12:42:49', '2019-01-29 12:42:49'),
(82793, 5754, 'Ratawangi', 1, '2019-01-29 12:43:33', '2019-01-29 12:43:33'),
(82794, 5722, 'Tarikolot', 1, '2019-01-29 12:43:37', '2019-01-29 12:43:37'),
(82795, 5754, 'Sindangasih', 1, '2019-01-29 12:44:55', '2019-01-29 12:44:55'),
(82796, 5723, 'Bantarpanjang', 1, '2019-01-29 12:45:26', '2019-01-29 12:45:26'),
(82797, 5723, 'Ciangir', 1, '2019-01-29 12:46:13', '2019-01-29 12:46:13'),
(82798, 5754, 'Sindanghayu', 1, '2019-01-29 12:46:17', '2019-01-29 12:46:17'),
(82799, 5723, 'Cibingbin', 1, '2019-01-29 12:46:39', '2019-01-29 12:46:39'),
(82800, 5754, 'Sindangsari', 1, '2019-01-29 12:46:50', '2019-01-29 12:46:50'),
(82801, 5723, 'Cipondok', 1, '2019-01-29 12:47:01', '2019-01-29 12:47:01'),
(82802, 5754, 'Sukasari', 1, '2019-01-29 12:47:14', '2019-01-29 12:47:14'),
(82803, 5723, 'Cisaat', 1, '2019-01-29 12:47:25', '2019-01-29 12:47:25'),
(82804, 5723, 'Citenjo', 1, '2019-01-29 12:48:07', '2019-01-29 12:48:07'),
(82805, 5723, 'Dukuhbadag', 1, '2019-01-29 12:48:46', '2019-01-29 12:48:46'),
(82806, 5723, 'Sindangjawa', 1, '2019-01-29 12:49:43', '2019-01-29 12:49:43'),
(82807, 5723, 'Sukaharja', 1, '2019-01-29 12:51:43', '2019-01-29 12:51:43'),
(82808, 5755, 'Baregbeg', 1, '2019-01-29 12:51:56', '2019-01-29 12:51:56'),
(82809, 5723, 'Sukamaju', 1, '2019-01-29 12:52:09', '2019-01-29 12:52:09'),
(82810, 5755, 'Jelat', 1, '2019-01-29 12:53:53', '2019-01-29 12:53:53'),
(82811, 5755, 'Karangampel', 1, '2019-01-29 12:54:19', '2019-01-29 12:54:19'),
(82812, 5724, 'Bunder', 1, '2019-01-29 13:03:27', '2019-01-29 13:03:27'),
(82813, 5724, 'Cibulan', 1, '2019-01-29 13:04:37', '2019-01-29 13:04:37'),
(82814, 5724, 'Cidahu', 1, '2019-01-29 13:05:07', '2019-01-29 13:05:07'),
(82815, 5724, 'Cieurih', 1, '2019-01-29 13:05:44', '2019-01-29 13:05:44'),
(82816, 5724, 'Cihideung Girang', 1, '2019-01-29 13:06:17', '2019-01-29 13:06:17'),
(82817, 5724, 'Cihideung Hilir', 1, '2019-01-29 13:06:45', '2019-01-29 13:06:45'),
(82818, 5724, 'Cikeusik', 1, '2019-01-29 13:07:20', '2019-01-29 13:07:20'),
(82819, 5724, 'Datar', 1, '2019-01-29 13:07:50', '2019-01-29 13:07:50'),
(82820, 5724, 'Jatimulya', 1, '2019-01-29 13:08:19', '2019-01-29 13:08:19'),
(82821, 5724, 'Kertawinangun', 1, '2019-01-29 13:08:52', '2019-01-29 13:08:52'),
(82822, 5724, 'Legok', 1, '2019-01-29 13:09:25', '2019-01-29 13:09:25'),
(82823, 5724, 'Nanggela', 1, '2019-01-29 13:09:55', '2019-01-29 13:09:55'),
(82824, 5725, 'Babakanjati', 1, '2019-01-29 13:11:18', '2019-01-29 13:11:18'),
(82825, 5725, 'Bunigeulis', 1, '2019-01-29 13:11:56', '2019-01-29 13:11:56'),
(82826, 5725, 'Cibuntu', 1, '2019-01-29 13:24:44', '2019-01-29 13:24:44'),
(82827, 5725, 'Indapatra', 1, '2019-01-29 13:25:19', '2019-01-29 13:25:19'),
(82828, 5725, 'Jambugeulis', 1, '2019-01-29 13:26:00', '2019-01-29 13:26:00'),
(82829, 5725, 'Karangmuncang', 1, '2019-01-29 13:26:44', '2019-01-29 13:26:44'),
(82830, 5725, 'Koreak', 1, '2019-01-29 13:27:11', '2019-01-29 13:27:11'),
(82831, 5725, 'Panawuan', 1, '2019-01-29 13:27:53', '2019-01-29 13:27:53'),
(82832, 5725, 'Sangkanhurip', 1, '2019-01-29 13:28:33', '2019-01-29 13:28:33'),
(82833, 5725, 'Sangkanmulya', 1, '2019-01-29 13:28:57', '2019-01-29 13:28:57'),
(82834, 5725, 'Timbang', 1, '2019-01-29 13:29:22', '2019-01-29 13:29:22'),
(82836, 5726, 'Babakanmulya', 1, '2019-01-29 13:33:58', '2019-01-29 13:34:38'),
(82837, 5726, 'Cigadung', 1, '2019-01-29 13:35:14', '2019-01-29 13:35:14'),
(82838, 5726, 'Cigugur', 1, '2019-01-29 13:35:38', '2019-01-29 13:35:38'),
(82839, 5726, 'Cileuleuy', 1, '2019-01-29 13:36:00', '2019-01-29 13:36:00'),
(82840, 5726, 'Cipari', 1, '2019-01-29 13:36:24', '2019-01-29 13:36:24'),
(82841, 5726, 'Cisantana', 1, '2019-01-29 13:36:47', '2019-01-29 13:36:47'),
(82842, 5726, 'Gunungkeling', 1, '2019-01-29 13:37:18', '2019-01-29 13:37:18'),
(82843, 5726, 'Puncak', 1, '2019-01-29 13:37:41', '2019-01-29 13:37:41'),
(82844, 5726, 'Sukamulya', 1, '2019-01-29 13:38:12', '2019-01-29 13:38:12'),
(82845, 5726, 'Winduherang', 1, '2019-01-29 13:38:44', '2019-01-29 13:38:44'),
(82846, 5727, 'Bungurberes', 1, '2019-01-29 13:40:44', '2019-01-29 13:40:44'),
(82847, 5727, 'Cilebak', 1, '2019-01-29 13:41:27', '2019-01-29 13:41:27'),
(82848, 5727, 'Cilimusari', 1, '2019-01-29 13:42:15', '2019-01-29 13:42:15'),
(82849, 5727, 'Jalatrang', 1, '2019-01-29 13:42:46', '2019-01-29 13:42:46'),
(82850, 5727, 'Legokherang', 1, '2019-01-29 13:43:30', '2019-01-29 13:43:30'),
(82851, 5727, 'Madapajaya', 1, '2019-01-29 13:44:05', '2019-01-29 13:44:05'),
(82852, 5727, 'Patala', 1, '2019-01-29 13:44:36', '2019-01-29 13:44:36'),
(82853, 5728, 'Bandorasa Kulon', 1, '2019-01-29 13:46:38', '2019-01-29 13:46:38'),
(82854, 5728, 'Bandorasa Wetan', 1, '2019-01-29 13:47:02', '2019-01-29 13:47:02'),
(82855, 5728, 'Bojong', 1, '2019-01-29 13:47:35', '2019-01-29 13:47:35'),
(82856, 5728, 'Caracas', 1, '2019-01-29 13:48:16', '2019-01-29 13:48:16'),
(82857, 5728, 'Cibeureum', 1, '2019-01-29 13:48:50', '2019-01-29 13:48:50'),
(82858, 5728, 'Cilimus', 1, '2019-01-29 13:49:14', '2019-01-29 13:49:14'),
(82859, 5728, 'Kaliaren', 1, '2019-01-29 13:49:42', '2019-01-29 13:49:42'),
(82860, 5728, 'Linggaindah', 1, '2019-01-29 13:50:12', '2019-01-29 13:50:12'),
(82861, 5728, 'Linggajati', 1, '2019-01-29 13:50:43', '2019-01-29 13:50:43'),
(82862, 5728, 'Linggamekar', 1, '2019-01-29 13:51:07', '2019-01-29 13:51:07'),
(82863, 5728, 'Linggasana', 1, '2019-01-29 13:51:28', '2019-01-29 13:51:28'),
(82864, 5728, 'Sampora', 1, '2019-01-29 13:51:59', '2019-01-29 13:51:59'),
(82865, 5728, 'Setianegara', 1, '2019-01-29 13:55:02', '2019-01-29 13:55:02'),
(82866, 5729, 'Cikeusal', 1, '2019-01-29 13:58:07', '2019-01-29 13:58:07'),
(82867, 5729, 'Cileuya', 1, '2019-01-29 13:58:37', '2019-01-29 13:58:37'),
(82868, 5729, 'Cimahi', 1, '2019-01-29 13:58:58', '2019-01-29 13:58:58'),
(82869, 5729, 'Cimulya', 1, '2019-01-29 13:59:21', '2019-01-29 13:59:21'),
(82870, 5729, 'Gunungsari', 1, '2019-01-29 14:00:33', '2019-01-29 14:00:33'),
(82871, 5729, 'Kangana', 1, '2019-01-29 15:10:06', '2019-01-29 15:10:06'),
(82872, 5729, 'Margamukti', 1, '2019-01-29 15:11:31', '2019-01-29 15:11:31'),
(82873, 5729, 'Mekarjaya', 1, '2019-01-29 15:12:53', '2019-01-29 15:12:53'),
(82874, 5729, 'Mulyajaya', 1, '2019-01-29 15:13:57', '2019-01-29 15:13:57'),
(82875, 5729, 'Sukajaya', 1, '2019-01-29 15:14:43', '2019-01-29 15:14:43'),
(82876, 5730, 'Cijemit', 1, '2019-01-29 15:16:07', '2019-01-29 15:16:07'),
(82877, 5730, 'Ciniru', 1, '2019-01-29 15:17:22', '2019-01-29 15:17:22'),
(82878, 5730, 'Cipedes', 1, '2019-01-29 15:18:15', '2019-01-29 15:18:15'),
(82879, 5730, 'Gunungmanik', 1, '2019-01-29 15:19:12', '2019-01-29 15:19:12'),
(82880, 5730, 'Longkewang', 1, '2019-01-29 15:20:47', '2019-01-29 15:20:47'),
(82881, 5730, 'Mungkaldatar', 1, '2019-01-29 15:21:26', '2019-01-29 15:21:26'),
(82882, 5730, 'Pamupukan', 1, '2019-01-29 15:22:08', '2019-01-29 15:22:08'),
(82883, 5730, 'Pinara', 1, '2019-01-29 15:22:47', '2019-01-29 15:22:47'),
(82884, 5730, 'Rambatan', 1, '2019-01-29 15:23:28', '2019-01-29 15:23:28'),
(82885, 5731, 'Cimaranten', 1, '2019-01-29 15:25:02', '2019-01-29 15:25:02'),
(82886, 5731, 'Cipicung', 1, '2019-01-29 15:30:27', '2019-01-29 15:30:27'),
(82887, 5731, 'Karoya', 1, '2019-01-29 15:31:15', '2019-01-29 15:31:15'),
(82888, 5731, 'Mekarsari', 1, '2019-01-29 15:32:13', '2019-01-29 15:32:13'),
(82889, 5731, 'Muncangela', 1, '2019-01-29 15:32:55', '2019-01-29 15:32:55'),
(82890, 5731, 'Pamulihan', 1, '2019-01-29 15:33:29', '2019-01-29 15:33:29'),
(82891, 5731, 'Salareuma', 1, '2019-01-29 15:34:08', '2019-01-29 15:34:08'),
(82892, 5731, 'Suganangan', 1, '2019-01-29 15:35:08', '2019-01-29 15:35:08'),
(82893, 5731, 'Sukamukti', 1, '2019-01-29 15:35:58', '2019-01-29 15:35:58'),
(82894, 5731, 'Susukan', 1, '2019-01-29 15:36:46', '2019-01-29 15:36:46'),
(82895, 5732, 'Andamui', 1, '2019-01-29 16:37:42', '2019-01-29 16:37:42'),
(82896, 5732, 'Baok', 1, '2019-01-29 16:39:00', '2019-01-29 16:39:00'),
(82897, 5732, 'Cilayung', 1, '2019-01-29 16:39:57', '2019-01-29 16:39:57'),
(82898, 5732, 'Citikur', 1, '2019-01-29 16:40:36', '2019-01-29 16:40:36'),
(82899, 5732, 'Citundun', 1, '2019-01-29 16:41:18', '2019-01-29 16:41:18'),
(82900, 5732, 'Ciwaru', 1, '2019-01-29 16:42:00', '2019-01-29 16:42:00'),
(82901, 5732, 'Garajati', 1, '2019-01-29 16:42:36', '2019-01-29 16:42:36'),
(82902, 5732, 'Karangbaru', 1, '2019-01-29 16:43:16', '2019-01-29 16:43:16'),
(82903, 5732, 'Lebakherang', 1, '2019-01-29 16:43:42', '2019-01-29 16:43:42'),
(82904, 5732, 'Linggajaya', 1, '2019-01-29 16:44:26', '2019-01-29 16:44:26'),
(82905, 5732, 'Sagaranten', 1, '2019-01-29 16:45:10', '2019-01-29 16:45:10'),
(82906, 5732, 'Sumberjaya', 1, '2019-01-29 16:45:45', '2019-01-29 16:45:45'),
(82907, 5733, 'Bakom', 1, '2019-01-29 16:47:21', '2019-01-29 16:47:21'),
(82908, 5733, 'Cageur', 1, '2019-01-29 16:48:06', '2019-01-29 16:48:06'),
(82909, 5733, 'Cikupa', 1, '2019-01-29 16:48:35', '2019-01-29 16:48:35'),
(82910, 5733, 'Cimenga', 1, '2019-01-29 16:49:34', '2019-01-29 16:49:34'),
(82911, 5733, 'Cipasung', 1, '2019-01-29 16:50:16', '2019-01-29 16:50:16'),
(82912, 5733, 'Darma', 1, '2019-01-29 16:50:56', '2019-01-29 16:50:56'),
(82913, 5733, 'Gunungsirah', 1, '2019-01-29 16:51:31', '2019-01-29 16:51:31'),
(82914, 5733, 'Jagara', 1, '2019-01-29 16:52:00', '2019-01-29 16:52:00'),
(82915, 5733, 'Karanganyar', 1, '2019-01-29 16:52:36', '2019-01-29 16:52:36'),
(82916, 5733, 'Karangsari', 1, '2019-01-29 16:53:17', '2019-01-29 16:53:17'),
(82917, 5733, 'Kawah Manuk', 1, '2019-01-29 16:54:00', '2019-01-29 16:54:00'),
(82918, 5733, 'Paninggaran', 1, '2019-01-29 16:54:39', '2019-01-29 16:54:39'),
(82919, 5733, 'Parung', 1, '2019-01-29 16:55:11', '2019-01-29 16:55:11'),
(82920, 5733, 'Sagarahiyang', 1, '2019-01-29 16:55:52', '2019-01-29 16:55:52'),
(82921, 5733, 'Sakerta Barat', 1, '2019-01-29 16:56:31', '2019-01-29 16:56:31'),
(82922, 5733, 'Sakerta Timur', 1, '2019-01-29 16:57:01', '2019-01-29 16:57:01'),
(82923, 5733, 'Situsari', 1, '2019-01-29 16:57:40', '2019-01-29 16:57:40'),
(82924, 5733, 'Sukarasa', 1, '2019-01-29 16:58:06', '2019-01-29 16:58:06'),
(82925, 5733, 'Tugumulya', 1, '2019-01-29 16:58:39', '2019-01-29 16:58:39'),
(82926, 5734, 'Cikananga', 1, '2019-01-29 17:00:09', '2019-01-29 17:00:09'),
(82927, 5734, 'Cirukem', 1, '2019-01-29 17:00:48', '2019-01-29 17:00:48'),
(82928, 5734, 'Citiusari', 1, '2019-01-29 17:01:22', '2019-01-29 17:01:22'),
(82929, 5734, 'Garawangi', 1, '2019-01-29 17:02:06', '2019-01-29 17:02:06'),
(82930, 5734, 'Gewok', 1, '2019-01-29 17:04:13', '2019-01-29 17:04:13'),
(82931, 5734, 'Kadatuan', 1, '2019-01-29 17:04:49', '2019-01-29 17:04:49'),
(82932, 5734, 'Karamatwangi', 1, '2019-01-29 17:05:32', '2019-01-29 17:05:32'),
(82933, 5734, 'Kutakembaran', 1, '2019-01-29 17:06:17', '2019-01-29 17:06:17'),
(82934, 5734, 'Lengkong', 1, '2019-01-29 17:07:24', '2019-01-29 17:07:24'),
(82935, 5734, 'Mancagar', 1, '2019-01-29 17:07:51', '2019-01-29 17:07:51'),
(82936, 5734, 'Mekarmulya', 1, '2019-01-29 17:08:31', '2019-01-29 17:08:31'),
(82937, 5734, 'Pakembangan', 1, '2019-01-29 17:09:17', '2019-01-29 17:09:17'),
(82938, 5734, 'Purwasari', 1, '2019-01-29 17:09:44', '2019-01-29 17:09:44'),
(82939, 5734, 'Sukaimut', 1, '2019-01-29 17:10:12', '2019-01-29 17:10:12'),
(82940, 5734, 'Sukamulya', 1, '2019-01-29 17:10:42', '2019-01-29 17:10:42'),
(82941, 5734, 'Tambakbaya', 1, '2019-01-29 17:11:13', '2019-01-29 17:11:13'),
(82942, 5734, 'Tembong', 1, '2019-01-29 17:11:48', '2019-01-29 17:11:48'),
(82943, 5735, 'Bunigeulis', 1, '2019-01-29 17:21:58', '2019-01-29 17:21:58'),
(82944, 5735, 'Cikondang', 1, '2019-01-29 19:15:33', '2019-01-29 19:15:33'),
(82945, 5735, 'Citapen', 1, '2019-01-29 19:16:41', '2019-01-29 19:16:41'),
(82946, 5735, 'Hantara', 1, '2019-01-29 19:17:15', '2019-01-29 19:17:15'),
(82947, 5735, 'Pakapasan Girang', 1, '2019-01-29 19:18:12', '2019-01-29 19:18:12'),
(82948, 5735, 'Pakapasan Hilir', 1, '2019-01-29 19:18:41', '2019-01-29 19:18:41'),
(82949, 5735, 'Pasiragung', 1, '2019-01-29 19:19:27', '2019-01-29 19:19:27'),
(82950, 5735, 'Tundagan', 1, '2019-01-29 19:19:54', '2019-01-29 19:19:54'),
(82951, 5736, 'Babakanmulya', 1, '2019-01-29 19:54:14', '2019-01-29 19:54:14'),
(82952, 5736, 'Ciniru', 1, '2019-01-29 19:54:56', '2019-01-29 19:54:56'),
(82953, 5736, 'Jalaksana', 1, '2019-01-29 19:55:47', '2019-01-29 19:55:47'),
(82954, 5736, 'Manis Kidul', 1, '2019-01-29 19:56:20', '2019-01-29 19:56:20'),
(82955, 5736, 'Manis Lor', 1, '2019-01-29 19:56:51', '2019-01-29 19:56:51'),
(82956, 5736, 'Nanggerang', 1, '2019-01-29 19:57:17', '2019-01-29 19:57:17'),
(82957, 5736, 'Padamenak', 1, '2019-01-29 19:57:54', '2019-01-29 19:57:54'),
(82958, 5736, 'Peusing', 1, '2019-01-29 19:58:27', '2019-01-29 19:58:27'),
(82959, 5736, 'Sadamantra', 1, '2019-01-29 19:59:00', '2019-01-29 19:59:00'),
(82960, 5736, 'Sangkanerang', 1, '2019-01-29 19:59:32', '2019-01-29 19:59:32'),
(82961, 5736, 'Sayana', 1, '2019-01-29 19:59:56', '2019-01-29 19:59:56'),
(82962, 5736, 'Sembawa', 1, '2019-01-29 20:00:32', '2019-01-29 20:00:32'),
(82963, 5736, 'Sidamulya', 1, '2019-01-29 20:00:58', '2019-01-29 20:00:58'),
(82964, 5736, 'Sindangbarang', 1, '2019-01-29 20:01:30', '2019-01-29 20:01:30'),
(82965, 5736, 'Sukamukti', 1, '2019-01-29 20:02:06', '2019-01-29 20:02:06'),
(82966, 5737, 'Cengal', 1, '2019-01-29 20:03:25', '2019-01-29 20:03:25'),
(82967, 5737, 'Cikeleng', 1, '2019-01-29 20:04:25', '2019-01-29 20:04:25'),
(82968, 5737, 'Citapen', 1, '2019-01-29 20:04:56', '2019-01-29 20:04:56'),
(82969, 5737, 'Dukuhdalem', 1, '2019-01-29 20:05:34', '2019-01-29 20:05:34'),
(82970, 5737, 'Garatengah', 1, '2019-01-29 20:06:11', '2019-01-29 20:06:11'),
(82971, 5737, 'Japara', 1, '2019-01-29 20:06:42', '2019-01-29 20:06:42'),
(82972, 5737, 'Kalimati', 1, '2019-01-29 20:07:13', '2019-01-29 20:07:13'),
(82973, 5737, 'Rajadanu', 1, '2019-01-29 20:07:52', '2019-01-29 20:07:52'),
(82974, 5737, 'Singkup', 1, '2019-01-29 20:08:23', '2019-01-29 20:08:23'),
(82975, 5737, 'Wano', 1, '2019-01-29 20:08:46', '2019-01-29 20:08:46'),
(82976, 5738, 'Babatan', 1, '2019-01-29 20:53:03', '2019-01-29 20:53:03'),
(82977, 5738, 'Bayuning', 1, '2019-01-29 20:53:41', '2019-01-29 20:53:41'),
(82978, 5738, 'Ciherang', 1, '2019-01-29 20:54:21', '2019-01-29 20:54:21'),
(82979, 5738, 'Ciketak', 1, '2019-01-29 20:54:52', '2019-01-29 20:54:52'),
(82980, 5738, 'Cipondok', 1, '2019-01-29 20:55:18', '2019-01-29 20:55:18'),
(82981, 5738, 'Cisukadana', 1, '2019-01-29 20:55:44', '2019-01-29 20:55:44'),
(82982, 5738, 'Kadugede', 1, '2019-01-29 20:56:13', '2019-01-29 20:56:13'),
(82983, 5738, 'Margabakti', 1, '2019-01-29 20:56:42', '2019-01-29 20:56:42'),
(82984, 5738, 'Sindangjawa', 1, '2019-01-29 20:57:14', '2019-01-29 20:57:14'),
(82985, 5738, 'Tinggar', 1, '2019-01-29 20:57:50', '2019-01-29 20:57:50'),
(82986, 5738, 'Windujanten', 1, '2019-01-29 20:58:18', '2019-01-29 20:58:18'),
(82987, 5739, 'Cipancur', 1, '2019-01-29 20:59:31', '2019-01-29 20:59:31'),
(82988, 5739, 'Kalimanggis Kulon', 1, '2019-01-29 21:00:11', '2019-01-29 21:00:11'),
(82989, 5739, 'Kalimanggis Wetan', 1, '2019-01-29 21:00:49', '2019-01-29 21:00:49'),
(82990, 5739, 'Kertawana', 1, '2019-01-29 21:01:20', '2019-01-29 21:01:20'),
(82991, 5739, 'Partawangunan', 1, '2019-01-29 21:01:48', '2019-01-29 21:01:48'),
(82992, 5739, 'Warnasaraya', 1, '2019-01-29 21:02:24', '2019-01-29 21:02:24'),
(82993, 5740, 'Cihanjaro', 1, '2019-01-29 21:09:14', '2019-01-29 21:09:14'),
(82994, 5740, 'Jabranti', 1, '2019-01-29 21:11:23', '2019-01-29 21:11:23'),
(82995, 5740, 'Kaduagung', 1, '2019-01-29 21:12:02', '2019-01-29 21:12:02'),
(82996, 5740, 'Karangkancana', 1, '2019-01-29 21:12:48', '2019-01-29 21:12:48'),
(82997, 5740, 'Margacina', 1, '2019-01-29 21:13:19', '2019-01-29 21:13:19'),
(82998, 5740, 'Segong', 1, '2019-01-29 21:13:55', '2019-01-29 21:13:55'),
(82999, 5740, 'Simpayjaya', 1, '2019-01-29 21:14:38', '2019-01-29 21:14:38'),
(83000, 5740, 'Sukasari', 1, '2019-01-29 21:15:31', '2019-01-29 21:15:31'),
(83001, 5740, 'Tanjungkerta', 1, '2019-01-29 21:16:16', '2019-01-29 21:16:16'),
(83002, 5741, 'Bojong', 1, '2019-01-29 21:18:31', '2019-01-29 21:18:31'),
(83003, 5741, 'Cibentang', 1, '2019-01-29 21:19:08', '2019-01-29 21:19:08'),
(83004, 5741, 'Cikaso', 1, '2019-01-29 21:19:40', '2019-01-29 21:19:40'),
(83005, 5741, 'Cikubangsari', 1, '2019-01-29 21:20:19', '2019-01-29 21:20:19'),
(83006, 5741, 'Cilaja', 1, '2019-01-29 21:21:05', '2019-01-29 21:21:05'),
(83007, 5741, 'Cilowa', 1, '2019-01-29 21:21:36', '2019-01-29 21:21:36'),
(83008, 5741, 'Gandasoli', 1, '2019-01-29 21:22:06', '2019-01-29 21:22:06'),
(83009, 5741, 'Gereba', 1, '2019-01-29 21:22:36', '2019-01-29 21:22:36'),
(83010, 5741, 'Kalapagunung', 1, '2019-01-29 21:23:12', '2019-01-29 21:23:12'),
(83011, 5741, 'Karangmangu', 1, '2019-01-29 21:23:48', '2019-01-29 21:23:48'),
(83012, 5741, 'Kramatmulya', 1, '2019-01-29 21:24:17', '2019-01-29 21:24:17'),
(83013, 5741, 'Pajambon', 1, '2019-01-29 21:24:51', '2019-01-29 21:24:51'),
(83014, 5741, 'Ragawacana', 1, '2019-01-29 21:25:28', '2019-01-29 21:25:28'),
(83015, 5741, 'Widarasari', 1, '2019-01-29 21:26:05', '2019-01-29 21:26:05'),
(83016, 5742, 'Ancaran', 1, '2019-01-29 21:27:25', '2019-01-29 21:27:25'),
(83017, 5742, 'awirarangan', 1, '2019-01-29 21:28:23', '2019-01-29 21:28:23'),
(83018, 5742, 'Cibinuang', 1, '2019-01-29 21:28:59', '2019-01-29 21:28:59'),
(83019, 5742, 'Cigintung', 1, '2019-01-29 21:29:25', '2019-01-29 21:29:25'),
(83020, 5742, 'Cijoho', 1, '2019-01-29 21:29:55', '2019-01-29 21:29:55'),
(83021, 5742, 'Ciporang', 1, '2019-01-29 21:30:22', '2019-01-29 21:30:22'),
(83022, 5742, 'Cirendang', 1, '2019-01-29 21:30:57', '2019-01-29 21:30:57'),
(83023, 5742, 'Citangtu', 1, '2019-01-29 21:32:44', '2019-01-29 21:32:44'),
(83024, 5742, 'Karangtawang', 1, '2019-01-29 21:33:20', '2019-01-29 21:33:20'),
(83025, 5742, 'Kasturi', 1, '2019-01-29 21:34:04', '2019-01-29 21:34:04'),
(83026, 5742, 'Kedungarum', 1, '2019-01-29 21:34:40', '2019-01-29 21:34:40'),
(83027, 5742, 'Kuningan', 1, '2019-01-29 21:35:20', '2019-01-29 21:35:20'),
(83028, 5742, 'Padarek', 1, '2019-01-29 21:35:57', '2019-01-29 21:35:57'),
(83029, 5742, 'Purwawinangun', 1, '2019-01-29 21:36:55', '2019-01-29 21:36:55'),
(83030, 5742, 'Winduhaji', 1, '2019-01-29 21:37:26', '2019-01-29 21:37:26'),
(83031, 5742, 'Windusengkahan', 1, '2019-01-29 21:38:03', '2019-01-29 21:38:03'),
(83032, 5743, 'Bendungan', 1, '2019-01-29 21:39:23', '2019-01-29 21:39:23'),
(83033, 5743, 'Cinagara', 1, '2019-01-29 21:40:07', '2019-01-29 21:40:07'),
(83034, 5743, 'Cineumbeuy', 1, '2019-01-29 21:40:42', '2019-01-29 21:40:42'),
(83035, 5743, 'Cipetir', 1, '2019-01-29 21:41:19', '2019-01-29 21:41:19'),
(83036, 5743, 'Langseb', 1, '2019-01-29 21:41:50', '2019-01-29 21:41:50'),
(83037, 5743, 'Lebakwangi', 1, '2019-01-29 21:42:24', '2019-01-29 21:42:24'),
(83038, 5743, 'Mancagar', 1, '2019-01-29 21:43:03', '2019-01-29 21:43:03'),
(83039, 5743, 'Manggari', 1, '2019-01-29 21:43:46', '2019-01-29 21:43:46'),
(83040, 5743, 'Mekarwangi', 1, '2019-01-29 21:44:10', '2019-01-29 21:44:10'),
(83041, 5743, 'Pagundan', 1, '2019-01-29 21:44:47', '2019-01-29 21:44:47'),
(83042, 5743, 'Pajawankidul', 1, '2019-01-29 21:45:18', '2019-01-29 21:45:18'),
(83043, 5743, 'Pasayangan', 1, '2019-01-29 21:46:19', '2019-01-29 21:46:19'),
(83044, 5743, 'Sindang', 1, '2019-01-29 21:46:50', '2019-01-29 21:46:50'),
(83045, 5744, 'Benda', 1, '2019-01-29 21:59:11', '2019-01-29 21:59:11'),
(83046, 5744, 'Cigedang', 1, '2019-01-29 21:59:43', '2019-01-29 21:59:43'),
(83047, 5744, 'Cikaduwetan', 1, '2019-01-29 22:00:10', '2019-01-29 22:00:10'),
(83048, 5744, 'Cikandang', 1, '2019-01-29 22:00:41', '2019-01-29 22:00:41'),
(83049, 5744, 'Cirahayu', 1, '2019-01-29 22:01:06', '2019-01-29 22:01:06'),
(83050, 5744, 'Dukuhmaja', 1, '2019-01-29 22:01:46', '2019-01-29 22:01:46'),
(83051, 5744, 'Dukuhpicung', 1, '2019-01-29 22:02:21', '2019-01-29 22:02:21'),
(83052, 5744, 'Gunungkarung', 1, '2019-01-29 22:02:54', '2019-01-29 22:02:54'),
(83053, 5744, 'Luragung Landeuh', 1, '2019-01-29 22:03:31', '2019-01-29 22:03:31'),
(83054, 5744, 'Luragung Tonggoh', 1, '2019-01-29 22:04:07', '2019-01-29 22:04:07'),
(83055, 5744, 'Margasari', 1, '2019-01-29 22:05:34', '2019-01-29 22:05:34'),
(83056, 5744, 'Panyosogan', 1, '2019-01-29 22:06:14', '2019-01-29 22:06:14'),
(83057, 5744, 'Sindangsari', 1, '2019-01-29 22:07:01', '2019-01-29 22:07:01'),
(83058, 5744, 'Sindangsuka', 1, '2019-01-29 22:07:34', '2019-01-29 22:07:34'),
(83059, 5744, 'Walaharcageur', 1, '2019-01-29 22:08:20', '2019-01-29 22:08:20'),
(83060, 5744, 'Wilanagara', 1, '2019-01-29 22:08:53', '2019-01-29 22:08:53'),
(83061, 5780, 'Bunisari', 1, '2019-01-30 04:15:33', '2019-01-30 04:15:33'),
(83062, 5780, 'Campaka', 1, '2019-01-30 04:16:12', '2019-01-30 04:16:12'),
(83063, 5780, 'Cigugur', 1, '2019-01-30 04:16:37', '2019-01-30 04:16:37'),
(83064, 5780, 'Cimindi', 1, '2019-01-30 04:17:09', '2019-01-30 04:17:09'),
(83065, 5780, 'Harumandala', 1, '2019-01-30 04:17:51', '2019-01-30 04:17:51'),
(83066, 5780, 'Kertajaya', 1, '2019-01-30 04:19:01', '2019-01-30 04:19:01'),
(83067, 5780, 'Pagerbumi', 1, '2019-01-30 04:19:52', '2019-01-30 04:19:52'),
(83069, 5781, 'Batukaras', 1, '2019-01-30 04:25:23', '2019-01-30 04:25:23'),
(83070, 5781, 'Ciakar', 1, '2019-01-30 04:27:13', '2019-01-30 04:27:13'),
(83071, 5781, 'Cibanten', 1, '2019-01-30 04:28:44', '2019-01-30 04:28:44'),
(83072, 5781, 'Cijulang', 1, '2019-01-30 04:29:44', '2019-01-30 04:29:44'),
(83073, 5781, 'Kertayasa', 1, '2019-01-30 04:30:48', '2019-01-30 04:30:48'),
(83074, 5781, 'Kondangjajar', 1, '2019-01-30 04:31:29', '2019-01-30 04:31:29'),
(83075, 5781, 'Margacinta', 1, '2019-01-30 04:34:10', '2019-01-30 04:34:10'),
(83076, 5782, 'Batumalang', 1, '2019-01-30 04:47:54', '2019-01-30 04:47:54'),
(83077, 5782, 'Cimerak', 1, '2019-01-30 04:48:33', '2019-01-30 04:48:33'),
(83078, 5782, 'Ciparanti', 1, '2019-01-30 04:49:06', '2019-01-30 04:49:06'),
(83079, 5782, 'Kertaharja', 1, '2019-01-30 04:49:52', '2019-01-30 04:49:52'),
(83080, 5782, 'Kertamukti', 1, '2019-01-30 04:50:24', '2019-01-30 04:50:24'),
(83081, 5782, 'Legokjawa', 1, '2019-01-30 04:50:56', '2019-01-30 04:50:56'),
(83082, 5782, 'Limusgede', 1, '2019-01-30 04:51:40', '2019-01-30 04:51:40'),
(83083, 5782, 'Masawah', 1, '2019-01-30 04:52:09', '2019-01-30 04:52:09'),
(83084, 5782, 'Mekarsari', 1, '2019-01-30 04:52:46', '2019-01-30 04:52:46'),
(83085, 5782, 'Sindangsari', 1, '2019-01-30 04:53:13', '2019-01-30 04:53:13'),
(83086, 5782, 'Sukajaya', 1, '2019-01-30 04:53:44', '2019-01-30 04:53:44'),
(83088, 5783, 'Bagolo', 1, '2019-01-30 05:01:31', '2019-01-30 05:01:31'),
(83089, 5783, 'Banjarharja', 1, '2019-01-30 05:08:54', '2019-01-30 05:08:54'),
(83090, 5783, 'Cibuluh', 1, '2019-01-30 05:10:09', '2019-01-30 05:10:09'),
(83091, 5783, 'Ciparakan', 1, '2019-01-30 05:10:44', '2019-01-30 05:10:44'),
(83092, 5783, 'Emplak', 1, '2019-01-30 05:11:13', '2019-01-30 05:11:13'),
(83093, 5783, 'Kalipucang', 1, '2019-01-30 05:11:47', '2019-01-30 05:11:47'),
(83094, 5783, 'Pamotan', 1, '2019-01-30 05:12:09', '2019-01-30 05:12:09'),
(83095, 5783, 'Putrapinggan', 1, '2019-01-30 05:12:50', '2019-01-30 05:12:50'),
(83096, 5783, 'Tunggilis', 1, '2019-01-30 05:13:19', '2019-01-30 05:13:19'),
(83097, 5745, 'Buniasih', 1, '2019-01-30 06:04:22', '2019-01-30 06:04:22'),
(83098, 5745, 'Cikahuripan', 1, '2019-01-30 06:05:02', '2019-01-30 06:05:02'),
(83099, 5745, 'Cipakem', 1, '2019-01-30 06:05:33', '2019-01-30 06:05:33'),
(83100, 5745, 'Ciporang', 1, '2019-01-30 06:06:06', '2019-01-30 06:06:06'),
(83101, 5745, 'Dukuhtengah', 1, '2019-01-30 06:06:51', '2019-01-30 06:06:51'),
(83102, 5745, 'Galaherang', 1, '2019-01-30 06:07:35', '2019-01-30 06:07:35'),
(83103, 5745, 'Garaji', 1, '2019-01-30 06:08:22', '2019-01-30 06:08:22'),
(83104, 5745, 'Giriwaringin', 1, '2019-01-30 06:09:20', '2019-01-30 06:09:20'),
(83105, 5745, 'Karangtengah', 1, '2019-01-30 06:10:05', '2019-01-30 06:10:05'),
(83106, 5745, 'Kutamandarakan', 1, '2019-01-30 06:10:47', '2019-01-30 06:10:47'),
(83107, 5745, 'Kutaraja', 1, '2019-01-30 06:11:36', '2019-01-30 06:11:36'),
(83108, 5745, 'Maleber', 1, '2019-01-30 06:12:09', '2019-01-30 06:12:09'),
(83109, 5745, 'Mandalajaya', 1, '2019-01-30 06:12:55', '2019-01-30 06:12:55'),
(83110, 5745, 'Mekarsari', 1, '2019-01-30 06:13:35', '2019-01-30 06:13:35'),
(83111, 5745, 'Padamulya', 1, '2019-01-30 06:14:21', '2019-01-30 06:14:21'),
(83112, 5745, 'Parakan', 1, '2019-01-30 06:14:58', '2019-01-30 06:14:58'),
(83113, 5746, 'Cirea', 1, '2019-01-30 06:16:35', '2019-01-30 06:16:35'),
(83114, 5784, 'Bangunjaya', 1, '2019-01-30 06:17:11', '2019-01-30 06:17:11'),
(83115, 5746, 'Kertawinangun', 1, '2019-01-30 06:17:19', '2019-01-30 06:17:19'),
(83116, 5784, 'Bangunkarya', 1, '2019-01-30 06:17:39', '2019-01-30 06:17:39'),
(83117, 5784, 'Bojong', 1, '2019-01-30 06:18:01', '2019-01-30 06:18:01'),
(83118, 5746, 'Mandirancan', 1, '2019-01-30 06:18:30', '2019-01-30 06:18:30'),
(83119, 5784, 'Bojongkondang', 1, '2019-01-30 06:18:34', '2019-01-30 06:18:34'),
(83120, 5746, 'Nanggela', 1, '2019-01-30 06:18:58', '2019-01-30 06:18:58'),
(83121, 5784, 'Bungur Raya', 1, '2019-01-30 06:19:02', '2019-01-30 06:19:02'),
(83122, 5746, 'Nanggerangjaya', 1, '2019-01-30 06:19:43', '2019-01-30 06:19:43'),
(83123, 5784, 'Cimanggu', 1, '2019-01-30 06:19:48', '2019-01-30 06:19:48'),
(83124, 5784, 'Cisarua', 1, '2019-01-30 06:20:15', '2019-01-30 06:20:15'),
(83125, 5746, 'Pakembangan', 1, '2019-01-30 06:20:44', '2019-01-30 06:20:44'),
(83126, 5784, 'Jadikarya', 1, '2019-01-30 06:20:57', '2019-01-30 06:20:57'),
(83127, 5746, 'Randobawa Girang', 1, '2019-01-30 06:21:28', '2019-01-30 06:21:28'),
(83128, 5784, 'Jadimulya', 1, '2019-01-30 06:21:35', '2019-01-30 06:21:35'),
(83129, 5746, 'Randobawa Ilir', 1, '2019-01-30 06:22:04', '2019-01-30 06:22:04'),
(83130, 5746, 'Salakadomas', 1, '2019-01-30 06:23:41', '2019-01-30 06:23:41'),
(83131, 5746, 'Seda', 1, '2019-01-30 06:24:13', '2019-01-30 06:24:13'),
(83132, 5746, 'Sukasari', 1, '2019-01-30 06:24:44', '2019-01-30 06:24:44'),
(83133, 5746, 'Trijaya', 1, '2019-01-30 06:25:34', '2019-01-30 06:25:34'),
(83134, 5747, 'Ciasih', 1, '2019-01-30 06:26:33', '2019-01-30 06:26:33'),
(83135, 5747, 'Cikadu', 1, '2019-01-30 06:27:17', '2019-01-30 06:27:17'),
(83136, 5747, 'Haurkuning', 1, '2019-01-30 06:27:48', '2019-01-30 06:27:48'),
(83137, 5784, 'Jayasari', 1, '2019-01-30 06:37:34', '2019-01-30 06:37:34'),
(83138, 5784, 'Karangkamiri', 1, '2019-01-30 06:38:17', '2019-01-30 06:38:17'),
(83139, 5784, 'Langkaplancar', 1, '2019-01-30 06:38:56', '2019-01-30 06:38:56'),
(83140, 5784, 'Mekarwangi', 1, '2019-01-30 06:39:41', '2019-01-30 06:39:41'),
(83141, 5784, 'Pangkalan', 1, '2019-01-30 06:40:29', '2019-01-30 06:40:29'),
(83142, 5784, 'Sukamulya', 1, '2019-01-30 06:41:15', '2019-01-30 06:41:15'),
(83143, 5785, 'Jangraga', 1, '2019-01-30 06:44:57', '2019-01-30 06:44:57'),
(83144, 5747, 'Jambar', 1, '2019-01-30 06:45:15', '2019-01-30 06:45:15'),
(83145, 5785, 'Kertajaya', 1, '2019-01-30 06:45:35', '2019-01-30 06:45:35'),
(83146, 5747, 'Kertawirama', 1, '2019-01-30 06:45:44', '2019-01-30 06:45:44'),
(83147, 5785, 'Mangunjaya', 1, '2019-01-30 06:46:10', '2019-01-30 06:46:10'),
(83148, 5785, 'Sindangjaya', 1, '2019-01-30 06:46:43', '2019-01-30 06:46:43'),
(83149, 5785, 'Sukamaju', 1, '2019-01-30 06:47:09', '2019-01-30 06:47:09'),
(83150, 5747, 'Kertayuga', 1, '2019-01-30 06:47:35', '2019-01-30 06:47:35'),
(83151, 5747, 'Nusaherang', 1, '2019-01-30 06:48:16', '2019-01-30 06:48:16'),
(83152, 5747, 'Windusari', 1, '2019-01-30 06:48:56', '2019-01-30 06:48:56'),
(83153, 5786, 'Bojongsari', 1, '2019-01-30 06:49:54', '2019-01-30 06:49:54'),
(83154, 5748, 'Danalampah', 1, '2019-01-30 06:50:14', '2019-01-30 06:50:14'),
(83155, 5786, 'Cibogo', 1, '2019-01-30 06:51:13', '2019-01-30 06:51:13'),
(83156, 5786, 'Ciganjeng', 1, '2019-01-30 06:52:35', '2019-01-30 06:52:35'),
(83157, 5748, 'Kahiyangan', 1, '2019-01-30 06:52:44', '2019-01-30 06:52:44'),
(83158, 5786, 'Karangmulya', 1, '2019-01-30 06:53:14', '2019-01-30 06:53:14'),
(83159, 5748, 'Mekarjaya', 1, '2019-01-30 06:53:18', '2019-01-30 06:53:18'),
(83160, 5786, 'Karangpawitan', 1, '2019-01-30 06:54:03', '2019-01-30 06:54:03'),
(83161, 5748, 'Pancalang', 1, '2019-01-30 06:54:22', '2019-01-30 06:54:22'),
(83162, 5786, 'Karangsari', 1, '2019-01-30 06:54:38', '2019-01-30 06:54:38'),
(83163, 5748, 'Patalagan', 1, '2019-01-30 06:54:45', '2019-01-30 06:54:45'),
(83164, 5748, 'Rajawetan', 1, '2019-01-30 06:55:08', '2019-01-30 06:55:08'),
(83165, 5786, 'Kedungwuluh', 1, '2019-01-30 06:55:23', '2019-01-30 06:55:23'),
(83166, 5748, 'Sarewu', 1, '2019-01-30 06:55:31', '2019-01-30 06:55:31'),
(83167, 5748, 'Silebu', 1, '2019-01-30 06:56:04', '2019-01-30 07:32:01'),
(83168, 5786, 'Maruyungsari', 1, '2019-01-30 06:56:27', '2019-01-30 06:56:27'),
(83169, 5786, 'Padaherang', 1, '2019-01-30 06:57:13', '2019-01-30 06:57:13'),
(83170, 5786, 'Paledah', 1, '2019-01-30 06:57:54', '2019-01-30 06:57:54'),
(83171, 5786, 'Panyutran', 1, '2019-01-30 06:59:41', '2019-01-30 06:59:41'),
(83172, 5786, 'Pasirgeulis', 1, '2019-01-30 07:00:20', '2019-01-30 07:00:20'),
(83173, 5786, 'Sindangwangi', 1, '2019-01-30 07:01:06', '2019-01-30 07:01:06'),
(83174, 5786, 'Sukanagara', 1, '2019-01-30 07:01:48', '2019-01-30 07:01:48'),
(83175, 5787, 'Babakan', 1, '2019-01-30 07:30:40', '2019-01-30 07:30:40'),
(83176, 5787, 'Pagergunung', 1, '2019-01-30 07:31:59', '2019-01-30 07:31:59'),
(83177, 5748, 'Sindangkempeng', 1, '2019-01-30 07:33:04', '2019-01-30 07:33:04'),
(83178, 5748, 'Sumbakeling', 1, '2019-01-30 07:33:40', '2019-01-30 07:33:40'),
(83179, 5748, 'Tajurbuntu', 1, '2019-01-30 07:34:13', '2019-01-30 07:34:13'),
(83180, 5787, 'Pananjung', 1, '2019-01-30 07:34:27', '2019-01-30 07:34:27'),
(83181, 5787, 'Pangandaran', 1, '2019-01-30 07:34:58', '2019-01-30 07:34:58'),
(83182, 5748, 'Tarikolot', 1, '2019-01-30 07:35:20', '2019-01-30 07:35:20'),
(83183, 5787, 'Purbahayu', 1, '2019-01-30 07:35:30', '2019-01-30 07:35:30'),
(83184, 5748, 'Tenjolayar', 1, '2019-01-30 07:35:50', '2019-01-30 07:35:50'),
(83185, 5787, 'Sidomulyo', 1, '2019-01-30 07:35:59', '2019-01-30 07:35:59'),
(83186, 5787, 'Sukahurip', 1, '2019-01-30 07:36:36', '2019-01-30 07:36:36'),
(83187, 5787, 'Wonoharjo', 1, '2019-01-30 07:37:03', '2019-01-30 07:37:03'),
(83188, 5749, 'Cibuntu', 1, '2019-01-30 07:37:16', '2019-01-30 07:37:16'),
(83189, 5749, 'Cidahu', 1, '2019-01-30 07:38:15', '2019-01-30 07:38:15'),
(83190, 5788, 'Bojong', 1, '2019-01-30 07:40:01', '2019-01-30 07:40:01'),
(83191, 5788, 'Cibenda', 1, '2019-01-30 07:40:23', '2019-01-30 07:40:23'),
(83192, 5788, 'Ciliang', 1, '2019-01-30 07:40:51', '2019-01-30 07:40:51'),
(83193, 5749, 'Cimara', 1, '2019-01-30 07:41:05', '2019-01-30 07:41:05'),
(83194, 5788, 'Cintakarya', 1, '2019-01-30 07:41:28', '2019-01-30 07:41:28'),
(83195, 5749, 'Ciwiru', 1, '2019-01-30 07:41:35', '2019-01-30 07:41:35'),
(83196, 5788, 'Cintaratu', 1, '2019-01-30 07:42:35', '2019-01-30 07:42:35'),
(83197, 5788, 'Karangbenda', 1, '2019-01-30 07:43:28', '2019-01-30 07:43:28'),
(83198, 5749, 'Kaduela', 1, '2019-01-30 07:43:37', '2019-01-30 07:43:37'),
(83199, 5788, 'Karangjaladri', 1, '2019-01-30 07:44:00', '2019-01-30 07:44:00'),
(83200, 5749, 'Padabeunghar', 1, '2019-01-30 07:44:09', '2019-01-30 07:44:09'),
(83201, 5749, 'Padamatang', 1, '2019-01-30 07:44:35', '2019-01-30 07:44:35'),
(83202, 5749, 'Paniis', 1, '2019-01-30 07:45:00', '2019-01-30 07:45:00'),
(83203, 5788, 'Parakanmanggu', 1, '2019-01-30 07:45:11', '2019-01-30 07:45:11'),
(83204, 5788, 'Parigi', 1, '2019-01-30 07:45:40', '2019-01-30 07:45:40'),
(83205, 5788, 'Selasari', 1, '2019-01-30 07:46:15', '2019-01-30 07:46:15'),
(83206, 5749, 'Pasawahan', 1, '2019-01-30 07:46:19', '2019-01-30 07:46:19'),
(83207, 5749, 'Singkup', 1, '2019-01-30 07:46:54', '2019-01-30 07:46:54'),
(83208, 5750, 'Bagawat', 1, '2019-01-30 07:48:49', '2019-01-30 07:48:49'),
(83209, 5789, 'Cikalong', 1, '2019-01-30 07:48:52', '2019-01-30 07:48:52'),
(83210, 5789, 'Cikembulan', 1, '2019-01-30 07:49:21', '2019-01-30 07:49:21'),
(83211, 5750, 'Cantilan', 1, '2019-01-30 07:49:36', '2019-01-30 07:49:36'),
(83212, 5789, 'Kalijati', 1, '2019-01-30 07:50:01', '2019-01-30 07:50:01'),
(83213, 5750, 'Ciberung', 1, '2019-01-30 07:50:20', '2019-01-30 07:50:20'),
(83214, 5789, 'Kersaratu', 1, '2019-01-30 07:50:54', '2019-01-30 07:50:54'),
(83215, 5750, 'Jamberama', 1, '2019-01-30 07:51:04', '2019-01-30 07:51:04'),
(83216, 5789, 'Pajaten', 1, '2019-01-30 07:51:28', '2019-01-30 07:51:28'),
(83217, 5750, 'Kutawaringin', 1, '2019-01-30 07:51:37', '2019-01-30 07:51:37'),
(83218, 5750, 'Padahurip', 1, '2019-01-30 07:52:05', '2019-01-30 07:52:05'),
(83219, 5750, 'Selajambe', 1, '2019-01-30 07:52:38', '2019-01-30 07:52:38'),
(83220, 5789, 'Sidamulih', 1, '2019-01-30 07:52:43', '2019-01-30 07:52:43'),
(83221, 5789, 'Sukaresik', 1, '2019-01-30 07:53:14', '2019-01-30 07:53:14'),
(83222, 5751, 'Babakanreuma', 1, '2019-01-30 07:53:59', '2019-01-30 07:53:59'),
(83223, 5751, 'Balong', 1, '2019-01-30 07:55:19', '2019-01-30 07:55:19'),
(83224, 5751, 'DukuhLor', 1, '2019-01-30 07:55:57', '2019-01-30 07:55:57'),
(83225, 5751, 'Kaduagung', 1, '2019-01-30 07:56:29', '2019-01-30 07:56:29'),
(83226, 5751, 'Kertaungaran', 1, '2019-01-30 07:57:04', '2019-01-30 07:57:04'),
(83227, 5751, 'Kertawangunan', 1, '2019-01-30 07:57:32', '2019-01-30 07:57:32'),
(83228, 5751, 'Kertayasa', 1, '2019-01-30 07:58:11', '2019-01-30 07:58:11'),
(83229, 5751, 'Mekarmukti', 1, '2019-01-30 07:58:48', '2019-01-30 07:58:48'),
(83230, 5751, 'Sindangagung', 1, '2019-01-30 07:59:15', '2019-01-30 07:59:15'),
(83231, 5751, 'Sindangsari', 1, '2019-01-30 07:59:53', '2019-01-30 07:59:53'),
(83232, 5751, 'Taraju', 1, '2019-01-30 08:00:38', '2019-01-30 08:00:38'),
(83233, 5751, 'Tirtawangunan', 1, '2019-01-30 08:01:17', '2019-01-30 08:01:17'),
(83234, 5752, 'Bangunjaya', 1, '2019-01-30 08:02:28', '2019-01-30 08:02:28'),
(83235, 5752, 'Gunungaci', 1, '2019-01-30 08:07:05', '2019-01-30 08:07:05'),
(83236, 5752, 'Jatisari', 1, '2019-01-30 08:07:59', '2019-01-30 08:07:59'),
(83237, 5752, 'Pamulihan', 1, '2019-01-30 08:08:39', '2019-01-30 08:08:39'),
(83238, 5752, 'Situgede', 1, '2019-01-30 08:09:18', '2019-01-30 08:09:18'),
(83239, 5752, 'Subang', 1, '2019-01-30 08:09:46', '2019-01-30 08:09:46'),
(83240, 5752, 'Tangkolo', 1, '2019-01-30 08:10:09', '2019-01-30 08:10:09'),
(83241, 5755, 'Baregbeg', 1, '2019-01-30 08:19:53', '2019-01-30 08:19:53'),
(83242, 5755, 'Jelat', 1, '2019-01-30 08:20:28', '2019-01-30 08:20:28'),
(83243, 5755, 'Karangampel', 1, '2019-01-30 08:21:04', '2019-01-30 08:21:04'),
(83244, 5755, 'Mekarjaya', 1, '2019-01-30 08:21:40', '2019-01-30 08:21:40'),
(83245, 5755, 'Petirhilir', 1, '2019-01-30 08:22:15', '2019-01-30 08:22:15'),
(83246, 5755, 'Pusakanagara', 1, '2019-01-30 08:22:40', '2019-01-30 08:22:40'),
(83247, 5755, 'Saguling', 1, '2019-01-30 08:23:09', '2019-01-30 08:23:09'),
(83248, 5755, 'Sukamaju', 1, '2019-01-30 08:23:34', '2019-01-30 08:23:34'),
(83249, 5755, 'Sukamulya', 1, '2019-01-30 08:23:59', '2019-01-30 08:23:59'),
(83250, 5756, 'Benteng', 1, '2019-01-30 08:25:26', '2019-01-30 08:25:26'),
(83251, 5756, 'Ciamis', 1, '2019-01-30 08:26:01', '2019-01-30 08:26:01'),
(83252, 5756, 'Cigembor', 1, '2019-01-30 08:26:27', '2019-01-30 08:26:27'),
(83253, 5756, 'Cisadap', 1, '2019-01-30 08:26:56', '2019-01-30 08:26:56'),
(83254, 5756, 'Imbanagara', 1, '2019-01-30 08:27:29', '2019-01-30 08:27:29'),
(83255, 5756, 'Imbanagara Raya', 1, '2019-01-30 08:28:02', '2019-01-30 08:28:02'),
(83256, 5756, 'Kertasari', 1, '2019-01-30 08:28:26', '2019-01-30 08:28:26'),
(83257, 5756, 'Linggsari', 1, '2019-01-30 08:29:39', '2019-01-30 08:29:39'),
(83258, 5756, 'Maleber', 1, '2019-01-30 08:30:23', '2019-01-30 08:30:23'),
(83259, 5756, 'Panyingkiran', 1, '2019-01-30 08:30:55', '2019-01-30 08:30:55'),
(83260, 5756, 'Pawindan', 1, '2019-01-30 08:31:24', '2019-01-30 08:31:41'),
(83261, 5756, 'Sindangrasa', 1, '2019-01-30 08:32:18', '2019-01-30 08:32:18'),
(83262, 5757, 'Cidolog', 1, '2019-01-30 08:34:22', '2019-01-30 08:34:22'),
(83263, 5757, 'Ciparay', 1, '2019-01-30 08:35:06', '2019-01-30 08:35:06'),
(83264, 5757, 'Hegarmanah', 1, '2019-01-30 08:35:42', '2019-01-30 08:35:42'),
(83265, 5757, 'Janggala', 1, '2019-01-30 08:36:10', '2019-01-30 08:36:10'),
(83266, 5757, 'Jelegong', 1, '2019-01-30 08:37:11', '2019-01-30 08:37:11'),
(83267, 5757, 'Sukasari', 1, '2019-01-30 08:37:48', '2019-01-30 08:37:48'),
(83268, 5758, 'Cihaurbeuti', 1, '2019-01-30 08:38:44', '2019-01-30 08:38:44'),
(83269, 5758, 'Cijulang', 1, '2019-01-30 08:39:23', '2019-01-30 08:39:23'),
(83270, 5758, 'Padamulya', 1, '2019-01-30 08:39:56', '2019-01-30 08:39:56'),
(83271, 5758, 'Pamokolan', 1, '2019-01-30 08:40:36', '2019-01-30 08:40:36'),
(83272, 5758, 'Pasirtamiang', 1, '2019-01-30 08:41:21', '2019-01-30 08:41:21'),
(83273, 5758, 'Sukahaji', 1, '2019-01-30 08:41:52', '2019-01-30 08:41:52'),
(83274, 5758, 'Sukahurip', 1, '2019-01-30 08:42:17', '2019-01-30 08:42:17'),
(83275, 5758, 'Sukamaju', 1, '2019-01-30 08:43:19', '2019-01-30 08:43:19'),
(83276, 5758, 'Sukamulya', 1, '2019-01-30 08:43:52', '2019-01-30 08:43:52'),
(83277, 5758, 'Sukasetia', 1, '2019-01-30 08:44:28', '2019-01-30 08:44:28'),
(83278, 5758, 'Sumberjaya', 1, '2019-01-30 08:45:11', '2019-01-30 08:45:11'),
(83279, 5759, 'Bojongmengger', 1, '2019-01-30 08:46:16', '2019-01-30 08:46:16'),
(83280, 5759, 'Ciharalang', 1, '2019-01-30 08:46:52', '2019-01-30 08:46:52'),
(83281, 5759, 'Cijeungjing', 1, '2019-01-30 08:47:25', '2019-01-30 08:47:48'),
(83282, 5759, 'Dewasari', 1, '2019-01-30 08:48:14', '2019-01-30 08:48:14'),
(83283, 5759, 'Handapherang', 1, '2019-01-30 08:48:40', '2019-01-30 08:48:40'),
(83284, 5759, 'Karanganyar', 1, '2019-01-30 08:49:05', '2019-01-30 08:49:05'),
(83285, 5759, 'Karangkamulyan', 1, '2019-01-30 08:49:57', '2019-01-30 08:49:57'),
(83286, 5759, 'Kertabumi', 1, '2019-01-30 08:50:34', '2019-01-30 08:50:34'),
(83287, 5759, 'Kertaharja', 1, '2019-01-30 08:51:07', '2019-01-30 08:51:07'),
(83288, 5759, 'Pamalayan', 1, '2019-01-30 08:51:35', '2019-01-30 08:51:35'),
(83289, 5759, 'Utama', 1, '2019-01-30 08:53:42', '2019-01-30 08:53:42'),
(83290, 5760, 'Cikoneng', 1, '2019-01-30 08:54:42', '2019-01-30 08:54:42'),
(83291, 5760, 'Cimari', 1, '2019-01-30 08:55:48', '2019-01-30 08:55:48'),
(83292, 5760, 'Darmacaang', 1, '2019-01-30 08:56:17', '2019-01-30 08:56:17'),
(83293, 5760, 'Gegempalan', 1, '2019-01-30 08:56:52', '2019-01-30 08:56:52'),
(83294, 5760, 'Kujang', 1, '2019-01-30 08:58:04', '2019-01-30 08:58:04'),
(83295, 5760, 'Margaluyu', 1, '2019-01-30 08:58:36', '2019-01-30 08:58:36'),
(83296, 5760, 'Nasol', 1, '2019-01-30 08:58:59', '2019-01-30 08:58:59'),
(83297, 5760, 'Panaragan', 1, '2019-01-30 08:59:40', '2019-01-30 08:59:40'),
(83298, 5760, 'Sindangsari', 1, '2019-01-30 09:00:12', '2019-01-30 09:00:12'),
(83299, 5761, 'Beber', 1, '2019-01-30 09:08:57', '2019-01-30 09:08:57'),
(83300, 5761, 'Bojongmalang', 1, '2019-01-30 09:09:39', '2019-01-30 09:09:39'),
(83301, 5761, 'Cimaragas', 1, '2019-01-30 09:10:12', '2019-01-30 09:10:12'),
(83302, 5761, 'Jayaraksa', 1, '2019-01-30 09:10:43', '2019-01-30 09:10:43'),
(83303, 5761, 'Raksabaya', 1, '2019-01-30 09:11:16', '2019-01-30 09:11:16'),
(83304, 5762, 'Bangbayang', 1, '2019-01-30 09:12:30', '2019-01-30 09:12:30'),
(83305, 5762, 'Buniseuri', 1, '2019-01-30 09:13:06', '2019-01-30 09:13:06'),
(83306, 5762, 'Ciakar', 1, '2019-01-30 09:13:40', '2019-01-30 09:13:40'),
(83307, 5762, 'Cieurih', 1, '2019-01-30 09:14:02', '2019-01-30 09:14:02'),
(83308, 5762, 'Cipaku', 1, '2019-01-30 09:14:30', '2019-01-30 09:14:30'),
(83309, 5762, 'Gereba', 1, '2019-01-30 09:14:55', '2019-01-30 09:14:55'),
(83310, 5762, 'Jalatrang', 1, '2019-01-30 09:15:18', '2019-01-30 09:15:18'),
(83311, 5762, 'Mekarsari', 1, '2019-01-30 09:15:44', '2019-01-30 09:15:44'),
(83312, 5762, 'Muktisari', 1, '2019-01-30 09:16:08', '2019-01-30 09:16:08'),
(83313, 5762, 'Pusakasari', 1, '2019-01-30 09:16:53', '2019-01-30 09:16:53'),
(83314, 5762, 'Selacai', 1, '2019-01-30 09:17:26', '2019-01-30 09:17:26'),
(83315, 5762, 'Selamanik', 1, '2019-01-30 09:17:55', '2019-01-30 09:17:55'),
(83316, 5762, 'Sukawening', 1, '2019-01-30 09:18:28', '2019-01-30 09:18:28'),
(83317, 5763, 'Bangunharja', 1, '2019-01-30 09:30:54', '2019-01-30 09:30:54'),
(83318, 5763, 'Cisaga', 1, '2019-01-30 09:31:43', '2019-01-30 09:31:43'),
(83319, 5763, 'Danasari', 1, '2019-01-30 09:32:22', '2019-01-30 09:32:22'),
(83320, 5763, 'Girimukti', 1, '2019-01-30 09:32:56', '2019-01-30 09:32:56'),
(83321, 5763, 'Karyamulya', 1, '2019-01-30 09:33:22', '2019-01-30 09:33:22'),
(83322, 5763, 'Kepel', 1, '2019-01-30 09:33:45', '2019-01-30 09:33:45'),
(83323, 5763, 'Mekarmukti', 1, '2019-01-30 09:34:18', '2019-01-30 09:34:18'),
(83324, 5763, 'Sidamulya', 1, '2019-01-30 09:34:49', '2019-01-30 09:34:49'),
(83325, 5763, 'Sukahurip', 1, '2019-01-30 09:35:31', '2019-01-30 09:35:31'),
(83326, 5763, 'Tanjungjaya', 1, '2019-01-30 09:36:10', '2019-01-30 09:36:10'),
(83327, 5763, 'Wangunjaya', 1, '2019-01-30 09:36:40', '2019-01-30 09:36:40'),
(83328, 5764, 'Bayasari', 1, '2019-01-30 09:37:57', '2019-01-30 09:37:57'),
(83329, 5764, 'Cintanagara', 1, '2019-01-30 09:38:35', '2019-01-30 09:38:35'),
(83330, 5764, 'Dayeuhluhur', 1, '2019-01-30 09:39:05', '2019-01-30 09:39:05'),
(83331, 5764, 'Jatinagara', 1, '2019-01-30 09:39:34', '2019-01-30 09:39:34'),
(83332, 5764, 'Mulyasari', 1, '2019-01-30 09:40:01', '2019-01-30 09:40:01'),
(83333, 5764, 'Sukanagara', 1, '2019-01-30 09:40:24', '2019-01-30 09:40:24'),
(83334, 5765, 'Citeureup', 1, '2019-01-30 09:41:45', '2019-01-30 09:41:45'),
(83335, 5765, 'Karangpawitan', 1, '2019-01-30 09:42:19', '2019-01-30 09:42:19'),
(83336, 5765, 'Kawali', 1, '2019-01-30 09:42:41', '2019-01-30 09:42:41'),
(83337, 5765, 'Kawalimukti', 1, '2019-01-30 09:43:08', '2019-01-30 09:43:08'),
(83338, 5765, 'Linggapura', 1, '2019-01-30 09:43:40', '2019-01-30 09:43:40'),
(83339, 5765, 'Margamulya', 1, '2019-01-30 09:44:19', '2019-01-30 09:44:19'),
(83340, 5765, 'Purwasari', 1, '2019-01-30 09:44:46', '2019-01-30 09:44:46'),
(83341, 5765, 'Selasari', 1, '2019-01-30 09:45:12', '2019-01-30 09:45:12'),
(83342, 5765, 'Sindangsari', 1, '2019-01-30 09:45:51', '2019-01-30 09:45:51'),
(83343, 5765, 'Talagasari', 1, '2019-01-30 09:46:22', '2019-01-30 09:46:22'),
(83344, 5765, 'Winduraja', 1, '2019-01-30 09:46:48', '2019-01-30 09:46:48'),
(83345, 5766, 'Baregbeg', 1, '2019-01-30 09:47:58', '2019-01-30 09:47:58'),
(83346, 5766, 'Cintajaya', 1, '2019-01-30 09:48:27', '2019-01-30 09:48:27'),
(83347, 5766, 'Cintaratu', 1, '2019-01-30 09:48:54', '2019-01-30 09:48:54'),
(83348, 5766, 'Kalapasawit', 1, '2019-01-30 09:49:22', '2019-01-30 09:49:22'),
(83349, 5766, 'Kertajaya', 1, '2019-01-30 09:49:58', '2019-01-30 09:49:58'),
(83350, 5766, 'Puloerang', 1, '2019-01-30 09:50:21', '2019-01-30 09:50:21'),
(83351, 5766, 'Sidaharja', 1, '2019-01-30 09:50:45', '2019-01-30 09:50:45'),
(83352, 5766, 'Sindangangin', 1, '2019-01-30 09:51:11', '2019-01-30 09:51:11'),
(83353, 5766, 'Sukanagara', 1, '2019-01-30 09:51:36', '2019-01-30 09:51:36'),
(83354, 5766, 'Tambakreja', 1, '2019-01-30 09:51:59', '2019-01-30 09:51:59'),
(83355, 5767, 'Awiluar', 1, '2019-01-30 09:52:49', '2019-01-30 09:52:49'),
(83356, 5767, 'Cikupa', 1, '2019-01-30 09:53:20', '2019-01-30 09:53:20'),
(83357, 5767, 'Darmaraja', 1, '2019-01-30 09:53:50', '2019-01-30 09:53:50'),
(83358, 5767, 'Lumbung', 1, '2019-01-30 09:54:13', '2019-01-30 09:54:13'),
(83359, 5767, 'Lumbungsari', 1, '2019-01-30 09:54:36', '2019-01-30 09:54:36'),
(83360, 5767, 'Rawa', 1, '2019-01-30 09:55:11', '2019-01-30 09:55:11'),
(83361, 5767, 'Sadewata', 1, '2019-01-30 09:55:33', '2019-01-30 09:55:33'),
(83362, 5767, 'Sukaraharja', 1, '2019-01-30 09:55:55', '2019-01-30 09:55:55'),
(83363, 5768, 'Bangunsari', 1, '2019-01-30 09:56:49', '2019-01-30 09:56:49'),
(83364, 5768, 'Bantarsari', 1, '2019-01-30 09:57:17', '2019-01-30 09:57:17'),
(83365, 5768, 'Kertahayu', 1, '2019-01-30 09:57:48', '2019-01-30 09:57:48'),
(83366, 5768, 'Margahayu', 1, '2019-01-30 09:58:26', '2019-01-30 09:58:26'),
(83367, 5768, 'Mekarmulya', 1, '2019-01-30 09:58:47', '2019-01-30 09:58:47'),
(83368, 5768, 'Neglasari', 1, '2019-01-30 09:59:08', '2019-01-30 09:59:08'),
(83369, 5768, 'Pamarican', 1, '2019-01-30 09:59:35', '2019-01-30 09:59:35'),
(83370, 5768, 'Pasirnagara', 1, '2019-01-30 10:00:00', '2019-01-30 10:00:00'),
(83371, 5768, 'Sidaharja', 1, '2019-01-30 10:00:33', '2019-01-30 10:00:33'),
(83372, 5768, 'Sidamulih', 1, '2019-01-30 10:00:56', '2019-01-30 10:00:56'),
(83373, 5768, 'Sukahurip', 1, '2019-01-30 10:01:27', '2019-01-30 10:01:27'),
(83374, 5768, 'Sukajadi', 1, '2019-01-30 10:01:53', '2019-01-30 10:01:53'),
(83375, 5768, 'Sukajaya', 1, '2019-01-30 10:02:20', '2019-01-30 10:02:20'),
(83376, 5768, 'Sukamukti', 1, '2019-01-30 10:02:54', '2019-01-30 10:02:54'),
(83377, 5769, 'Bangunjaya', 1, '2019-01-30 10:28:20', '2019-01-30 10:28:20'),
(83378, 5769, 'Cinyasag', 1, '2019-01-30 10:29:06', '2019-01-30 10:29:06'),
(83379, 5769, 'Gardujaya', 1, '2019-01-30 10:29:33', '2019-01-30 10:29:33'),
(83380, 5769, 'Girilaya', 1, '2019-01-30 10:30:27', '2019-01-30 10:30:27'),
(83381, 5769, 'Indragiri', 1, '2019-01-30 10:32:52', '2019-01-30 10:32:52'),
(83382, 5769, 'Jagabaya', 1, '2019-01-30 10:33:39', '2019-01-30 10:33:39'),
(83383, 5769, 'Karangpaningal', 1, '2019-01-30 10:34:12', '2019-01-30 10:34:12'),
(83384, 5769, 'Kertajaya', 1, '2019-01-30 10:34:53', '2019-01-30 10:34:53');
INSERT INTO `desa` (`id`, `kecamatan_id`, `desa_name`, `publication_status`, `created_at`, `updated_at`) VALUES
(83385, 5769, 'Kertayasa', 1, '2019-01-30 10:35:17', '2019-01-30 10:35:17'),
(83386, 5769, 'Mekarbuana', 1, '2019-01-30 10:36:01', '2019-01-30 10:36:01'),
(83387, 5769, 'Nagarajati', 1, '2019-01-30 10:36:30', '2019-01-30 10:36:30'),
(83388, 5769, 'Nagarajaya', 1, '2019-01-30 10:36:55', '2019-01-30 10:36:55'),
(83389, 5769, 'Nagarapageuh', 1, '2019-01-30 10:37:43', '2019-01-30 10:37:43'),
(83390, 5769, 'Nagarawangi', 1, '2019-01-30 10:38:07', '2019-01-30 10:38:07'),
(83391, 5769, 'Natanegara', 1, '2019-01-30 10:38:32', '2019-01-30 10:38:32'),
(83392, 5769, 'Panawangan', 1, '2019-01-30 10:39:01', '2019-01-30 10:39:01'),
(83393, 5769, 'Sadapaingan', 1, '2019-01-30 10:39:37', '2019-01-30 10:39:37'),
(83394, 5769, 'Sagalaherang', 1, '2019-01-30 10:40:01', '2019-01-30 10:40:01'),
(83395, 5770, 'Bahara', 1, '2019-01-30 10:40:54', '2019-01-30 10:40:54'),
(83396, 5770, 'Ciomas', 1, '2019-01-30 10:41:42', '2019-01-30 10:41:42'),
(83397, 5770, 'Hujungtiwu', 1, '2019-01-30 10:42:12', '2019-01-30 10:42:12'),
(83398, 5770, 'Kertamandala', 1, '2019-01-30 10:42:41', '2019-01-30 10:42:41'),
(83399, 5770, 'Mandalare', 1, '2019-01-30 10:43:19', '2019-01-30 10:43:19'),
(83400, 5770, 'Maparah', 1, '2019-01-30 10:43:45', '2019-01-30 10:43:45'),
(83401, 5770, 'Panjalu', 1, '2019-01-30 10:44:25', '2019-01-30 10:44:25'),
(83402, 5770, 'Sandingtaman', 1, '2019-01-30 10:44:55', '2019-01-30 10:44:55'),
(83403, 5771, 'Banjarangsana', 1, '2019-01-30 10:46:51', '2019-01-30 10:46:51'),
(83404, 5771, 'Buanamekar', 1, '2019-01-30 10:47:27', '2019-01-30 10:47:27'),
(83405, 5771, 'Golat', 1, '2019-01-30 10:47:58', '2019-01-30 10:47:58'),
(83406, 5771, 'Jayagiri', 1, '2019-01-30 10:48:35', '2019-01-30 10:48:35'),
(83407, 5771, 'Kertaraharja', 1, '2019-01-30 10:49:18', '2019-01-30 10:49:18'),
(83408, 5771, 'Medanglayang', 1, '2019-01-30 10:49:51', '2019-01-30 10:49:51'),
(83409, 5771, 'Panumbangan', 1, '2019-01-30 10:50:21', '2019-01-30 10:50:21'),
(83410, 5771, 'Payungagung', 1, '2019-01-30 10:50:50', '2019-01-30 10:50:50'),
(83411, 5771, 'Payungsari', 1, '2019-01-30 10:51:17', '2019-01-30 10:51:17'),
(83412, 5771, 'Sindang Barang', 1, '2019-01-30 10:51:47', '2019-01-30 10:51:47'),
(83413, 5771, 'Sindangherang', 1, '2019-01-30 10:52:10', '2019-01-30 10:52:10'),
(83414, 5771, 'Sindangmukti', 1, '2019-01-30 10:52:50', '2019-01-30 10:52:50'),
(83415, 5771, 'Sukakerta', 1, '2019-01-30 10:53:24', '2019-01-30 10:53:24'),
(83416, 5771, 'Tanjungmulya', 1, '2019-01-30 10:53:56', '2019-01-30 10:53:56'),
(83417, 5772, 'Bantardawa', 1, '2019-01-30 10:55:26', '2019-01-30 10:55:26'),
(83418, 5772, 'Karangpaninggal', 1, '2019-01-30 10:56:25', '2019-01-30 10:56:25'),
(83419, 5772, 'Kutawaringin', 1, '2019-01-30 10:56:58', '2019-01-30 10:56:58'),
(83420, 5772, 'Padaringan', 1, '2019-01-30 10:57:32', '2019-01-30 10:57:32'),
(83421, 5772, 'Pasirlawang', 1, '2019-01-30 10:58:06', '2019-01-30 10:58:06'),
(83422, 5772, 'Purwadadi', 1, '2019-01-30 10:58:57', '2019-01-30 10:58:57'),
(83423, 5772, 'Purwajaya', 1, '2019-01-30 10:59:25', '2019-01-30 10:59:25'),
(83424, 5772, 'Sidarahayu', 1, '2019-01-30 10:59:54', '2019-01-30 10:59:54'),
(83425, 5772, 'Sukamulya', 1, '2019-01-30 11:00:22', '2019-01-30 11:00:22'),
(83426, 5773, 'Andapraja', 1, '2019-01-30 11:01:38', '2019-01-30 11:01:38'),
(83427, 5773, 'Purwaraja', 1, '2019-01-30 11:02:11', '2019-01-30 11:02:11'),
(83428, 5773, 'Rajadesa', 1, '2019-01-30 11:02:47', '2019-01-30 11:02:47'),
(83429, 5773, 'Sirnabaya', 1, '2019-01-30 11:03:25', '2019-01-30 11:03:25'),
(83430, 5773, 'Sirnajaya', 1, '2019-01-30 11:04:03', '2019-01-30 11:04:03'),
(83431, 5773, 'Sukaharja', 1, '2019-01-30 11:05:38', '2019-01-30 11:05:38'),
(83432, 5773, 'Sukajaya', 1, '2019-01-30 11:06:45', '2019-01-30 11:06:45'),
(83433, 5773, 'Tajungjaya', 1, '2019-01-30 11:07:14', '2019-01-30 11:07:14'),
(83434, 5773, 'Tanjungsari', 1, '2019-01-30 11:07:45', '2019-01-30 11:07:45'),
(83435, 5773, 'Tanjungsukur', 1, '2019-01-30 11:08:17', '2019-01-30 11:08:17'),
(83436, 5773, 'Tigaherang', 1, '2019-01-30 11:08:49', '2019-01-30 11:08:49'),
(83437, 5774, 'Bojonggedang', 1, '2019-01-30 11:11:34', '2019-01-30 11:11:34'),
(83438, 5774, 'Cileungsir', 1, '2019-01-30 11:12:14', '2019-01-30 11:12:14'),
(83439, 5774, 'Cisontrol', 1, '2019-01-30 11:12:54', '2019-01-30 11:12:54'),
(83440, 5774, 'Dadiharja', 1, '2019-01-30 11:13:17', '2019-01-30 11:13:17'),
(83441, 5774, 'Giriharja', 1, '2019-01-30 11:13:58', '2019-01-30 11:13:58'),
(83442, 5774, 'Janggalaharja', 1, '2019-01-30 11:14:23', '2019-01-30 11:14:23'),
(83443, 5774, 'Karangpari', 1, '2019-01-30 11:14:48', '2019-01-30 11:14:48'),
(83444, 5774, 'Kawunglarang', 1, '2019-01-30 11:15:13', '2019-01-30 11:15:13'),
(83445, 5774, 'Kiarapayung', 1, '2019-01-30 11:15:53', '2019-01-30 11:15:53'),
(83446, 5774, 'Patakaharja', 1, '2019-01-30 11:16:17', '2019-01-30 11:16:17'),
(83447, 5774, 'Rancah', 1, '2019-01-30 11:16:41', '2019-01-30 11:16:41'),
(83448, 5774, 'Situmandala', 1, '2019-01-30 11:17:13', '2019-01-30 11:17:13'),
(83449, 5774, 'Wangunsari', 1, '2019-01-30 11:17:41', '2019-01-30 11:17:41'),
(83450, 5775, 'Bendasari', 1, '2019-01-30 11:21:02', '2019-01-30 11:21:02'),
(83451, 5775, 'Gunungsari', 1, '2019-01-30 11:21:37', '2019-01-30 11:21:37'),
(83452, 5775, 'Mangkubumi', 1, '2019-01-30 11:24:18', '2019-01-30 11:24:18'),
(83453, 5775, 'Mekarjadi', 1, '2019-01-30 11:24:58', '2019-01-30 11:24:58'),
(83454, 5775, 'Sadananya', 1, '2019-01-30 11:25:58', '2019-01-30 11:25:58'),
(83455, 5775, 'Sukajadi', 1, '2019-01-30 11:26:29', '2019-01-30 11:26:29'),
(83456, 5775, 'Tanjungsari', 1, '2019-01-30 11:27:34', '2019-01-30 11:27:34'),
(83457, 5775, 'Werasari', 1, '2019-01-30 11:28:00', '2019-01-30 11:28:00'),
(83458, 5776, 'Budiasih', 1, '2019-01-30 12:02:22', '2019-01-30 12:02:22'),
(83459, 5776, 'Budiharja', 1, '2019-01-30 12:04:04', '2019-01-30 12:04:04'),
(83460, 5776, 'Gunungcupu', 1, '2019-01-30 12:04:44', '2019-01-30 12:04:44'),
(83461, 5776, 'Sindangkasih', 1, '2019-01-30 12:05:14', '2019-01-30 12:05:14'),
(83462, 5776, 'Sukamanah', 1, '2019-01-30 12:05:51', '2019-01-30 12:05:51'),
(83463, 5776, 'Sukaraja', 1, '2019-01-30 12:06:31', '2019-01-30 12:06:31'),
(83464, 5776, 'Sukaresik', 1, '2019-01-30 12:07:13', '2019-01-30 12:07:13'),
(83465, 5776, 'Sukasenang', 1, '2019-01-30 12:07:52', '2019-01-30 12:07:52'),
(83466, 5776, 'Wanasigra', 1, '2019-01-30 12:08:24', '2019-01-30 12:08:48'),
(83467, 5777, 'Bunter', 1, '2019-01-30 12:11:24', '2019-01-30 12:11:24'),
(83468, 5777, 'Ciparigi', 1, '2019-01-30 12:12:08', '2019-01-30 12:12:08'),
(83469, 5777, 'Margaharja', 1, '2019-01-30 12:12:47', '2019-01-30 12:12:47'),
(83470, 5777, 'Margajaya', 1, '2019-01-30 12:13:23', '2019-01-30 12:13:23'),
(83471, 5777, 'Salakaria', 1, '2019-01-30 12:14:11', '2019-01-30 12:14:11'),
(83472, 5777, 'Sukadana', 1, '2019-01-30 12:14:39', '2019-01-30 12:14:39'),
(83473, 5778, 'Cibeureum', 1, '2019-01-30 12:17:03', '2019-01-30 12:17:03'),
(83474, 5778, 'Mekarwangi', 1, '2019-01-30 12:17:46', '2019-01-30 12:17:46'),
(83475, 5778, 'Singdanglaya', 1, '2019-01-30 12:18:31', '2019-01-30 12:18:31'),
(83476, 5778, 'Sukamantri', 1, '2019-01-30 12:19:14', '2019-01-30 12:19:14'),
(83477, 5778, 'Tenggeraharja', 1, '2019-01-30 12:20:00', '2019-01-30 12:20:00'),
(83478, 5779, 'Kadupandak', 1, '2019-01-30 12:21:08', '2019-01-30 12:21:08'),
(83479, 5779, 'Karangpaninggal', 1, '2019-01-30 12:23:04', '2019-01-30 12:23:04'),
(83480, 5779, 'Kaso', 1, '2019-01-30 12:23:47', '2019-01-30 12:23:47'),
(83481, 5779, 'Mekarsari', 1, '2019-01-30 12:24:31', '2019-01-30 12:24:31'),
(83482, 5779, 'Sukasari', 1, '2019-01-30 12:25:16', '2019-01-30 12:25:16'),
(83483, 5779, 'Tambaksari', 1, '2019-01-30 12:26:19', '2019-01-30 12:26:19'),
(83484, 5790, 'Balokang', 1, '2019-01-30 14:33:18', '2019-01-30 14:33:18'),
(83485, 5790, 'Banjar', 1, '2019-01-30 14:34:13', '2019-01-30 14:34:13'),
(83486, 5790, 'Cibeureum', 1, '2019-01-30 14:35:07', '2019-01-30 14:35:07'),
(83487, 5790, 'Jajawar', 1, '2019-01-30 14:35:47', '2019-01-30 14:35:47'),
(83488, 5790, 'Mekarsari', 1, '2019-01-30 14:36:36', '2019-01-30 14:36:36'),
(83489, 5790, 'Neglasari', 1, '2019-01-30 14:37:12', '2019-01-30 14:37:12'),
(83490, 5790, 'Situbatu', 1, '2019-01-30 14:38:17', '2019-01-30 14:38:17'),
(83491, 5791, 'Bojongkantong', 1, '2019-01-30 14:40:08', '2019-01-30 14:40:08'),
(83492, 5791, 'Kujangsari', 1, '2019-01-30 14:41:28', '2019-01-30 14:41:28'),
(83493, 5791, 'Langensari', 1, '2019-01-30 14:42:29', '2019-01-30 14:42:29'),
(83494, 5791, 'Muktisari', 1, '2019-01-30 14:43:40', '2019-01-30 14:43:40'),
(83495, 5791, 'Rejasari', 1, '2019-01-30 14:44:13', '2019-01-30 14:44:13'),
(83496, 5791, 'Waringinsari', 1, '2019-01-30 14:44:51', '2019-01-30 14:44:51'),
(83497, 5792, 'Batulawang', 1, '2019-01-30 14:47:37', '2019-01-30 14:47:37'),
(83498, 5792, 'Binangun', 1, '2019-01-30 14:48:14', '2019-01-30 14:48:14'),
(83499, 5792, 'Hegarsari', 1, '2019-01-30 14:48:46', '2019-01-30 14:48:46'),
(83500, 5792, 'Karyamukti', 1, '2019-01-30 14:49:40', '2019-01-30 14:49:40'),
(83501, 5792, 'Mulyasari', 1, '2019-01-30 14:50:20', '2019-01-30 14:50:20'),
(83502, 5792, 'Pataruman', 1, '2019-01-30 14:50:57', '2019-01-30 14:50:57'),
(83503, 5792, 'Sinartanjung', 1, '2019-01-30 14:51:34', '2019-01-30 14:51:34'),
(83504, 5792, 'Sukamukti', 1, '2019-01-30 14:52:07', '2019-01-30 14:52:07'),
(83505, 5793, 'Karangpanimbal', 1, '2019-01-30 14:57:28', '2019-01-30 14:57:28'),
(83506, 5793, 'Mekarharja', 1, '2019-01-30 14:58:00', '2019-01-30 14:58:00'),
(83507, 5793, 'Purwaharja', 1, '2019-01-30 14:59:01', '2019-01-30 14:59:01'),
(83508, 5793, 'Raharja', 1, '2019-01-30 15:00:01', '2019-01-30 15:00:01'),
(83509, 5794, 'Banjarwangi', 1, '2019-01-30 15:03:49', '2019-01-30 15:03:49'),
(83510, 5794, 'Bojong', 1, '2019-01-30 15:04:12', '2019-01-30 15:04:12'),
(83511, 5794, 'Dangiang', 1, '2019-01-30 15:04:44', '2019-01-30 15:04:44'),
(83512, 5794, 'Jayabakti', 1, '2019-01-30 15:05:35', '2019-01-30 15:05:35'),
(83513, 5794, 'Kadongdong', 1, '2019-01-30 15:06:04', '2019-01-30 15:06:04'),
(83514, 5794, 'Mulyajaya', 1, '2019-01-30 15:06:43', '2019-01-30 15:06:43'),
(83515, 5794, 'Padahurip', 1, '2019-01-30 15:07:31', '2019-01-30 15:07:31'),
(83516, 5794, 'Talagajaya', 1, '2019-01-30 15:08:23', '2019-01-30 15:08:23'),
(83517, 5794, 'Talagasari', 1, '2019-01-30 15:09:03', '2019-01-30 15:09:03'),
(83518, 5794, 'Tanjungjaya', 1, '2019-01-30 15:09:59', '2019-01-30 15:09:59'),
(83519, 5794, 'Wangunjaya', 1, '2019-01-30 15:10:46', '2019-01-30 15:10:46'),
(83520, 5795, 'Bagendit', 1, '2019-01-30 15:12:49', '2019-01-30 15:12:49'),
(83521, 5795, 'Banyuresmi', 1, '2019-01-30 15:13:13', '2019-01-30 15:13:13'),
(83522, 5795, 'Binakarya', 1, '2019-01-30 15:14:03', '2019-01-30 15:14:03'),
(83523, 5795, 'Cimareme', 1, '2019-01-30 15:14:42', '2019-01-30 15:14:42'),
(83524, 5795, 'Cipicung', 1, '2019-01-30 15:15:15', '2019-01-30 15:15:15'),
(83525, 5795, 'Dangdeur', 1, '2019-01-30 15:16:11', '2019-01-30 15:16:11'),
(83526, 5795, 'Karyamukti', 1, '2019-01-30 15:16:55', '2019-01-30 15:16:55'),
(83527, 5795, 'Karyasari', 1, '2019-01-30 15:18:54', '2019-01-30 15:18:54'),
(83528, 5795, 'Pamekarsari', 1, '2019-01-30 15:19:29', '2019-01-30 15:19:29'),
(83529, 5795, 'Sukakarya', 1, '2019-01-30 15:20:04', '2019-01-30 15:20:04'),
(83530, 5795, 'Sukalaksana', 1, '2019-01-30 15:20:39', '2019-01-30 15:20:39'),
(83531, 5795, 'Sukamukti', 1, '2019-01-30 15:21:47', '2019-01-30 15:21:47'),
(83532, 5795, 'Sukaraja', 1, '2019-01-30 15:22:20', '2019-01-30 15:22:20'),
(83533, 5795, 'Sukaratu', 1, '2019-01-30 15:22:52', '2019-01-30 15:22:52'),
(83534, 5795, 'Sukasenang', 1, '2019-01-30 15:23:30', '2019-01-30 15:23:30'),
(83535, 5796, 'Banjarsari', 1, '2019-01-30 15:26:23', '2019-01-30 15:26:23'),
(83536, 5796, 'Bayongbong', 1, '2019-01-30 15:26:57', '2019-01-30 15:26:57'),
(83537, 5796, 'Ciburuy', 1, '2019-01-30 15:27:30', '2019-01-30 15:27:30'),
(83538, 5796, 'Ciela', 1, '2019-01-30 15:27:58', '2019-01-30 15:27:58'),
(83539, 5796, 'Cikedokan', 1, '2019-01-30 15:28:31', '2019-01-30 15:28:31'),
(83540, 5796, 'Cinisti', 1, '2019-01-30 15:29:03', '2019-01-30 15:29:03'),
(83541, 5796, 'Hegarmanah', 1, '2019-01-30 15:29:32', '2019-01-30 15:29:32'),
(83542, 5796, 'Karyajaya', 1, '2019-01-30 15:30:07', '2019-01-30 15:30:07'),
(83543, 5796, 'Mekarjaya', 1, '2019-01-30 15:30:42', '2019-01-30 15:30:42'),
(83544, 5796, 'Mekarsari', 1, '2019-01-30 15:31:14', '2019-01-30 15:31:14'),
(83545, 5796, 'Mulyasari', 1, '2019-01-30 15:31:56', '2019-01-30 15:31:56'),
(83546, 5796, 'Pamalayan', 1, '2019-01-30 15:32:36', '2019-01-30 15:32:36'),
(83547, 5796, 'Panembong', 1, '2019-01-30 15:33:08', '2019-01-30 15:33:08'),
(83548, 5796, 'Selakuray', 1, '2019-01-30 15:33:43', '2019-01-30 15:33:43'),
(83549, 5796, 'Sirnagalih', 1, '2019-01-30 15:34:19', '2019-01-30 15:34:19'),
(83550, 5796, 'Sukamanah', 1, '2019-01-30 15:34:53', '2019-01-30 15:34:53'),
(83551, 5796, 'Sukarame', 1, '2019-01-30 15:35:25', '2019-01-30 15:35:25'),
(83552, 5796, 'Sukasenang', 1, '2019-01-30 15:35:53', '2019-01-30 15:35:53'),
(83554, 5798, 'Bojong', 1, '2019-01-30 15:42:25', '2019-01-30 15:42:25'),
(83555, 5798, 'Bungbulang', 1, '2019-01-30 15:42:59', '2019-01-30 15:42:59'),
(83556, 5798, 'Cihikeu', 1, '2019-01-30 15:43:34', '2019-01-30 15:43:34'),
(83557, 5798, 'Gunamekar', 1, '2019-01-30 15:44:07', '2019-01-30 15:44:07'),
(83558, 5798, 'Gunung Jampang', 1, '2019-01-30 15:44:53', '2019-01-30 15:44:53'),
(83559, 5798, 'Hanjuang', 1, '2019-01-30 15:45:31', '2019-01-30 15:45:31'),
(83560, 5798, 'Hegarmanah', 1, '2019-01-30 15:46:03', '2019-01-30 15:46:03'),
(83561, 5798, 'Margalaksana', 1, '2019-01-30 15:46:37', '2019-01-30 15:46:37'),
(83562, 5798, 'Mekarbakti', 1, '2019-01-30 15:47:07', '2019-01-30 15:47:07'),
(83563, 5798, 'Mekarjaya', 1, '2019-01-30 15:47:34', '2019-01-30 15:47:34'),
(83564, 5798, 'Sinarjaya', 1, '2019-01-30 15:48:05', '2019-01-30 15:48:05'),
(83565, 5798, 'Tegallega', 1, '2019-01-30 15:48:46', '2019-01-30 15:48:46'),
(83566, 5798, 'Wangunjaya', 1, '2019-01-30 15:49:39', '2019-01-30 15:49:39'),
(83569, 5799, 'Caringin', 1, '2019-01-30 15:53:27', '2019-01-30 15:53:27'),
(83570, 5799, 'Cimahi', 1, '2019-01-30 15:53:55', '2019-01-30 15:53:55'),
(83571, 5799, 'Indralayang', 1, '2019-01-30 15:54:29', '2019-01-30 15:54:29'),
(83572, 5799, 'Purbayani', 1, '2019-01-30 15:55:09', '2019-01-30 15:55:09'),
(83573, 5799, 'Samuderajaya', 1, '2019-01-30 15:55:56', '2019-01-30 15:55:56'),
(83574, 5799, 'Sukarame', 1, '2019-01-30 15:56:25', '2019-01-30 15:56:25'),
(83576, 5800, 'Cigaronggong', 1, '2019-01-30 15:58:52', '2019-01-30 15:58:52'),
(83577, 5800, 'Karyamukti', 1, '2019-01-30 15:59:29', '2019-01-30 15:59:29'),
(83578, 5800, 'Karyasari', 1, '2019-01-30 16:00:00', '2019-01-30 16:00:00'),
(83579, 5800, 'Maroko', 1, '2019-01-30 16:00:27', '2019-01-30 16:00:27'),
(83580, 5800, 'Mekar Mukti', 1, '2019-01-30 16:00:58', '2019-01-30 16:00:58'),
(83581, 5800, 'Mekarsari', 1, '2019-01-30 16:01:26', '2019-01-30 16:01:26'),
(83582, 5800, 'Mekarwangi', 1, '2019-01-30 16:02:06', '2019-01-30 16:02:06'),
(83583, 5800, 'Najaten', 1, '2019-01-30 16:02:46', '2019-01-30 16:02:46'),
(83584, 5800, 'Sagara', 1, '2019-01-30 16:03:27', '2019-01-30 16:03:27'),
(83585, 5800, 'Sancang', 1, '2019-01-30 16:03:57', '2019-01-30 16:03:57'),
(83586, 5800, 'Simpang', 1, '2019-01-30 16:04:26', '2019-01-30 16:04:26'),
(83587, 5801, 'Cibatu', 1, '2019-01-30 17:50:42', '2019-01-30 17:50:42'),
(83588, 5801, 'Cibunar', 1, '2019-01-30 17:51:19', '2019-01-30 17:51:19'),
(83589, 5801, 'Girimukti', 1, '2019-01-30 17:51:47', '2019-01-30 17:51:47'),
(83590, 5801, 'Karyamukti', 1, '2019-01-30 17:53:14', '2019-01-30 17:53:14'),
(83591, 5801, 'Keresek', 1, '2019-01-30 17:53:52', '2019-01-30 17:53:52'),
(83592, 5801, 'Kertajaya', 1, '2019-01-30 17:54:16', '2019-01-30 17:54:16'),
(83593, 5801, 'Mekarsari', 1, '2019-01-30 17:54:47', '2019-01-30 17:54:47'),
(83594, 5801, 'Padasuka', 1, '2019-01-30 17:55:39', '2019-01-30 17:55:39'),
(83595, 5801, 'Sindangsuka', 1, '2019-01-30 17:56:06', '2019-01-30 17:56:06'),
(83596, 5801, 'Sakalilah', 1, '2019-01-30 17:56:32', '2019-01-30 17:56:32'),
(83597, 5801, 'Wanakerta', 1, '2019-01-30 17:56:59', '2019-01-30 17:56:59'),
(83598, 5802, 'Cibiuk Kaler', 1, '2019-01-30 17:58:01', '2019-01-30 17:58:01'),
(83599, 5802, 'Cibiuk Kidul', 1, '2019-01-30 17:58:33', '2019-01-30 17:58:33'),
(83600, 5802, 'Cipareuan', 1, '2019-01-30 17:59:42', '2019-01-30 17:59:42'),
(83601, 5802, 'Lingkungpasir', 1, '2019-01-30 18:00:28', '2019-01-30 18:00:28'),
(83602, 5802, 'Majasari', 1, '2019-01-30 18:01:07', '2019-01-30 18:01:07'),
(83603, 5803, 'Barusuda', 1, '2019-01-30 18:01:55', '2019-01-30 18:01:55'),
(83604, 5803, 'Cigedug', 1, '2019-01-30 18:02:41', '2019-01-30 18:02:41'),
(83605, 5803, 'Cintanagara', 1, '2019-01-30 18:03:26', '2019-01-30 18:03:26'),
(83606, 5803, 'Sindangsari', 1, '2019-01-30 18:04:13', '2019-01-30 18:04:13'),
(83607, 5803, 'Sukahurip', 1, '2019-01-30 18:04:50', '2019-01-30 18:04:50'),
(83608, 5804, 'Cihurip', 1, '2019-01-30 18:06:15', '2019-01-30 18:06:15'),
(83609, 5804, 'Cisangkal', 1, '2019-01-30 18:06:52', '2019-01-30 18:06:52'),
(83610, 5804, 'Jayamukti', 1, '2019-01-30 18:07:33', '2019-01-30 18:07:33'),
(83611, 5804, 'Mekarwangi', 1, '2019-01-30 18:08:01', '2019-01-30 18:08:01'),
(83612, 5805, 'Cibodas', 1, '2019-01-30 18:09:13', '2019-01-30 18:09:13'),
(83613, 5805, 'Cikajang', 1, '2019-01-30 18:09:44', '2019-01-30 18:09:44'),
(83614, 5805, 'Cikandang', 1, '2019-01-30 18:10:10', '2019-01-30 18:10:10'),
(83615, 5805, 'Cipangramatan', 1, '2019-01-30 18:11:01', '2019-01-30 18:11:01'),
(83616, 5805, 'Giriawas', 1, '2019-01-30 18:11:27', '2019-01-30 18:11:27'),
(83617, 5805, 'Girijaya', 1, '2019-01-30 18:11:52', '2019-01-30 18:11:52'),
(83618, 5805, 'Kramatwangi', 1, '2019-01-30 18:12:28', '2019-01-30 18:12:28'),
(83619, 5805, 'Margamulya', 1, '2019-01-30 18:13:14', '2019-01-30 18:13:14'),
(83620, 5805, 'Mekarjaya', 1, '2019-01-30 18:13:45', '2019-01-30 18:13:45'),
(83621, 5805, 'Mekarsari', 1, '2019-01-30 18:14:08', '2019-01-30 18:14:08'),
(83622, 5805, 'Padasuka', 1, '2019-01-30 18:14:40', '2019-01-30 18:14:40'),
(83623, 5805, 'Simpang', 1, '2019-01-30 18:15:29', '2019-01-30 18:15:29'),
(83624, 5806, 'Awassagara', 1, '2019-01-30 18:16:15', '2019-01-30 18:16:15'),
(83625, 5806, 'Cijambe', 1, '2019-01-30 18:16:48', '2019-01-30 18:16:48'),
(83626, 5806, 'Cikelet', 1, '2019-01-30 18:17:23', '2019-01-30 18:17:23'),
(83627, 5806, 'Ciroyom', 1, '2019-01-30 18:18:01', '2019-01-30 18:18:01'),
(83628, 5806, 'Cogadog', 1, '2019-01-30 18:18:25', '2019-01-30 18:18:25'),
(83629, 5806, 'Girimukti', 1, '2019-01-30 18:18:50', '2019-01-30 18:18:50'),
(83630, 5806, 'Karangsari', 1, '2019-01-30 18:19:23', '2019-01-30 18:19:23'),
(83631, 5806, 'Kertamukti', 1, '2019-01-30 18:19:59', '2019-01-30 18:19:59'),
(83632, 5806, 'Linggamanik', 1, '2019-01-30 18:20:23', '2019-01-30 18:20:23'),
(83633, 5806, 'Pamalayan', 1, '2019-01-30 18:21:00', '2019-01-30 18:21:00'),
(83634, 5806, 'Tipar', 1, '2019-01-30 18:21:23', '2019-01-30 18:21:23'),
(83635, 5807, 'Cilawu', 1, '2019-01-30 18:22:26', '2019-01-30 18:22:26'),
(83636, 5807, 'Dangiang', 1, '2019-01-30 18:23:16', '2019-01-30 18:23:16'),
(83637, 5807, 'Dawungsari', 1, '2019-01-30 18:23:56', '2019-01-30 18:23:56'),
(83638, 5807, 'Dayeuhmanggung', 1, '2019-01-30 18:24:34', '2019-01-30 18:24:34'),
(83639, 5807, 'Desakolot', 1, '2019-01-30 18:26:07', '2019-01-30 18:26:07'),
(83640, 5807, 'Karyamekar', 1, '2019-01-30 18:26:57', '2019-01-30 18:26:57'),
(83641, 5807, 'Mangkurakyat', 1, '2019-01-30 18:27:27', '2019-01-30 18:27:27'),
(83642, 5807, 'Margalaksana', 1, '2019-01-30 18:27:57', '2019-01-30 18:27:57'),
(83643, 5807, 'Mekarmukti', 1, '2019-01-30 18:28:30', '2019-01-30 18:28:30'),
(83644, 5807, 'Mekarsari', 1, '2019-01-30 18:29:07', '2019-01-30 18:29:07'),
(83645, 5807, 'Ngamplang', 1, '2019-01-30 18:29:43', '2019-01-30 18:29:43'),
(83646, 5807, 'Ngamplangsari', 1, '2019-01-30 18:30:18', '2019-01-30 18:30:18'),
(83647, 5807, 'Pasanggrahan', 1, '2019-01-30 18:30:46', '2019-01-30 18:30:46'),
(83648, 5807, 'Sukahati', 1, '2019-01-30 18:31:28', '2019-01-30 18:31:28'),
(83649, 5807, 'Sukamaju', 1, '2019-01-30 18:31:53', '2019-01-30 18:31:53'),
(83650, 5807, 'Sukamukti', 1, '2019-01-30 18:32:28', '2019-01-30 18:32:28'),
(83651, 5807, 'Sukamurni', 1, '2019-01-30 18:33:00', '2019-01-30 18:33:00'),
(83652, 5807, 'Sukatani', 1, '2019-01-30 18:33:33', '2019-01-30 18:33:33'),
(83653, 5810, 'Cikarang', 1, '2019-01-30 18:34:48', '2019-01-30 18:34:48'),
(83654, 5810, 'Cisewu', 1, '2019-01-30 18:35:41', '2019-01-30 18:35:41'),
(83655, 5810, 'Girimukti', 1, '2019-01-30 18:36:21', '2019-01-30 18:36:21'),
(83656, 5810, 'Karangsewu', 1, '2019-01-30 18:36:55', '2019-01-30 18:36:55'),
(83657, 5810, 'Mekarsewu', 1, '2019-01-30 18:37:18', '2019-01-30 18:37:18'),
(83658, 5810, 'Nyalindung', 1, '2019-01-30 18:37:43', '2019-01-30 18:37:43'),
(83659, 5810, 'Pamalayan', 1, '2019-01-30 18:38:06', '2019-01-30 18:38:06'),
(83660, 5810, 'Panggalih', 1, '2019-01-30 18:38:39', '2019-01-30 18:38:39'),
(83661, 5810, 'Sukajaya', 1, '2019-01-30 18:39:04', '2019-01-30 18:39:04'),
(83662, 5813, 'Cihaurkuning', 1, '2019-01-30 18:40:17', '2019-01-30 18:40:17'),
(83663, 5813, 'Cikondang', 1, '2019-01-30 18:40:46', '2019-01-30 18:40:46'),
(83664, 5813, 'Cisompet', 1, '2019-01-30 18:41:19', '2019-01-30 18:41:19'),
(83665, 5813, 'Depok', 1, '2019-01-30 18:41:54', '2019-01-30 18:41:54'),
(83666, 5813, 'Jatisari', 1, '2019-01-30 18:42:17', '2019-01-30 18:42:17'),
(83667, 5813, 'Margamulya', 1, '2019-01-30 18:42:42', '2019-01-30 18:42:42'),
(83668, 5813, 'Neglasari', 1, '2019-01-30 18:43:19', '2019-01-30 18:43:19'),
(83669, 5813, 'Panyindangan', 1, '2019-01-30 18:43:56', '2019-01-30 18:43:56'),
(83670, 5813, 'Sindangsari', 1, '2019-01-30 18:44:42', '2019-01-30 18:44:42'),
(83671, 5813, 'Sukamukti', 1, '2019-01-30 18:45:20', '2019-01-30 18:45:20'),
(83672, 5813, 'Sukanagara', 1, '2019-01-30 18:46:22', '2019-01-30 18:46:22'),
(83673, 5816, 'Balewangi', 1, '2019-01-30 18:47:27', '2019-01-30 18:47:27'),
(83674, 5816, 'Cidatar', 1, '2019-01-30 18:47:56', '2019-01-30 18:47:56'),
(83675, 5816, 'Cintaasih', 1, '2019-01-30 18:49:22', '2019-01-30 18:49:22'),
(83676, 5816, 'Cipaganti', 1, '2019-01-30 18:49:49', '2019-01-30 18:49:49'),
(83677, 5816, 'Cisero', 1, '2019-01-30 18:50:18', '2019-01-30 18:50:18'),
(83678, 5816, 'Cisurupan', 1, '2019-01-30 18:50:54', '2019-01-30 18:50:54'),
(83679, 5816, 'Karamatwangi', 1, '2019-01-30 18:51:40', '2019-01-30 18:51:40'),
(83680, 5816, 'Pakuwon', 1, '2019-01-30 18:52:11', '2019-01-30 18:52:11'),
(83681, 5816, 'Pamulihan', 1, '2019-01-30 18:52:42', '2019-01-30 18:52:42'),
(83682, 5816, 'Pangauban', 1, '2019-01-30 18:53:05', '2019-01-30 18:53:05'),
(83683, 5816, 'SImpangsari', 1, '2019-01-30 18:53:35', '2019-01-30 18:53:35'),
(83684, 5816, 'Sirnagalih', 1, '2019-01-30 18:54:01', '2019-01-30 18:54:01'),
(83685, 5816, 'Sirnajaya', 1, '2019-01-30 18:54:32', '2019-01-30 18:54:32'),
(83686, 5816, 'Situsari', 1, '2019-01-30 18:56:29', '2019-01-30 18:56:29'),
(83687, 5816, 'Sukatani', 1, '2019-01-30 18:57:02', '2019-01-30 18:57:02'),
(83688, 5816, 'Sukawargi', 1, '2019-01-30 18:57:57', '2019-01-30 18:57:57'),
(83689, 5816, 'Tambakbaya', 1, '2019-01-30 18:59:27', '2019-01-30 18:59:27'),
(83690, 5818, 'Cimuncang', 1, '2019-01-30 19:02:12', '2019-01-30 19:02:12'),
(83691, 5818, 'Ciwalen', 1, '2019-01-30 19:02:45', '2019-01-30 19:02:45'),
(83692, 5818, 'Kota Kulon', 1, '2019-01-30 19:03:17', '2019-01-30 19:03:17'),
(83693, 5818, 'Kota Wetan', 1, '2019-01-30 19:03:48', '2019-01-30 19:03:48'),
(83694, 5818, 'Margawati', 1, '2019-01-30 19:04:14', '2019-01-30 19:04:14'),
(83695, 5818, 'Muara Sanding', 1, '2019-01-30 19:04:45', '2019-01-30 19:04:45'),
(83696, 5818, 'Pakuwon', 1, '2019-01-30 19:05:36', '2019-01-30 19:05:36'),
(83697, 5818, 'Paminggir', 1, '2019-01-30 19:06:00', '2019-01-30 19:06:00'),
(83698, 5818, 'Regol', 1, '2019-01-30 19:06:27', '2019-01-30 19:06:27'),
(83699, 5818, 'Sukamentri', 1, '2019-01-30 19:07:33', '2019-01-30 19:07:33'),
(83700, 5818, 'Sukanegla', 1, '2019-01-30 19:08:06', '2019-01-30 19:08:06'),
(83701, 5821, 'Cikembulan', 1, '2019-01-30 19:09:45', '2019-01-30 19:09:45'),
(83702, 5821, 'Cisaat', 1, '2019-01-30 19:10:41', '2019-01-30 19:10:41'),
(83703, 5821, 'Gandamekar', 1, '2019-01-30 19:11:09', '2019-01-30 19:11:09'),
(83704, 5821, 'Harumansari', 1, '2019-01-30 19:11:33', '2019-01-30 19:11:33'),
(83705, 5821, 'Hegarsari', 1, '2019-01-30 19:11:55', '2019-01-30 19:11:55'),
(83706, 5821, 'Kadungora', 1, '2019-01-30 19:12:32', '2019-01-30 19:12:32'),
(83707, 5821, 'Karangmulya', 1, '2019-01-30 19:13:10', '2019-01-30 19:13:10'),
(83708, 5821, 'Karangtengah', 1, '2019-01-30 19:14:06', '2019-01-30 19:14:06'),
(83709, 5821, 'Mandalasari', 1, '2019-01-30 19:14:32', '2019-01-30 19:14:32'),
(83710, 5821, 'Mekarbakti', 1, '2019-01-30 19:15:02', '2019-01-30 19:15:02'),
(83711, 5821, 'Neglasari', 1, '2019-01-30 19:15:38', '2019-01-30 19:15:38'),
(83712, 5821, 'Rancasalak', 1, '2019-01-30 19:16:02', '2019-01-30 19:16:02'),
(83713, 5821, 'Talagasari', 1, '2019-01-30 19:17:21', '2019-01-30 19:17:21'),
(83714, 5821, 'Tanggulun', 1, '2019-01-30 19:17:53', '2019-01-30 19:17:53'),
(83715, 5823, 'Cimurah', 1, '2019-01-30 19:19:15', '2019-01-30 19:19:15'),
(83716, 5823, 'Godog', 1, '2019-01-30 19:19:46', '2019-01-30 19:19:46'),
(83717, 5823, 'Jatisari', 1, '2019-01-30 19:20:17', '2019-01-30 19:20:17'),
(83718, 5823, 'Karangmulya', 1, '2019-01-30 19:21:12', '2019-01-30 19:21:12'),
(83719, 5823, 'Karangpawitan', 1, '2019-01-30 19:21:53', '2019-01-30 19:21:53'),
(83720, 5823, 'Karangsari', 1, '2019-01-30 19:22:19', '2019-01-30 19:22:19'),
(83721, 5823, 'Lebakagung', 1, '2019-01-30 19:22:48', '2019-01-30 19:22:48'),
(83722, 5823, 'Lebakjaya', 1, '2019-01-30 19:23:10', '2019-01-30 19:23:10'),
(83723, 5823, 'Lengkongjaya', 1, '2019-01-30 19:23:41', '2019-01-30 19:23:41'),
(83724, 5823, 'Mekarsari', 1, '2019-01-30 19:24:10', '2019-01-30 19:24:10'),
(83725, 5823, 'Sindanggalih', 1, '2019-01-30 19:24:46', '2019-01-30 19:24:46'),
(83726, 5823, 'Sindanglaya', 1, '2019-01-30 19:25:11', '2019-01-30 19:25:11'),
(83727, 5823, 'Sindangpalay', 1, '2019-01-30 19:27:26', '2019-01-30 19:27:26'),
(83728, 5823, 'Situgede', 1, '2019-01-30 19:27:58', '2019-01-30 19:27:58'),
(83729, 5823, 'Situjaya', 1, '2019-01-30 19:28:33', '2019-01-30 19:28:33'),
(83730, 5823, 'Situsaeur', 1, '2019-01-30 19:29:12', '2019-01-30 19:29:12'),
(83731, 5823, 'Situsari', 1, '2019-01-30 19:29:45', '2019-01-30 19:29:45'),
(83732, 5823, 'Suci', 1, '2019-01-30 19:30:17', '2019-01-30 19:30:17'),
(83733, 5823, 'Suci Kaler', 1, '2019-01-30 19:30:50', '2019-01-30 19:31:28'),
(83734, 5823, 'Tanjungsari', 1, '2019-01-30 19:32:32', '2019-01-30 19:32:32'),
(83735, 5825, 'Caringin', 1, '2019-01-31 07:20:09', '2019-01-31 07:20:09'),
(83736, 5825, 'Cinta', 1, '2019-01-31 07:20:46', '2019-01-31 07:20:46'),
(83737, 5825, 'Cintamanik', 1, '2019-01-31 07:21:21', '2019-01-31 07:21:21'),
(83738, 5825, 'Sindanggalih', 1, '2019-01-31 07:21:54', '2019-01-31 07:21:54'),
(83739, 5827, 'Girijaya', 1, '2019-01-31 07:24:13', '2019-01-31 07:24:13'),
(83740, 5827, 'Kersamanah', 1, '2019-01-31 07:25:42', '2019-01-31 07:25:42'),
(83741, 5827, 'Mekarraya', 1, '2019-01-31 07:29:07', '2019-01-31 07:29:07'),
(83742, 5827, 'Nanjungjaya', 1, '2019-01-31 07:30:07', '2019-01-31 07:30:07'),
(83743, 5827, 'Sukamaju', 1, '2019-01-31 07:30:49', '2019-01-31 07:30:49'),
(83744, 5827, 'Sukamerang', 1, '2019-01-31 07:31:19', '2019-01-31 07:31:19'),
(83745, 5829, 'Cangkuang', 1, '2019-01-31 07:32:31', '2019-01-31 07:32:31'),
(83746, 5829, 'Ciburial', 1, '2019-01-31 07:33:16', '2019-01-31 07:33:16'),
(83747, 5829, 'Cipancar', 1, '2019-01-31 07:34:00', '2019-01-31 07:34:00'),
(83748, 5829, 'Dano', 1, '2019-01-31 07:34:40', '2019-01-31 07:34:40'),
(83749, 5829, 'Haruman', 1, '2019-01-31 07:35:05', '2019-01-31 07:35:05'),
(83750, 5829, 'Jangkurang', 1, '2019-01-31 07:35:40', '2019-01-31 07:35:40'),
(83751, 5829, 'Kandangmukti', 1, '2019-01-31 07:36:08', '2019-01-31 07:36:08'),
(83752, 5829, 'Leles', 1, '2019-01-31 07:36:34', '2019-01-31 07:36:34'),
(83753, 5829, 'Lembang', 1, '2019-01-31 07:36:57', '2019-01-31 07:36:57'),
(83754, 5829, 'Margaluyu', 1, '2019-01-31 07:37:38', '2019-01-31 07:37:38'),
(83755, 5829, 'Salamnunggal', 1, '2019-01-31 07:38:15', '2019-01-31 07:38:15'),
(83756, 5829, 'Sukarame', 1, '2019-01-31 07:38:43', '2019-01-31 07:38:43'),
(83757, 5831, 'Dungusiku', 1, '2019-01-31 07:39:53', '2019-01-31 07:39:53'),
(83758, 5831, 'Karanganyar', 1, '2019-01-31 07:40:35', '2019-01-31 07:40:35'),
(83759, 5831, 'Karangsari', 1, '2019-01-31 07:41:19', '2019-01-31 07:41:19'),
(83760, 5831, 'Leuwigoong', 1, '2019-01-31 07:41:49', '2019-01-31 07:41:49'),
(83761, 5831, 'Margacinta', 1, '2019-01-31 07:42:26', '2019-01-31 07:42:26'),
(83762, 5831, 'Margahayu', 1, '2019-01-31 07:42:52', '2019-01-31 07:42:52'),
(83763, 5831, 'Sindangsari', 1, '2019-01-31 07:43:30', '2019-01-31 07:43:30'),
(83764, 5831, 'Tambak Sari', 1, '2019-01-31 07:43:54', '2019-01-31 07:44:19'),
(83765, 5833, 'Baru Dua', 1, '2019-01-31 07:45:27', '2019-01-31 07:45:27'),
(83766, 5833, 'Bunisari', 1, '2019-01-31 07:46:07', '2019-01-31 07:46:07'),
(83767, 5833, 'Campaka', 1, '2019-01-31 07:46:34', '2019-01-31 07:46:34'),
(83768, 5833, 'Cibunar', 1, '2019-01-31 07:47:07', '2019-01-31 07:47:07'),
(83769, 5833, 'Cihaurkuning', 1, '2019-01-31 07:47:41', '2019-01-31 07:47:41'),
(83770, 5833, 'Cikarang', 1, '2019-01-31 07:48:03', '2019-01-31 07:48:03'),
(83771, 5833, 'Cilampuyang', 1, '2019-01-31 07:48:34', '2019-01-31 07:48:34'),
(83772, 5833, 'Cinaraga', 1, '2019-01-31 07:49:03', '2019-01-31 07:49:03'),
(83773, 5833, 'Cisitu', 1, '2019-01-31 07:49:25', '2019-01-31 07:49:25'),
(83774, 5833, 'Citeras', 1, '2019-01-31 07:49:55', '2019-01-31 07:49:55'),
(83775, 5833, 'Girimakmur', 1, '2019-01-31 07:50:27', '2019-01-31 07:50:27'),
(83776, 5833, 'Karangmulya', 1, '2019-01-31 07:51:11', '2019-01-31 07:51:11'),
(83777, 5833, 'Kutanagara', 1, '2019-01-31 07:51:36', '2019-01-31 07:51:36'),
(83778, 5833, 'Lewobaru', 1, '2019-01-31 07:52:18', '2019-01-31 07:52:18'),
(83779, 5833, 'Malangbong', 1, '2019-01-31 07:52:47', '2019-01-31 07:52:47'),
(83780, 5833, 'Mekarasih', 1, '2019-01-31 07:53:34', '2019-01-31 07:53:34'),
(83781, 5833, 'Mekarmulya', 1, '2019-01-31 07:53:59', '2019-01-31 07:53:59'),
(83782, 5833, 'Sakawayang', 1, '2019-01-31 07:54:45', '2019-01-31 07:54:45'),
(83783, 5833, 'Sanding', 1, '2019-01-31 07:55:11', '2019-01-31 07:55:11'),
(83784, 5833, 'Sekarwangi', 1, '2019-01-31 07:55:35', '2019-01-31 07:55:35'),
(83785, 5833, 'Sukajaya', 1, '2019-01-31 07:56:11', '2019-01-31 07:56:11'),
(83786, 5833, 'Sukamanah', 1, '2019-01-31 07:56:31', '2019-01-31 07:56:31'),
(83787, 5833, 'Sukarasa', 1, '2019-01-31 07:57:01', '2019-01-31 07:57:01'),
(83788, 5833, 'Sukaratu', 1, '2019-01-31 07:57:24', '2019-01-31 07:57:24'),
(83789, 5836, 'Cijayana', 1, '2019-01-31 07:58:27', '2019-01-31 07:58:27'),
(83790, 5836, 'Jayabaya', 1, '2019-01-31 07:59:08', '2019-01-31 07:59:08'),
(83791, 5836, 'Karangwangi', 1, '2019-01-31 07:59:37', '2019-01-31 07:59:37'),
(83792, 5836, 'Mekarmukti', 1, '2019-01-31 08:00:03', '2019-01-31 08:00:03'),
(83793, 5836, 'Mekarsari', 1, '2019-01-31 08:00:27', '2019-01-31 08:00:27'),
(83794, 5841, 'Depok', 1, '2019-01-31 08:01:28', '2019-01-31 08:01:28'),
(83795, 5841, 'Jatiwangi', 1, '2019-01-31 08:02:08', '2019-01-31 08:02:08'),
(83796, 5841, 'Jayamekar', 1, '2019-01-31 08:02:58', '2019-01-31 08:02:58'),
(83797, 5841, 'Karangsari', 1, '2019-01-31 08:03:41', '2019-01-31 08:03:41'),
(83798, 5841, 'Neglasari', 1, '2019-01-31 08:04:05', '2019-01-31 08:04:05'),
(83799, 5841, 'Panyindangan', 1, '2019-01-31 08:04:35', '2019-01-31 08:04:35'),
(83800, 5841, 'Pasirlangu', 1, '2019-01-31 08:05:18', '2019-01-31 08:05:18'),
(83801, 5841, 'Sukamulya', 1, '2019-01-31 08:05:48', '2019-01-31 08:05:48'),
(83802, 5841, 'Talagawangi', 1, '2019-01-31 08:06:34', '2019-01-31 08:06:34'),
(83803, 5841, 'Tanjungjaya', 1, '2019-01-31 08:06:59', '2019-01-31 08:06:59'),
(83804, 5841, 'Tanjungmulya', 1, '2019-01-31 08:07:35', '2019-01-31 08:07:35'),
(83805, 5841, 'Tegalgede', 1, '2019-01-31 08:08:03', '2019-01-31 08:08:03'),
(83806, 5841, 'Wangunjaya', 1, '2019-01-31 08:08:29', '2019-01-31 08:08:29'),
(83807, 5842, 'Bojong', 1, '2019-01-31 08:11:53', '2019-01-31 08:11:53'),
(83808, 5842, 'Bojong Kidul', 1, '2019-01-31 08:12:29', '2019-01-31 08:12:29'),
(83809, 5842, 'Jatimulya', 1, '2019-01-31 08:13:03', '2019-01-31 08:13:03'),
(83810, 5842, 'Mancagahar', 1, '2019-01-31 08:13:35', '2019-01-31 08:13:35'),
(83811, 5842, 'Mandalakasih', 1, '2019-01-31 08:14:07', '2019-01-31 08:14:07'),
(83812, 5842, 'Paas', 1, '2019-01-31 08:14:30', '2019-01-31 08:14:30'),
(83813, 5842, 'Pameungpeuk', 1, '2019-01-31 08:15:10', '2019-01-31 08:15:10'),
(83814, 5842, 'Sirnabakti', 1, '2019-01-31 08:15:39', '2019-01-31 08:15:39'),
(83815, 5843, 'Garumukti', 1, '2019-01-31 08:16:44', '2019-01-31 08:16:44'),
(83816, 5843, 'Linggarjati', 1, '2019-01-31 08:17:18', '2019-01-31 08:17:18'),
(83817, 5843, 'Pakenjeng', 1, '2019-01-31 08:17:51', '2019-01-31 08:17:51'),
(83818, 5843, 'Pananjung', 1, '2019-01-31 08:18:22', '2019-01-31 08:18:22'),
(83819, 5843, 'Panawa', 1, '2019-01-31 08:18:44', '2019-01-31 08:18:44'),
(83820, 5846, 'Babakanloa', 1, '2019-01-31 08:19:35', '2019-01-31 08:19:35'),
(83821, 5846, 'Cihuni', 1, '2019-01-31 08:20:07', '2019-01-31 08:20:07'),
(83822, 5846, 'Cimaragas', 1, '2019-01-31 08:20:55', '2019-01-31 08:20:55'),
(83823, 5846, 'Citangtu', 1, '2019-01-31 08:21:31', '2019-01-31 08:21:31'),
(83824, 5846, 'Karangsari', 1, '2019-01-31 08:21:55', '2019-01-31 08:21:55'),
(83825, 5846, 'Sukahurip', 1, '2019-01-31 08:22:39', '2019-01-31 08:22:39'),
(83826, 5846, 'Sukamulya', 1, '2019-01-31 08:23:07', '2019-01-31 08:23:07'),
(83827, 5846, 'Sukarasa', 1, '2019-01-31 08:24:17', '2019-01-31 08:24:17'),
(83828, 5848, 'Barusari', 1, '2019-01-31 08:25:40', '2019-01-31 08:25:40'),
(83829, 5848, 'Karyamekar', 1, '2019-01-31 08:26:13', '2019-01-31 08:26:13'),
(83830, 5848, 'Padaasih', 1, '2019-01-31 08:26:49', '2019-01-31 08:26:49'),
(83831, 5848, 'Padaawas', 1, '2019-01-31 08:27:15', '2019-01-31 08:27:15'),
(83832, 5848, 'Padamukti', 1, '2019-01-31 08:27:47', '2019-01-31 08:27:47'),
(83833, 5848, 'Padamulya', 1, '2019-01-31 08:28:25', '2019-01-31 08:28:25'),
(83834, 5848, 'Padasuka', 1, '2019-01-31 08:28:58', '2019-01-31 08:28:58'),
(83835, 5848, 'Pasirkiamis', 1, '2019-01-31 08:29:22', '2019-01-31 08:29:22'),
(83836, 5848, 'Pasirwangi', 1, '2019-01-31 08:30:10', '2019-01-31 08:30:10'),
(83837, 5848, 'Sarimukti', 1, '2019-01-31 08:30:46', '2019-01-31 08:30:46'),
(83838, 5848, 'Sinarjaya', 1, '2019-01-31 08:31:10', '2019-01-31 08:31:10'),
(83839, 5848, 'Talaga', 1, '2019-01-31 08:31:43', '2019-01-31 08:31:43'),
(83840, 5850, 'Pangrumasan', 1, '2019-01-31 08:34:14', '2019-01-31 08:34:14'),
(83841, 5850, 'Peundeuy', 1, '2019-01-31 08:34:57', '2019-01-31 08:34:57'),
(83842, 5850, 'Purwajaya', 1, '2019-01-31 08:35:37', '2019-01-31 08:35:37'),
(83843, 5850, 'Saribakti', 1, '2019-01-31 08:36:03', '2019-01-31 08:36:03'),
(83844, 5850, 'Sukanagara', 1, '2019-01-31 08:36:34', '2019-01-31 08:36:34'),
(83845, 5850, 'Toblong', 1, '2019-01-31 08:37:02', '2019-01-31 08:37:02'),
(83846, 5854, 'Cintaasih', 1, '2019-01-31 08:38:11', '2019-01-31 08:38:11'),
(83847, 5854, 'Cintakarya', 1, '2019-01-31 08:38:49', '2019-01-31 08:38:49'),
(83848, 5854, 'Cintarakyat', 1, '2019-01-31 08:39:15', '2019-01-31 08:39:15'),
(83849, 5854, 'Cintarasa', 1, '2019-01-31 08:39:49', '2019-01-31 08:39:49'),
(83850, 5854, 'Cisarua', 1, '2019-01-31 08:40:12', '2019-01-31 08:40:12'),
(83851, 5854, 'Parakan', 1, '2019-01-31 08:40:35', '2019-01-31 08:40:35'),
(83852, 5854, 'Samarang', 1, '2019-01-31 08:41:03', '2019-01-31 08:41:03'),
(83853, 5854, 'Sirnasari', 1, '2019-01-31 08:41:26', '2019-01-31 08:41:26'),
(83854, 5854, 'Sirnasari', 1, '2019-01-31 08:41:32', '2019-01-31 08:41:32'),
(83855, 5854, 'Sukakarya', 1, '2019-01-31 08:42:03', '2019-01-31 08:42:03'),
(83856, 5854, 'Sukalaksana', 1, '2019-01-31 08:42:32', '2019-01-31 08:42:32'),
(83857, 5854, 'Sukarasa', 1, '2019-01-31 08:43:11', '2019-01-31 08:43:11'),
(83858, 5854, 'Tanjunganom', 1, '2019-01-31 08:43:37', '2019-01-31 08:43:37'),
(83859, 5854, 'Tanjung Karya', 1, '2019-01-31 08:44:14', '2019-01-31 08:44:14'),
(83860, 5856, 'Cigawir', 1, '2019-01-31 08:45:35', '2019-01-31 08:45:35'),
(83861, 5856, 'Cirapuhan', 1, '2019-01-31 08:46:29', '2019-01-31 08:46:29'),
(83862, 5856, 'Mekarsari', 1, '2019-01-31 08:46:56', '2019-01-31 08:46:56'),
(83863, 5856, 'Pelitaasih', 1, '2019-01-31 08:47:47', '2019-01-31 08:47:47'),
(83864, 5856, 'Putrajawa', 1, '2019-01-31 08:48:29', '2019-01-31 08:48:29'),
(83865, 5856, 'Samida', 1, '2019-01-31 08:54:24', '2019-01-31 08:54:24'),
(83866, 5856, 'Selaawi', 1, '2019-01-31 08:54:53', '2019-01-31 08:54:53'),
(83867, 5859, 'Cigintung', 1, '2019-01-31 08:56:04', '2019-01-31 08:56:04'),
(83868, 5859, 'Ciudian', 1, '2019-01-31 08:56:53', '2019-01-31 08:56:53'),
(83869, 5859, 'Girimukti', 1, '2019-01-31 08:57:57', '2019-01-31 08:57:57'),
(83870, 5859, 'Karangagung', 1, '2019-01-31 08:58:34', '2019-01-31 08:58:34'),
(83871, 5859, 'Mekartani', 1, '2019-01-31 08:59:00', '2019-01-31 08:59:00'),
(83872, 5859, 'Pancasura', 1, '2019-01-31 09:01:04', '2019-01-31 09:01:04'),
(83873, 5859, 'Singajaya', 1, '2019-01-31 09:01:48', '2019-01-31 09:01:48'),
(83874, 5859, 'Sukamulya', 1, '2019-01-31 09:02:23', '2019-01-31 09:02:23'),
(83875, 5859, 'Sukawangi', 1, '2019-01-31 09:02:49', '2019-01-31 09:02:49'),
(83876, 5860, 'Cigadog', 1, '2019-01-31 09:04:01', '2019-01-31 09:04:01'),
(83877, 5860, 'Linggamukti', 1, '2019-01-31 09:04:34', '2019-01-31 09:04:34'),
(83878, 5860, 'Sadang', 1, '2019-01-31 09:05:04', '2019-01-31 09:05:04'),
(83879, 5860, 'Sukalaksana', 1, '2019-01-31 09:05:37', '2019-01-31 09:05:37'),
(83880, 5860, 'Sukaratu', 1, '2019-01-31 09:13:59', '2019-01-31 09:13:59'),
(83881, 5860, 'Tegalpanjang', 1, '2019-01-31 09:14:28', '2019-01-31 09:14:28'),
(83882, 5860, 'Tenjonagara', 1, '2019-01-31 09:15:11', '2019-01-31 09:15:11'),
(83883, 5863, 'Cintadamai', 1, '2019-01-31 09:16:31', '2019-01-31 09:16:31'),
(83884, 5863, 'Mekarjaya', 1, '2019-01-31 09:17:07', '2019-01-31 09:17:07'),
(83885, 5863, 'Padamukti', 1, '2019-01-31 09:17:40', '2019-01-31 09:17:40'),
(83886, 5863, 'Sukajaya', 1, '2019-01-31 09:18:25', '2019-01-31 09:18:25'),
(83887, 5863, 'Sukalilah', 1, '2019-01-31 09:19:00', '2019-01-31 09:19:00'),
(83888, 5863, 'Sukamulya', 1, '2019-01-31 09:19:37', '2019-01-31 09:19:37'),
(83889, 5863, 'Sukaresmi', 1, '2019-01-31 09:20:17', '2019-01-31 09:20:17'),
(83890, 5865, 'Maripari', 1, '2019-01-31 09:21:20', '2019-01-31 09:21:20'),
(83891, 5865, 'Mekar Hurip', 1, '2019-01-31 09:22:03', '2019-01-31 09:22:03'),
(83892, 5865, 'Mekarluyu', 1, '2019-01-31 09:22:31', '2019-01-31 09:22:31'),
(83893, 5865, 'Mekarwangi', 1, '2019-01-31 09:23:03', '2019-01-31 09:23:03'),
(83894, 5865, 'Pasanggrahan', 1, '2019-01-31 09:23:32', '2019-01-31 09:23:32'),
(83895, 5865, 'Sudalarang', 1, '2019-01-31 09:24:09', '2019-01-31 09:24:09'),
(83896, 5865, 'Sukahaji', 1, '2019-01-31 09:24:45', '2019-01-31 09:24:45'),
(83897, 5865, 'Sukaluyu', 1, '2019-01-31 09:25:18', '2019-01-31 09:25:18'),
(83898, 5865, 'Sukamukti', 1, '2019-01-31 09:25:48', '2019-01-31 09:25:48'),
(83899, 5865, 'Sukasono', 1, '2019-01-31 09:26:18', '2019-01-31 09:26:18'),
(83900, 5865, 'Sukawening', 1, '2019-01-31 09:27:02', '2019-01-31 09:27:02'),
(83901, 5868, 'Mekarmukti', 1, '2019-01-31 09:28:38', '2019-01-31 09:28:38'),
(83902, 5868, 'Mekarmulya', 1, '2019-01-31 09:29:18', '2019-01-31 09:29:18'),
(83903, 5868, 'Mekarwangi', 1, '2019-01-31 09:30:07', '2019-01-31 09:30:07'),
(83904, 5868, 'Selaawi', 1, '2019-01-31 09:30:34', '2019-01-31 09:30:34'),
(83905, 5868, 'Sukalaksana', 1, '2019-01-31 09:31:07', '2019-01-31 09:31:07'),
(83906, 5868, 'Sukamaju', 1, '2019-01-31 09:31:32', '2019-01-31 09:31:32'),
(83907, 5868, 'Sukamulya', 1, '2019-01-31 09:32:04', '2019-01-31 09:32:04'),
(83908, 5870, 'Cimanganten', 1, '2019-01-31 09:33:59', '2019-01-31 09:33:59'),
(83909, 5870, 'Jati', 1, '2019-01-31 09:34:49', '2019-01-31 09:34:49'),
(83910, 5870, 'Langensari', 1, '2019-01-31 09:35:20', '2019-01-31 09:35:20'),
(83911, 5870, 'Mekarjaya', 1, '2019-01-31 09:35:45', '2019-01-31 09:35:45'),
(83912, 5870, 'Mekarwangi', 1, '2019-01-31 09:36:13', '2019-01-31 09:36:13'),
(83913, 5870, 'Pananjung', 1, '2019-01-31 09:36:50', '2019-01-31 09:36:50'),
(83914, 5870, 'Panjiwangi', 1, '2019-01-31 09:37:19', '2019-01-31 09:37:19'),
(83915, 5870, 'Pasawahan', 1, '2019-01-31 09:37:47', '2019-01-31 09:37:47'),
(83916, 5870, 'Rancabango', 1, '2019-01-31 09:38:15', '2019-01-31 09:38:15'),
(83917, 5870, 'Sirnajaya', 1, '2019-01-31 09:38:43', '2019-01-31 09:38:43'),
(83918, 5870, 'Sukajadi', 1, '2019-01-31 09:39:20', '2019-01-31 09:39:20'),
(83919, 5870, 'Sukawangi', 1, '2019-01-31 09:39:42', '2019-01-31 09:39:42'),
(83920, 5870, 'Tanjung Kamuning', 1, '2019-01-31 09:40:14', '2019-01-31 09:40:14'),
(83921, 5871, 'Cibunar', 1, '2019-01-31 09:41:56', '2019-01-31 09:41:56'),
(83922, 5871, 'Haurpanggung', 1, '2019-01-31 09:42:30', '2019-01-31 09:42:30'),
(83923, 5871, 'Jayaraga', 1, '2019-01-31 09:42:57', '2019-01-31 09:42:57'),
(83924, 5871, 'Jayawaras', 1, '2019-01-31 09:43:27', '2019-01-31 09:43:27'),
(83925, 5871, 'Kersamenak', 1, '2019-01-31 09:43:55', '2019-01-31 09:43:55'),
(83926, 5871, 'Mekargalih', 1, '2019-01-31 09:44:28', '2019-01-31 09:44:28'),
(83927, 5871, 'Pataruman', 1, '2019-01-31 09:49:41', '2019-01-31 09:49:41'),
(83928, 5871, 'Sukabakti', 1, '2019-01-31 09:50:14', '2019-01-31 09:50:14'),
(83929, 5871, 'Sukagalih', 1, '2019-01-31 09:50:53', '2019-01-31 09:50:53'),
(83930, 5871, 'Sukajaya', 1, '2019-01-31 09:51:17', '2019-01-31 09:51:17'),
(83931, 5871, 'Sukakarya', 1, '2019-01-31 09:51:45', '2019-01-31 09:51:45'),
(83932, 5871, 'Tarogong', 1, '2019-01-31 09:52:20', '2019-01-31 09:52:20'),
(83933, 5874, 'Cinunuk', 1, '2019-01-31 09:53:59', '2019-01-31 09:53:59'),
(83934, 5874, 'Sindangmekar', 1, '2019-01-31 09:54:36', '2019-01-31 09:54:36'),
(83935, 5874, 'Sindangprabu', 1, '2019-01-31 09:55:18', '2019-01-31 09:55:18'),
(83936, 5874, 'Sindangratu', 1, '2019-01-31 09:55:57', '2019-01-31 09:55:57'),
(83937, 5874, 'Sukamenak', 1, '2019-01-31 09:56:38', '2019-01-31 09:56:38'),
(83938, 5874, 'Wanajaya', 1, '2019-01-31 09:57:24', '2019-01-31 09:57:24'),
(83939, 5874, 'Wanamekar', 1, '2019-01-31 09:58:11', '2019-01-31 09:58:11'),
(83940, 5874, 'Wanaraja', 1, '2019-01-31 09:58:59', '2019-01-31 09:58:59'),
(83941, 5874, 'Wanasari', 1, '2019-01-31 09:59:31', '2019-01-31 09:59:31'),
(83942, 5875, 'Bantarsari', 1, '2019-01-31 10:48:24', '2019-01-31 10:48:24'),
(83943, 5875, 'Bungursari', 1, '2019-01-31 10:49:02', '2019-01-31 10:49:02'),
(83944, 5875, 'Cibunigeulis', 1, '2019-01-31 10:50:27', '2019-01-31 10:50:27'),
(83945, 5875, 'Sukajaya', 1, '2019-01-31 10:50:55', '2019-01-31 10:50:55'),
(83946, 5875, 'Sukalaksana', 1, '2019-01-31 10:52:06', '2019-01-31 10:52:06'),
(83947, 5875, 'Sukamulya', 1, '2019-01-31 10:52:47', '2019-01-31 10:52:47'),
(83948, 5875, 'Sukarindik', 1, '2019-01-31 10:53:25', '2019-01-31 10:53:25'),
(83949, 5876, 'Awipari', 1, '2019-01-31 10:55:29', '2019-01-31 10:55:29'),
(83950, 5876, 'Ciakar', 1, '2019-01-31 10:56:12', '2019-01-31 10:56:12'),
(83951, 5876, 'Ciherang', 1, '2019-01-31 10:56:39', '2019-01-31 10:56:39'),
(83952, 5876, 'Kersanagara', 1, '2019-01-31 10:57:06', '2019-01-31 10:57:06'),
(83953, 5876, 'Kota Baru', 1, '2019-01-31 10:57:39', '2019-01-31 10:57:39'),
(83954, 5876, 'Margabakti', 1, '2019-01-31 10:58:18', '2019-01-31 10:58:18'),
(83955, 5876, 'Setiajaya', 1, '2019-01-31 10:58:48', '2019-01-31 10:58:48'),
(83956, 5876, 'Setianagara', 1, '2019-01-31 11:00:04', '2019-01-31 11:00:04'),
(83957, 5876, 'Setiaratu', 1, '2019-01-31 11:00:36', '2019-01-31 11:00:36'),
(83958, 5877, 'Argasari', 1, '2019-01-31 11:01:54', '2019-01-31 11:01:54'),
(83959, 5877, 'Cilembang', 1, '2019-01-31 11:02:23', '2019-01-31 11:02:23'),
(83960, 5877, 'Nagarawangi', 1, '2019-01-31 11:02:58', '2019-01-31 11:02:58'),
(83961, 5877, 'Tugujaya', 1, '2019-01-31 11:03:28', '2019-01-31 11:03:28'),
(83962, 5877, 'Tuguraja', 1, '2019-01-31 11:03:56', '2019-01-31 11:03:56'),
(83963, 5877, 'Yudanagara', 1, '2019-01-31 11:04:23', '2019-01-31 11:04:23'),
(83964, 5878, 'Cipedes', 1, '2019-01-31 11:05:35', '2019-01-31 11:05:35'),
(83965, 5878, 'Nagarasari', 1, '2019-01-31 11:06:17', '2019-01-31 11:06:17'),
(83966, 5878, 'Panglayungan', 1, '2019-01-31 11:06:52', '2019-01-31 11:06:52'),
(83967, 5878, 'Sukamanah', 1, '2019-01-31 11:07:24', '2019-01-31 11:07:24'),
(83968, 5879, 'Indihiang', 1, '2019-01-31 11:08:16', '2019-01-31 11:08:16'),
(83969, 5879, 'Panyingkiran', 1, '2019-01-31 11:08:54', '2019-01-31 11:08:54'),
(83970, 5879, 'Parakannyasag', 1, '2019-01-31 11:09:35', '2019-01-31 11:09:35'),
(83971, 5879, 'Sirnagalih', 1, '2019-01-31 11:10:20', '2019-01-31 11:10:20'),
(83972, 5879, 'Sukamaju Kaler', 1, '2019-01-31 11:11:11', '2019-01-31 11:11:11'),
(83973, 5879, 'Sukamaju Kidul', 1, '2019-01-31 11:11:39', '2019-01-31 11:11:39'),
(83974, 5880, 'Cibeuti', 1, '2019-01-31 11:12:30', '2019-01-31 11:12:30'),
(83975, 5880, 'Cilamajang', 1, '2019-01-31 11:13:08', '2019-01-31 11:13:08'),
(83976, 5880, 'Gunung Gede', 1, '2019-01-31 11:13:40', '2019-01-31 11:13:40'),
(83977, 5880, 'Gunung Tandala', 1, '2019-01-31 11:14:40', '2019-01-31 11:14:40'),
(83978, 5880, 'Karang Anyar', 1, '2019-01-31 11:15:27', '2019-01-31 11:15:27'),
(83979, 5880, 'Karsamenak', 1, '2019-01-31 11:16:53', '2019-01-31 11:16:53'),
(83980, 5880, 'Leuwiliang', 1, '2019-01-31 11:17:27', '2019-01-31 11:17:27'),
(83981, 5880, 'Talagasari', 1, '2019-01-31 11:17:55', '2019-01-31 11:17:55'),
(83982, 5880, 'Tanjung', 1, '2019-01-31 11:18:21', '2019-01-31 11:18:21'),
(83983, 5880, 'Urug', 1, '2019-01-31 11:18:45', '2019-01-31 11:18:45'),
(83984, 5881, 'Cigantang', 1, '2019-01-31 11:19:35', '2019-01-31 11:19:35'),
(83985, 5881, 'Cipari', 1, '2019-01-31 11:20:12', '2019-01-31 11:20:12'),
(83986, 5881, 'Cipawitra', 1, '2019-01-31 11:20:54', '2019-01-31 11:20:54'),
(83987, 5881, 'Karikil', 1, '2019-01-31 11:21:31', '2019-01-31 11:21:31'),
(83988, 5881, 'Linggajaya', 1, '2019-01-31 11:22:09', '2019-01-31 11:22:09'),
(83989, 5881, 'Mangkubumi', 1, '2019-01-31 11:22:44', '2019-01-31 11:22:44'),
(83990, 5881, 'Sambongjaya', 1, '2019-01-31 11:23:13', '2019-01-31 11:23:13'),
(83991, 5881, 'Sambongpari', 1, '2019-01-31 11:23:50', '2019-01-31 11:23:50'),
(83992, 5882, 'Purbaratu', 1, '2019-01-31 11:24:45', '2019-01-31 11:24:45'),
(83993, 5882, 'Singkup', 1, '2019-01-31 11:30:41', '2019-01-31 11:30:41'),
(83994, 5882, 'Sukaasih', 1, '2019-01-31 11:31:16', '2019-01-31 11:31:16'),
(83995, 5882, 'Sukajaya', 1, '2019-01-31 11:31:57', '2019-01-31 11:31:57'),
(83996, 5882, 'Sukamenak', 1, '2019-01-31 11:32:31', '2019-01-31 11:32:31'),
(83997, 5882, 'Sukanagara', 1, '2019-01-31 11:32:58', '2019-01-31 11:32:58'),
(83998, 5883, 'Mugarsari', 1, '2019-01-31 11:34:17', '2019-01-31 11:34:17'),
(83999, 5883, 'Mulyasari', 1, '2019-01-31 11:35:00', '2019-01-31 11:35:00'),
(84000, 5883, 'Setiamulya', 1, '2019-01-31 11:35:33', '2019-01-31 11:35:33'),
(84001, 5883, 'Setiawargi', 1, '2019-01-31 11:36:10', '2019-01-31 11:36:10'),
(84002, 5883, 'Sukahurip', 1, '2019-01-31 11:36:44', '2019-01-31 11:36:44'),
(84003, 5883, 'Sumelap', 1, '2019-01-31 11:37:07', '2019-01-31 11:37:07'),
(84004, 5883, 'Tamanjaya', 1, '2019-01-31 11:37:32', '2019-01-31 11:37:32'),
(84005, 5883, 'Tamansari', 1, '2019-01-31 11:38:06', '2019-01-31 11:38:06'),
(84006, 5884, 'Cikalang', 1, '2019-01-31 11:39:15', '2019-01-31 11:39:15'),
(84007, 5884, 'Empangsari', 1, '2019-01-31 11:40:00', '2019-01-31 11:40:00'),
(84008, 5884, 'Kahuripan', 1, '2019-01-31 11:41:08', '2019-01-31 11:41:08'),
(84009, 5884, 'Lengkongsari', 1, '2019-01-31 11:41:48', '2019-01-31 11:41:48'),
(84010, 5884, 'Tawangsari', 1, '2019-01-31 11:42:35', '2019-01-31 11:42:35'),
(84011, 5808, 'Hegarwangi', 1, '2019-01-31 11:47:14', '2019-01-31 11:47:14'),
(84012, 5808, 'Pamijahan', 1, '2019-01-31 11:47:50', '2019-01-31 11:47:50'),
(84013, 5808, 'Parakanhonje', 1, '2019-01-31 11:48:25', '2019-01-31 11:48:25'),
(84014, 5808, 'Simpang', 1, '2019-01-31 11:48:51', '2019-01-31 11:48:51'),
(84015, 5808, 'Sirnagalih', 1, '2019-01-31 11:49:16', '2019-01-31 11:49:16'),
(84016, 5808, 'Sukamaju', 1, '2019-01-31 11:49:46', '2019-01-31 11:49:46'),
(84017, 5808, 'Wakap', 1, '2019-01-31 11:50:27', '2019-01-31 11:50:27'),
(84018, 5808, 'Wangunsari', 1, '2019-01-31 11:51:03', '2019-01-31 11:51:03'),
(84019, 5809, 'Bojongasih', 1, '2019-01-31 11:53:02', '2019-01-31 11:53:02'),
(84020, 5809, 'Cikadongdong', 1, '2019-01-31 11:54:21', '2019-01-31 11:54:21'),
(84021, 5809, 'Girijaya', 1, '2019-01-31 11:54:52', '2019-01-31 11:54:52'),
(84022, 5809, 'Mertajaya', 1, '2019-01-31 11:55:19', '2019-01-31 11:55:19'),
(84023, 5809, 'Sindangsari', 1, '2019-01-31 11:55:56', '2019-01-31 11:55:56'),
(84024, 5809, 'Toblongan', 1, '2019-01-31 11:56:27', '2019-01-31 11:56:27'),
(84025, 5811, 'Bojonggambir', 1, '2019-01-31 11:57:27', '2019-01-31 11:57:27'),
(84026, 5811, 'Bojongkapol', 1, '2019-01-31 11:58:03', '2019-01-31 11:58:03'),
(84027, 5811, 'Campakasari', 1, '2019-01-31 11:58:36', '2019-01-31 11:58:36'),
(84028, 5811, 'Ciroyom', 1, '2019-01-31 11:59:35', '2019-01-31 11:59:35'),
(84029, 5811, 'Girimukti', 1, '2019-01-31 12:00:48', '2019-01-31 12:00:48'),
(84030, 5811, 'Kertanegla', 1, '2019-01-31 12:02:10', '2019-01-31 12:02:10'),
(84031, 5811, 'Mangkonjaya', 1, '2019-01-31 12:02:41', '2019-01-31 12:02:41'),
(84032, 5811, 'Pedangkamulyan', 1, '2019-01-31 12:03:16', '2019-01-31 12:03:16'),
(84033, 5811, 'Purwaraharja', 1, '2019-01-31 12:03:50', '2019-01-31 12:03:50'),
(84034, 5811, 'Wandasari', 1, '2019-01-31 12:04:35', '2019-01-31 12:04:35'),
(84035, 5812, 'Bugel', 1, '2019-01-31 12:05:27', '2019-01-31 12:05:27'),
(84036, 5812, 'Ciawi', 1, '2019-01-31 12:06:00', '2019-01-31 12:06:00'),
(84037, 5812, 'Citamba', 1, '2019-01-31 12:06:34', '2019-01-31 12:06:34'),
(84038, 5812, 'Gombong', 1, '2019-01-31 12:07:34', '2019-01-31 12:07:34'),
(84039, 5812, 'Kertamukti', 1, '2019-01-31 12:08:02', '2019-01-31 12:08:02'),
(84040, 5812, 'Kurniabakti', 1, '2019-01-31 12:08:51', '2019-01-31 12:08:51'),
(84041, 5812, 'Margasari', 1, '2019-01-31 12:09:14', '2019-01-31 12:09:14'),
(84042, 5812, 'Pakemitan', 1, '2019-01-31 12:09:44', '2019-01-31 12:09:44'),
(84043, 5812, 'Pakemitan Kidul', 1, '2019-01-31 12:10:16', '2019-01-31 12:10:16'),
(84044, 5812, 'Pasirhuni', 1, '2019-01-31 12:10:50', '2019-01-31 12:10:50'),
(84045, 5812, 'Sukamantri', 1, '2019-01-31 12:11:26', '2019-01-31 12:11:26'),
(84046, 5814, 'Cibalong', 1, '2019-01-31 12:12:18', '2019-01-31 12:12:18'),
(84047, 5814, 'Cisempur', 1, '2019-01-31 12:12:52', '2019-01-31 12:12:52'),
(84048, 5814, 'Eureunpalay', 1, '2019-01-31 12:13:22', '2019-01-31 12:13:22'),
(84049, 5814, 'Parung', 1, '2019-01-31 12:13:55', '2019-01-31 12:13:55'),
(84050, 5814, 'Setiawaras', 1, '2019-01-31 12:14:22', '2019-01-31 12:14:22');
INSERT INTO `desa` (`id`, `kecamatan_id`, `desa_name`, `publication_status`, `created_at`, `updated_at`) VALUES
(84051, 5814, 'Singajaya', 1, '2019-01-31 12:14:55', '2019-01-31 12:14:55'),
(84052, 5815, 'Cidugaleun', 1, '2019-01-31 12:18:59', '2019-01-31 12:18:59'),
(84053, 5815, 'Cigalontang', 1, '2019-01-31 12:19:32', '2019-01-31 12:19:32'),
(84054, 5815, 'Jayapura', 1, '2019-01-31 12:20:03', '2019-01-31 12:20:03'),
(84055, 5815, 'Kersamaju', 1, '2019-01-31 12:20:30', '2019-01-31 12:20:30'),
(84056, 5815, 'Lengkongjaya', 1, '2019-01-31 12:21:02', '2019-01-31 12:21:02'),
(84057, 5815, 'Nangerang', 1, '2019-01-31 12:21:26', '2019-01-31 12:21:26'),
(84058, 5815, 'Nangtang', 1, '2019-01-31 12:21:55', '2019-01-31 12:21:55'),
(84059, 5815, 'Parentas', 1, '2019-01-31 12:22:22', '2019-01-31 12:22:22'),
(84060, 5815, 'Puspamukti', 1, '2019-01-31 12:22:50', '2019-01-31 12:22:50'),
(84061, 5815, 'Pusparaja', 1, '2019-01-31 12:23:17', '2019-01-31 12:23:17'),
(84062, 5815, 'Sirnagalih', 1, '2019-01-31 12:24:00', '2019-01-31 12:24:00'),
(84063, 5815, 'Sirnaputra', 1, '2019-01-31 12:24:38', '2019-01-31 12:24:38'),
(84064, 5815, 'Sirnaraja', 1, '2019-01-31 12:25:09', '2019-01-31 12:25:09'),
(84065, 5815, 'Sukamanah', 1, '2019-01-31 12:25:32', '2019-01-31 12:25:32'),
(84066, 5815, 'Tanjungkarang', 1, '2019-01-31 12:26:04', '2019-01-31 12:26:04'),
(84067, 5815, 'Tenjonagara', 1, '2019-01-31 12:26:51', '2019-01-31 12:26:51'),
(84068, 5817, 'Cibeber', 1, '2019-01-31 12:27:46', '2019-01-31 12:27:46'),
(84069, 5817, 'Cidadali', 1, '2019-01-31 12:28:29', '2019-01-31 12:28:29'),
(84070, 5817, 'Cikadu', 1, '2019-01-31 12:28:58', '2019-01-31 12:28:58'),
(84071, 5817, 'Cikalong', 1, '2019-01-31 12:30:26', '2019-01-31 12:30:26'),
(84072, 5817, 'Cikancra', 1, '2019-01-31 12:31:00', '2019-01-31 12:31:00'),
(84073, 5817, 'Cimanuk', 1, '2019-01-31 12:31:37', '2019-01-31 12:31:37'),
(84074, 5817, 'Kalapagenep', 1, '2019-01-31 12:32:09', '2019-01-31 12:32:09'),
(84075, 5817, 'Kubangsari', 1, '2019-01-31 12:33:19', '2019-01-31 12:33:19'),
(84076, 5817, 'Mandalajaya', 1, '2019-01-31 12:33:43', '2019-01-31 12:33:43'),
(84077, 5817, 'Panyiaran', 1, '2019-01-31 12:34:11', '2019-01-31 12:34:11'),
(84078, 5817, 'Sindangjaya', 1, '2019-01-31 12:34:45', '2019-01-31 12:34:45'),
(84079, 5817, 'Singkir', 1, '2019-01-31 12:35:15', '2019-01-31 12:35:15'),
(84080, 5817, 'Tonjongsari', 1, '2019-01-31 12:35:53', '2019-01-31 12:35:53'),
(84081, 5819, 'Cayur', 1, '2019-01-31 12:37:20', '2019-01-31 12:37:20'),
(84082, 5819, 'Cilumba', 1, '2019-01-31 12:45:36', '2019-01-31 12:45:36'),
(84083, 5819, 'Cogreg', 1, '2019-01-31 12:46:06', '2019-01-31 12:46:06'),
(84084, 5819, 'Gunungsari', 1, '2019-01-31 12:46:33', '2019-01-31 12:46:33'),
(84085, 5819, 'Lengkongbarang', 1, '2019-01-31 12:47:03', '2019-01-31 12:47:03'),
(84086, 5819, 'Linggalaksana', 1, '2019-01-31 12:47:29', '2019-01-31 12:47:29'),
(84087, 5819, 'Pakemitan', 1, '2019-01-31 12:48:05', '2019-01-31 12:48:05'),
(84088, 5819, 'Sindangkasih', 1, '2019-01-31 12:48:28', '2019-01-31 12:48:28'),
(84089, 5819, 'Tanjungbarang', 1, '2019-01-31 12:48:50', '2019-01-31 12:48:50'),
(84090, 5820, 'Ancol', 1, '2019-01-31 12:49:44', '2019-01-31 12:49:44'),
(84091, 5820, 'Ciampanan', 1, '2019-01-31 12:50:29', '2019-01-31 12:50:29'),
(84092, 5820, 'Cijulang', 1, '2019-01-31 12:51:04', '2019-01-31 12:51:04'),
(84093, 5820, 'Cikondang', 1, '2019-01-31 12:51:36', '2019-01-31 12:51:36'),
(84094, 5820, 'Cineam', 1, '2019-01-31 12:52:31', '2019-01-31 12:52:31'),
(84095, 5820, 'Cisarua', 1, '2019-01-31 12:53:09', '2019-01-31 12:53:09'),
(84096, 5820, 'Madiasari', 1, '2019-01-31 12:53:38', '2019-01-31 12:53:38'),
(84097, 5820, 'Nagaratengah', 1, '2019-01-31 12:54:42', '2019-01-31 12:54:42'),
(84098, 5820, 'Pasirmukti', 1, '2019-01-31 12:55:11', '2019-01-31 12:55:11'),
(84099, 5820, 'Rajadatu', 1, '2019-01-31 12:55:45', '2019-01-31 12:55:45'),
(84100, 5822, 'Bantarkalong', 1, '2019-01-31 12:56:48', '2019-01-31 12:56:48'),
(84101, 5822, 'Ciandum', 1, '2019-01-31 12:57:49', '2019-01-31 12:57:49'),
(84102, 5822, 'Ciheras', 1, '2019-01-31 12:58:13', '2019-01-31 12:58:13'),
(84103, 5822, 'Cikawungading', 1, '2019-01-31 12:58:57', '2019-01-31 12:58:57'),
(84104, 5822, 'Cipanas', 1, '2019-01-31 12:59:31', '2019-01-31 12:59:31'),
(84105, 5822, 'Cipatujah', 1, '2019-01-31 12:59:59', '2019-01-31 12:59:59'),
(84106, 5822, 'Darawati', 1, '2019-01-31 13:00:23', '2019-01-31 13:00:23'),
(84107, 5822, 'Kertasari', 1, '2019-01-31 13:00:44', '2019-01-31 13:00:44'),
(84108, 5822, 'Nagrog', 1, '2019-01-31 13:01:16', '2019-01-31 13:01:16'),
(84109, 5822, 'Nangelasari', 1, '2019-01-31 13:01:46', '2019-01-31 13:01:46'),
(84110, 5822, 'Padawaras', 1, '2019-01-31 13:02:15', '2019-01-31 13:02:15'),
(84111, 5822, 'Pameutingan', 1, '2019-01-31 13:02:46', '2019-01-31 13:02:46'),
(84112, 5822, 'Sindangkerta', 1, '2019-01-31 13:03:16', '2019-01-31 13:03:16'),
(84113, 5822, 'Sukahurip', 1, '2019-01-31 13:03:57', '2019-01-31 13:03:57'),
(84114, 5822, 'Tobongjaya', 1, '2019-01-31 13:04:22', '2019-01-31 13:04:22'),
(84115, 5824, 'Cikadu', 1, '2019-01-31 13:05:14', '2019-01-31 13:05:14'),
(84116, 5824, 'Cileuleus', 1, '2019-01-31 13:05:48', '2019-01-31 13:05:48'),
(84117, 5824, 'Cisayong', 1, '2019-01-31 13:06:17', '2019-01-31 13:06:17'),
(84118, 5824, 'Jatihurip', 1, '2019-01-31 13:07:13', '2019-01-31 13:07:13'),
(84119, 5824, 'Mekarwangi', 1, '2019-01-31 13:07:38', '2019-01-31 13:07:38'),
(84120, 5824, 'Nusawangi', 1, '2019-01-31 13:08:04', '2019-01-31 13:08:04'),
(84121, 5824, 'Purwasari', 1, '2019-01-31 13:08:40', '2019-01-31 13:08:40'),
(84122, 5824, 'Santanamekar', 1, '2019-01-31 13:09:13', '2019-01-31 13:09:13'),
(84123, 5824, 'Sukajadi', 1, '2019-01-31 13:09:35', '2019-01-31 13:09:35'),
(84124, 5824, 'Sukamukti', 1, '2019-01-31 13:10:02', '2019-01-31 13:10:02'),
(84125, 5824, 'Sukaraharja', 1, '2019-01-31 13:10:40', '2019-01-31 13:10:40'),
(84126, 5824, 'Sukasetia', 1, '2019-01-31 13:11:07', '2019-01-31 13:11:07'),
(84127, 5824, 'Sukasukur', 1, '2019-01-31 13:11:32', '2019-01-31 13:11:32'),
(84128, 5826, 'Bojongsari', 1, '2019-01-31 13:12:28', '2019-01-31 13:12:28'),
(84129, 5826, 'Cikuya', 1, '2019-01-31 13:12:56', '2019-01-31 13:12:56'),
(84130, 5826, 'Cintabodas', 1, '2019-01-31 13:14:09', '2019-01-31 13:14:09'),
(84131, 5826, 'Cipicung', 1, '2019-01-31 13:14:34', '2019-01-31 13:14:34'),
(84132, 5826, 'Mekarlaksana', 1, '2019-01-31 13:15:01', '2019-01-31 13:15:01'),
(84133, 5828, 'Bojongsari', 1, '2019-01-31 13:16:04', '2019-01-31 13:16:04'),
(84134, 5828, 'Cinunjang', 1, '2019-01-31 13:17:12', '2019-01-31 13:17:12'),
(84135, 5828, 'Giriwangi', 1, '2019-01-31 13:17:47', '2019-01-31 13:17:47'),
(84136, 5828, 'Gunungtanjung', 1, '2019-01-31 13:18:23', '2019-01-31 13:18:23'),
(84137, 5828, 'Jatijaya', 1, '2019-01-31 13:18:56', '2019-01-31 13:18:56'),
(84138, 5828, 'Malatisuka', 1, '2019-01-31 13:19:33', '2019-01-31 13:19:33'),
(84139, 5828, 'Tanjungsari', 1, '2019-01-31 13:20:07', '2019-01-31 13:20:07'),
(84140, 5830, 'Bojonggaok', 1, '2019-01-31 13:20:56', '2019-01-31 13:20:56'),
(84141, 5830, 'Condong', 1, '2019-01-31 13:21:30', '2019-01-31 13:21:30'),
(84142, 5830, 'Geresik', 1, '2019-01-31 13:21:58', '2019-01-31 13:21:58'),
(84143, 5830, 'Karangmulya', 1, '2019-01-31 13:22:28', '2019-01-31 13:22:28'),
(84144, 5830, 'Karangresik', 1, '2019-01-31 13:22:50', '2019-01-31 13:22:50'),
(84145, 5830, 'Karangsembung', 1, '2019-01-31 13:23:23', '2019-01-31 13:23:23'),
(84146, 5830, 'Sindangraja', 1, '2019-01-31 13:23:50', '2019-01-31 13:23:50'),
(84147, 5830, 'Tanjungmekar', 1, '2019-01-31 13:24:29', '2019-01-31 13:24:29'),
(84148, 5832, 'Ciwarak', 1, '2019-01-31 13:27:19', '2019-01-31 13:27:19'),
(84149, 5832, 'Jatiwaras', 1, '2019-01-31 13:27:54', '2019-01-31 13:27:54'),
(84150, 5832, 'Kaputihan', 1, '2019-01-31 13:28:31', '2019-01-31 13:28:31'),
(84151, 5832, 'Kersagalih', 1, '2019-01-31 13:29:03', '2019-01-31 13:29:03'),
(84152, 5832, 'Kertarahayu', 1, '2019-01-31 13:29:40', '2019-01-31 13:29:40'),
(84153, 5832, 'Mandalahurip', 1, '2019-01-31 13:30:23', '2019-01-31 13:30:23'),
(84154, 5832, 'Mandalamekar', 1, '2019-01-31 13:31:07', '2019-01-31 13:31:07'),
(84155, 5832, 'Neglasari', 1, '2019-01-31 13:31:32', '2019-01-31 13:31:32'),
(84156, 5832, 'Papayan', 1, '2019-01-31 13:32:07', '2019-01-31 13:32:07'),
(84157, 5832, 'Setiawangi', 1, '2019-01-31 13:32:33', '2019-01-31 13:32:33'),
(84158, 5832, 'Sukakerta', 1, '2019-01-31 13:33:06', '2019-01-31 13:33:06'),
(84159, 5834, 'Buniasih', 1, '2019-01-31 13:34:24', '2019-01-31 13:34:24'),
(84160, 5834, 'Cibahayu', 1, '2019-01-31 13:35:01', '2019-01-31 13:35:01'),
(84161, 5834, 'Dirgahayu', 1, '2019-01-31 13:35:41', '2019-01-31 13:35:41'),
(84162, 5834, 'Kadipaten', 1, '2019-01-31 13:36:19', '2019-01-31 13:36:19'),
(84163, 5834, 'Mekarsari', 1, '2019-01-31 13:36:52', '2019-01-31 13:36:52'),
(84164, 5834, 'Pamoyanan', 1, '2019-01-31 13:37:52', '2019-01-31 13:37:52'),
(84165, 5835, 'Citalahab', 1, '2019-01-31 13:39:07', '2019-01-31 13:39:07'),
(84166, 5835, 'Karangjaya', 1, '2019-01-31 13:40:40', '2019-01-31 13:40:40'),
(84167, 5835, 'Karanglayung', 1, '2019-01-31 13:41:33', '2019-01-31 13:41:33'),
(84168, 5835, 'Sirnajaya', 1, '2019-01-31 13:42:23', '2019-01-31 13:42:23'),
(84169, 5837, 'Ciawi', 1, '2019-01-31 13:43:21', '2019-01-31 13:43:21'),
(84170, 5837, 'Cibatu', 1, '2019-01-31 13:44:11', '2019-01-31 13:44:11'),
(84171, 5837, 'Cibatuireng', 1, '2019-01-31 13:44:42', '2019-01-31 13:44:42'),
(84172, 5837, 'Cidadap', 1, '2019-01-31 13:45:15', '2019-01-31 13:45:15'),
(84173, 5837, 'Cikapinis', 1, '2019-01-31 13:46:02', '2019-01-31 13:46:02'),
(84174, 5837, 'Cikukulu', 1, '2019-01-31 13:46:42', '2019-01-31 13:46:42'),
(84175, 5837, 'Cikupa', 1, '2019-01-31 13:47:15', '2019-01-31 13:47:15'),
(84176, 5837, 'Cintawangi', 1, '2019-01-31 13:47:53', '2019-01-31 13:47:53'),
(84177, 5837, 'Karangmekar', 1, '2019-01-31 13:48:41', '2019-01-31 13:48:41'),
(84178, 5837, 'Karangnunggal', 1, '2019-01-31 13:49:11', '2019-01-31 13:49:11'),
(84179, 5837, 'Kujang', 1, '2019-01-31 13:49:44', '2019-01-31 13:49:44'),
(84180, 5837, 'Sarimanggu', 1, '2019-01-31 13:50:34', '2019-01-31 13:50:34'),
(84181, 5837, 'Sarimukti', 1, '2019-01-31 13:51:03', '2019-01-31 13:51:03'),
(84182, 5837, 'Sukawangun', 1, '2019-01-31 13:51:47', '2019-01-31 13:51:47'),
(84183, 5838, 'Arjasari', 1, '2019-01-31 13:53:17', '2019-01-31 13:53:17'),
(84184, 5838, 'Ciawang', 1, '2019-01-31 13:53:49', '2019-01-31 13:53:49'),
(84185, 5838, 'Cigadog', 1, '2019-01-31 13:54:26', '2019-01-31 13:54:26'),
(84186, 5838, 'Jayamukti', 1, '2019-01-31 13:55:11', '2019-01-31 13:55:11'),
(84187, 5838, 'Linggamulya', 1, '2019-01-31 13:55:40', '2019-01-31 13:55:40'),
(84188, 5838, 'Linggawangi', 1, '2019-01-31 13:56:30', '2019-01-31 13:56:30'),
(84189, 5838, 'Mandalagiri', 1, '2019-01-31 13:57:06', '2019-01-31 13:57:06'),
(84190, 5839, 'Mangunreja', 1, '2019-01-31 13:58:22', '2019-01-31 13:58:22'),
(84191, 5839, 'Margajaya', 1, '2019-01-31 13:59:24', '2019-01-31 13:59:24'),
(84192, 5839, 'Pasirsalam', 1, '2019-01-31 14:00:01', '2019-01-31 14:00:30'),
(84193, 5839, 'Salebu', 1, '2019-01-31 14:01:37', '2019-01-31 14:01:37'),
(84194, 5839, 'Sukaluyu', 1, '2019-01-31 14:02:16', '2019-01-31 14:02:16'),
(84195, 5839, 'Sukasukur', 1, '2019-01-31 14:02:41', '2019-01-31 14:02:41'),
(84196, 5840, 'Batusumur', 1, '2019-01-31 14:03:43', '2019-01-31 14:03:43'),
(84197, 5840, 'cibeber', 1, '2019-01-31 14:04:23', '2019-01-31 14:04:23'),
(84198, 5840, 'Cihaur', 1, '2019-01-31 14:04:57', '2019-01-31 14:04:57'),
(84199, 5840, 'Cilangkap', 1, '2019-01-31 14:05:24', '2019-01-31 14:05:24'),
(84200, 5840, 'Gunajaya', 1, '2019-01-31 14:06:05', '2019-01-31 14:06:05'),
(84201, 5840, 'Kalimanggis', 1, '2019-01-31 14:06:51', '2019-01-31 14:06:51'),
(84202, 5840, 'Kamulyan', 1, '2019-01-31 14:07:24', '2019-01-31 14:07:24'),
(84203, 5840, 'Manonjaya', 1, '2019-01-31 14:07:53', '2019-01-31 14:07:53'),
(84204, 5840, 'Margahayu', 1, '2019-01-31 14:08:20', '2019-01-31 14:08:20'),
(84205, 5840, 'Margaluyu', 1, '2019-01-31 14:09:00', '2019-01-31 14:09:00'),
(84206, 5840, 'Pasirbatang', 1, '2019-01-31 14:09:31', '2019-01-31 14:09:31'),
(84207, 5840, 'Pasirpanjang', 1, '2019-01-31 14:10:13', '2019-01-31 14:10:13'),
(84208, 5844, 'Cilampunghilir', 1, '2019-01-31 14:11:39', '2019-01-31 14:11:39'),
(84209, 5844, 'Cisaruni', 1, '2019-01-31 14:12:17', '2019-01-31 14:12:17'),
(84210, 5844, 'Mekarjaya', 1, '2019-01-31 14:12:44', '2019-01-31 14:12:44'),
(84211, 5844, 'Padakembang', 1, '2019-01-31 14:13:20', '2019-01-31 14:13:20'),
(84212, 5844, 'Rancapaku', 1, '2019-01-31 14:14:02', '2019-01-31 14:14:02'),
(84213, 5845, 'Cipacing', 1, '2019-01-31 14:14:36', '2019-01-31 14:14:36'),
(84214, 5845, 'Guranteng', 1, '2019-01-31 14:15:07', '2019-01-31 14:15:07'),
(84215, 5845, 'Nanggewer', 1, '2019-01-31 14:15:39', '2019-01-31 14:15:39'),
(84216, 5845, 'Pagerageung', 1, '2019-01-31 14:16:19', '2019-01-31 14:16:19'),
(84217, 5845, 'Pagersari', 1, '2019-01-31 14:16:52', '2019-01-31 14:17:14'),
(84218, 5845, 'Puteran', 1, '2019-01-31 14:17:43', '2019-01-31 14:17:43'),
(84219, 5845, 'Sukadana', 1, '2019-01-31 14:18:09', '2019-01-31 14:18:09'),
(84220, 5845, 'Sukamaju', 1, '2019-01-31 14:18:37', '2019-01-31 14:18:37'),
(84221, 5845, 'Sukapada', 1, '2019-01-31 14:19:01', '2019-01-31 14:19:01'),
(84222, 5845, 'Tanjungkerta', 1, '2019-01-31 14:19:40', '2019-01-31 14:19:40'),
(84223, 5847, 'Cibongas', 1, '2019-01-31 14:20:54', '2019-01-31 14:20:54'),
(84224, 5847, 'Cibuniasih', 1, '2019-01-31 14:21:24', '2019-01-31 14:21:24'),
(84225, 5847, 'Cikawung', 1, '2019-01-31 14:21:52', '2019-01-31 14:21:52'),
(84226, 5847, 'Jayamukti', 1, '2019-01-31 14:22:22', '2019-01-31 14:22:22'),
(84227, 5847, 'Margaluyu', 1, '2019-01-31 14:23:03', '2019-01-31 14:23:03'),
(84228, 5847, 'Mekarsari', 1, '2019-01-31 14:23:46', '2019-01-31 14:23:46'),
(84229, 5847, 'Neglasari', 1, '2019-01-31 14:24:18', '2019-01-31 14:24:18'),
(84230, 5847, 'Pancawangi', 1, '2019-01-31 14:25:03', '2019-01-31 14:25:03'),
(84231, 5847, 'Pangliaran', 1, '2019-01-31 14:25:35', '2019-01-31 14:25:35'),
(84232, 5847, 'Tawang', 1, '2019-01-31 14:26:10', '2019-01-31 14:26:10'),
(84233, 5847, 'Tonjong', 1, '2019-01-31 14:26:37', '2019-01-31 14:26:37'),
(84234, 5849, 'Barumekar', 1, '2019-01-31 14:27:42', '2019-01-31 14:27:42'),
(84235, 5849, 'Burujuljaya', 1, '2019-01-31 14:28:19', '2019-01-31 14:28:19'),
(84236, 5849, 'Cibanteng', 1, '2019-01-31 14:28:44', '2019-01-31 14:28:44'),
(84237, 5849, 'Cibungur', 1, '2019-01-31 14:29:15', '2019-01-31 14:29:15'),
(84238, 5849, 'Cigunung', 1, '2019-01-31 14:29:54', '2019-01-31 14:29:54'),
(84239, 5849, 'Girikencana', 1, '2019-01-31 14:30:29', '2019-01-31 14:30:29'),
(84240, 5849, 'Karyabakti', 1, '2019-01-31 14:31:02', '2019-01-31 14:31:02'),
(84241, 5849, 'Parungponteng', 1, '2019-01-31 14:31:29', '2019-01-31 14:31:29'),
(84242, 5851, 'Cimanggu', 1, '2019-01-31 14:32:33', '2019-01-31 14:32:33'),
(84243, 5851, 'Luyubakti', 1, '2019-01-31 14:33:05', '2019-01-31 14:33:05'),
(84244, 5851, 'Mandalasari', 1, '2019-01-31 14:33:40', '2019-01-31 14:33:40'),
(84245, 5851, 'Puspahiang', 1, '2019-01-31 14:34:02', '2019-01-31 14:34:02'),
(84246, 5851, 'Puspajaya', 1, '2019-01-31 14:34:29', '2019-01-31 14:34:29'),
(84247, 5851, 'Pusparahayu', 1, '2019-01-31 14:34:54', '2019-01-31 14:34:54'),
(84248, 5851, 'Puspasari', 1, '2019-01-31 14:35:24', '2019-01-31 14:35:24'),
(84249, 5851, 'Sukasari', 1, '2019-01-31 14:36:10', '2019-01-31 14:36:10'),
(84250, 5852, 'Dawagung', 1, '2019-01-31 14:37:59', '2019-01-31 14:37:59'),
(84251, 5852, 'Manggungjaya', 1, '2019-01-31 14:38:44', '2019-01-31 14:38:44'),
(84252, 5852, 'Manggungsari', 1, '2019-01-31 14:39:18', '2019-01-31 14:39:18'),
(84253, 5852, 'Rajamandala', 1, '2019-01-31 14:39:48', '2019-01-31 14:39:48'),
(84254, 5852, 'Rajapolah', 1, '2019-01-31 14:40:19', '2019-01-31 14:40:19'),
(84255, 5852, 'Sukanagalih', 1, '2019-01-31 14:40:59', '2019-01-31 14:40:59'),
(84256, 5852, 'Sukaraja', 1, '2019-01-31 14:41:29', '2019-01-31 14:41:29'),
(84257, 5852, 'Tanjungpura', 1, '2019-01-31 14:42:06', '2019-01-31 14:42:06');

-- --------------------------------------------------------

--
-- Table structure for table `groups`
--

CREATE TABLE `groups` (
  `id` int(10) UNSIGNED NOT NULL,
  `group_name` varchar(100) COLLATE utf8mb4_unicode_ci NOT NULL,
  `publication_status` tinyint(4) NOT NULL DEFAULT '0',
  `created_at` timestamp NULL DEFAULT NULL,
  `updated_at` timestamp NULL DEFAULT NULL
) ENGINE=InnoDB DEFAULT CHARSET=utf8mb4 COLLATE=utf8mb4_unicode_ci;

--
-- Dumping data for table `groups`
--

INSERT INTO `groups` (`id`, `group_name`, `publication_status`, `created_at`, `updated_at`) VALUES
(1, 'admin', 1, NULL, NULL),
(2, 'saksi', 1, NULL, NULL);

-- --------------------------------------------------------

--
-- Table structure for table `kabupaten`
--

CREATE TABLE `kabupaten` (
  `id` int(10) UNSIGNED NOT NULL,
  `dapil_id` int(10) UNSIGNED NOT NULL,
  `kabupaten_name` varchar(255) COLLATE utf8mb4_unicode_ci NOT NULL,
  `publication_status` tinyint(4) NOT NULL DEFAULT '0',
  `created_at` timestamp NULL DEFAULT NULL,
  `updated_at` timestamp NULL DEFAULT NULL
) ENGINE=InnoDB DEFAULT CHARSET=utf8mb4 COLLATE=utf8mb4_unicode_ci;

--
-- Dumping data for table `kabupaten`
--

INSERT INTO `kabupaten` (`id`, `dapil_id`, `kabupaten_name`, `publication_status`, `created_at`, `updated_at`) VALUES
(127, 6, 'Bogor', 1, NULL, NULL),
(128, 5, 'Sukabumi', 1, NULL, NULL),
(129, 4, 'Cianjur', 1, NULL, NULL),
(130, 2, 'Bandung', 1, NULL, NULL),
(136, 11, 'Majalengka', 1, NULL, NULL),
(137, 11, 'Sumedang', 1, NULL, NULL),
(139, 11, 'Subang', 1, NULL, NULL),
(140, 7, 'Purwakarta', 1, NULL, '2019-01-29 11:49:25'),
(141, 7, 'Karawang', 1, NULL, '2019-01-29 11:50:17'),
(142, 7, 'Bekasi', 1, NULL, '2019-01-29 11:51:05'),
(143, 7, 'Kota Bogor', 1, NULL, NULL),
(144, 5, 'Kota Sukabumi', 1, NULL, NULL),
(145, 1, 'Kota Bandung', 1, NULL, NULL),
(147, 8, 'Kota Bekasi', 1, NULL, NULL),
(148, 8, 'Kota Depok', 1, NULL, NULL),
(149, 1, 'Kota Cimahi', 1, NULL, NULL),
(446, 3, 'Bandung Barat', 1, '2019-01-27 10:46:28', '2019-01-27 10:46:28'),
(448, 8, 'Indramayu', 1, '2019-01-29 09:03:12', '2019-01-29 09:03:12'),
(449, 8, 'Cirebon', 1, '2019-01-29 09:04:01', '2019-01-29 09:04:01'),
(450, 8, 'Kota Cirebon', 1, '2019-01-29 09:04:24', '2019-01-29 09:04:24'),
(451, 10, 'Kuningan', 1, '2019-01-29 09:05:31', '2019-01-29 09:05:31'),
(452, 10, 'Ciamis', 1, '2019-01-29 09:05:48', '2019-01-29 09:05:48'),
(453, 10, 'Pangandaran', 1, '2019-01-29 09:06:08', '2019-01-29 09:06:08'),
(454, 10, 'Kota Banjar', 1, '2019-01-29 09:06:25', '2019-01-29 09:06:25'),
(455, 11, 'Garut', 1, '2019-01-29 09:07:15', '2019-01-29 09:07:15'),
(456, 11, 'Tasikmalaya', 1, '2019-01-29 09:07:36', '2019-01-29 09:07:36'),
(457, 11, 'Kota Tasikmalaya', 1, '2019-01-29 09:07:53', '2019-01-29 09:07:53');

-- --------------------------------------------------------

--
-- Table structure for table `kecamatan`
--

CREATE TABLE `kecamatan` (
  `id` int(10) UNSIGNED NOT NULL,
  `kabupaten_id` int(10) UNSIGNED NOT NULL,
  `kecamatan_name` varchar(255) COLLATE utf8mb4_unicode_ci NOT NULL,
  `publication_status` tinyint(4) NOT NULL DEFAULT '0',
  `created_at` timestamp NULL DEFAULT NULL,
  `updated_at` timestamp NULL DEFAULT NULL
) ENGINE=InnoDB DEFAULT CHARSET=utf8mb4 COLLATE=utf8mb4_unicode_ci;

--
-- Dumping data for table `kecamatan`
--

INSERT INTO `kecamatan` (`id`, `kabupaten_id`, `kecamatan_name`, `publication_status`, `created_at`, `updated_at`) VALUES
(1198, 127, 'Nanggung', 1, NULL, NULL),
(1199, 127, 'Leuwiliang', 1, NULL, NULL),
(1200, 127, 'Pamijahan', 1, NULL, NULL),
(1201, 127, 'Cibungbulang', 1, NULL, NULL),
(1202, 127, 'Ciampea', 1, NULL, NULL),
(1203, 127, 'Dramaga', 1, NULL, NULL),
(1204, 127, 'Ciomas', 1, NULL, NULL),
(1205, 127, 'Tamansari', 1, NULL, NULL),
(1206, 127, 'Cijeruk', 1, NULL, NULL),
(1207, 127, 'Caringin', 1, NULL, NULL),
(1208, 127, 'Ciawi', 1, NULL, NULL),
(1209, 127, 'Cisarua', 1, NULL, NULL),
(1210, 127, 'Megamendung', 1, NULL, NULL),
(1211, 127, 'Sukaraja', 1, NULL, NULL),
(1212, 127, 'Babakan Madang', 1, NULL, NULL),
(1213, 127, 'Sukamakmur', 1, NULL, NULL),
(1214, 127, 'Cariu', 1, NULL, NULL),
(1215, 127, 'Jonggol', 1, NULL, NULL),
(1216, 127, 'Cileungsi', 1, NULL, NULL),
(1217, 127, 'Kelapa Nunggal', 1, NULL, NULL),
(1218, 127, 'Gunung Putri', 1, NULL, NULL),
(1219, 127, 'Citeureup', 1, NULL, NULL),
(1220, 127, 'Cibinong', 1, NULL, NULL),
(1221, 127, 'Bojong Gede', 1, NULL, NULL),
(1222, 127, 'Kemang', 1, NULL, NULL),
(1223, 127, 'Ranca Bungur', 1, NULL, NULL),
(1224, 127, 'Parung', 1, NULL, NULL),
(1225, 127, 'Ciseeng', 1, NULL, NULL),
(1226, 127, 'Gunung Sindur', 1, NULL, NULL),
(1227, 127, 'Rumpin', 1, NULL, NULL),
(1228, 127, 'Cigudeg', 1, NULL, NULL),
(1229, 127, 'Sukajaya', 1, NULL, NULL),
(1230, 127, 'Jasinga', 1, NULL, NULL),
(1231, 127, 'Tenjo', 1, NULL, NULL),
(1232, 127, 'Parung Panjang', 1, NULL, NULL),
(1233, 128, 'Ciemas', 1, NULL, NULL),
(1234, 128, 'Ciracap', 1, NULL, NULL),
(1235, 128, 'Waluran', 1, NULL, NULL),
(1236, 128, 'Surade', 1, NULL, NULL),
(1237, 128, 'Cibitung', 1, NULL, NULL),
(1238, 128, 'Jampang Kulon', 1, NULL, NULL),
(1239, 128, 'Kali Bunder', 1, NULL, NULL),
(1240, 128, 'Tegal Buleud', 1, NULL, NULL),
(1241, 128, 'Cidolog', 1, NULL, NULL),
(1242, 128, 'Sagaranten', 1, NULL, NULL),
(1243, 128, 'Cidadap', 1, NULL, NULL),
(1244, 128, 'Curugkembar', 1, NULL, NULL),
(1245, 128, 'Pabuaran', 1, NULL, NULL),
(1246, 128, 'Lengkong', 1, NULL, NULL),
(1247, 128, 'Pelabuhan Ratu', 1, NULL, NULL),
(1248, 128, 'Simpenan', 1, NULL, NULL),
(1249, 128, 'Warung Kiara', 1, NULL, NULL),
(1250, 128, 'Bantargadung', 1, NULL, NULL),
(1251, 128, 'Jampang Tengah', 1, NULL, NULL),
(1252, 128, 'Purabaya', 1, NULL, NULL),
(1253, 128, 'Cikembar', 1, NULL, NULL),
(1254, 128, 'Nyalindung', 1, NULL, NULL),
(1255, 128, 'Geger Bitung', 1, NULL, NULL),
(1256, 128, 'Sukaraja', 1, NULL, NULL),
(1257, 128, 'Kebonpedes', 1, NULL, NULL),
(1258, 128, 'Cireunghas', 1, NULL, NULL),
(1259, 128, 'Sukalarang', 1, NULL, NULL),
(1260, 128, 'Sukabumi', 1, NULL, NULL),
(1261, 128, 'Kadudampit', 1, NULL, NULL),
(1262, 128, 'Cisaat', 1, NULL, NULL),
(1263, 128, 'Gunungguruh', 1, NULL, NULL),
(1264, 128, 'Cibadak', 1, NULL, NULL),
(1265, 128, 'Cicantayan', 1, NULL, NULL),
(1266, 128, 'Caringin', 1, NULL, NULL),
(1267, 128, 'Nagrak', 1, NULL, NULL),
(1268, 128, 'Cicurug', 1, NULL, NULL),
(1269, 128, 'Cidahu', 1, NULL, NULL),
(1270, 128, 'Parakan Salak', 1, NULL, NULL),
(1271, 128, 'Parung Kuda', 1, NULL, NULL),
(1272, 128, 'Bojong Genteng', 1, NULL, NULL),
(1273, 128, 'Kalapa Nunggal', 1, NULL, NULL),
(1274, 128, 'Cikidang', 1, NULL, NULL),
(1275, 128, 'Cisolok', 1, NULL, NULL),
(1276, 128, 'Cikakak', 1, NULL, NULL),
(1277, 128, 'Kabandungan', 1, NULL, NULL),
(1278, 129, 'Agrabinta', 1, NULL, NULL),
(1279, 129, 'Leles', 1, NULL, NULL),
(1280, 129, 'Sindangbarang', 1, NULL, NULL),
(1281, 129, 'Cidaun', 1, NULL, NULL),
(1282, 129, 'Naringgul', 1, NULL, NULL),
(1283, 129, 'Cibinong', 1, NULL, NULL),
(1284, 129, 'Cikadu', 1, NULL, NULL),
(1285, 129, 'Tanggeung', 1, NULL, NULL),
(1286, 129, 'Kadupandak', 1, NULL, NULL),
(1287, 129, 'Cijati', 1, NULL, NULL),
(1288, 129, 'Takokak', 1, NULL, NULL),
(1289, 129, 'Sukanagara', 1, NULL, NULL),
(1290, 129, 'Pagelaran', 1, NULL, NULL),
(1291, 129, 'Campaka', 1, NULL, NULL),
(1292, 129, 'Campaka Mulya', 1, NULL, NULL),
(1293, 129, 'Cibeber', 1, NULL, NULL),
(1294, 129, 'Warungkondang', 1, NULL, NULL),
(1295, 129, 'Gekbrong', 1, NULL, NULL),
(1296, 129, 'Cilaku', 1, NULL, NULL),
(1297, 129, 'Sukaluyu', 1, NULL, NULL),
(1298, 129, 'Bojongpicung', 1, NULL, NULL),
(1299, 129, 'Ciranjang', 1, NULL, NULL),
(1300, 129, 'Mande', 1, NULL, NULL),
(1301, 129, 'Karangtengah', 1, NULL, NULL),
(1302, 129, 'Cianjur', 1, NULL, NULL),
(1303, 129, 'Cugenang', 1, NULL, NULL),
(1304, 129, 'Pacet', 1, NULL, NULL),
(1305, 129, 'Cipanas', 1, NULL, NULL),
(1306, 129, 'Sukaresmi', 1, NULL, NULL),
(1307, 129, 'Cikalongkulon', 1, NULL, NULL),
(1308, 130, 'Ciwidey', 1, NULL, NULL),
(1309, 130, 'Rancabali', 1, NULL, NULL),
(1310, 130, 'Pasirjambu', 1, NULL, NULL),
(1311, 130, 'Cimaung', 1, NULL, NULL),
(1312, 130, 'Pangalengan', 1, NULL, NULL),
(1313, 130, 'Kertasari', 1, NULL, NULL),
(1314, 130, 'Pacet', 1, NULL, NULL),
(1315, 130, 'Ibun', 1, NULL, NULL),
(1316, 130, 'Paseh', 1, NULL, NULL),
(1317, 130, 'Cikancung', 1, NULL, NULL),
(1318, 130, 'Cicalengka', 1, NULL, NULL),
(1319, 130, 'Nagreg', 1, NULL, NULL),
(1320, 130, 'Rancaekek', 1, NULL, NULL),
(1321, 130, 'Majalaya', 1, NULL, NULL),
(1322, 130, 'Solokan Jeruk', 1, NULL, NULL),
(1323, 130, 'Ciparay', 1, NULL, NULL),
(1324, 130, 'Baleendah', 1, NULL, NULL),
(1325, 130, 'Arjasari', 1, NULL, NULL),
(1326, 130, 'Banjaran', 1, NULL, NULL),
(1327, 130, 'Pameungpeuk', 1, NULL, NULL),
(1328, 130, 'Katapang', 1, NULL, NULL),
(1329, 130, 'Soreang', 1, NULL, NULL),
(1336, 130, 'Margaasih', 1, NULL, NULL),
(1337, 130, 'Margahayu', 1, NULL, NULL),
(1338, 130, 'Dayeuhkolot', 1, NULL, NULL),
(1339, 130, 'Bojongsoang', 1, NULL, NULL),
(1340, 130, 'Cileunyi', 1, NULL, NULL),
(1341, 130, 'Cilengkrang', 1, NULL, NULL),
(1342, 130, 'Cimenyan', 1, NULL, NULL),
(1518, 136, 'Lemahsugih', 1, NULL, NULL),
(1519, 136, 'Bantarujeg', 1, NULL, NULL),
(1520, 136, 'Cikijing', 1, NULL, NULL),
(1521, 136, 'Cingambul', 1, NULL, NULL),
(1522, 136, 'Talaga', 1, NULL, NULL),
(1523, 136, 'Banjaran', 1, NULL, NULL),
(1524, 136, 'Argapura', 1, NULL, NULL),
(1525, 136, 'Maja', 1, NULL, NULL),
(1526, 136, 'Majalengka', 1, NULL, NULL),
(1527, 136, 'Cigasong', 1, NULL, NULL),
(1528, 136, 'Sukahaji', 1, NULL, NULL),
(1529, 136, 'Rajagaluh', 1, NULL, NULL),
(1530, 136, 'Sindangwangi', 1, NULL, NULL),
(1531, 136, 'Leuwimunding', 1, NULL, NULL),
(1532, 136, 'Palasah', 1, NULL, NULL),
(1533, 136, 'Jatiwangi', 1, NULL, NULL),
(1534, 136, 'Dawuan', 1, NULL, NULL),
(1535, 136, 'Panyingkiran', 1, NULL, NULL),
(1536, 136, 'Kadipaten', 1, NULL, NULL),
(1537, 136, 'Kertajati', 1, NULL, NULL),
(1538, 136, 'Jatitujuh', 1, NULL, NULL),
(1539, 136, 'Ligung', 1, NULL, NULL),
(1540, 136, 'Sumberjaya', 1, NULL, NULL),
(1541, 137, 'Jatinangor', 1, NULL, NULL),
(1542, 137, 'Cimanggung', 1, NULL, NULL),
(1543, 137, 'Tanjungsari', 1, NULL, NULL),
(1544, 137, 'Sukasari', 1, NULL, NULL),
(1545, 137, 'Pamulihan', 1, NULL, NULL),
(1546, 137, 'Rancakalong', 1, NULL, NULL),
(1547, 137, 'Sumedang Selatan', 1, NULL, NULL),
(1548, 137, 'Sumedang Utara', 1, NULL, NULL),
(1549, 137, 'Ganeas', 1, NULL, NULL),
(1550, 137, 'Situraja', 1, NULL, NULL),
(1551, 137, 'Cisitu', 1, NULL, NULL),
(1552, 137, 'Darmaraja', 1, NULL, NULL),
(1553, 137, 'Cibugel', 1, NULL, NULL),
(1554, 137, 'Wado', 1, NULL, NULL),
(1555, 137, 'Jatinunggal', 1, NULL, NULL),
(1557, 137, 'Tomo', 1, NULL, NULL),
(1558, 137, 'Ujung Jaya', 1, NULL, NULL),
(1559, 137, 'Conggeang', 1, NULL, NULL),
(1560, 137, 'Paseh', 1, NULL, NULL),
(1561, 137, 'Cimalaka', 1, NULL, NULL),
(1562, 137, 'Cisarua', 1, NULL, NULL),
(1563, 137, 'Tanjungkerta', 1, NULL, NULL),
(1564, 137, 'Tanjungmedar', 1, NULL, NULL),
(1565, 137, 'Buahdua', 1, NULL, NULL),
(1566, 137, 'Surian', 1, NULL, NULL),
(1595, 139, 'Sagalaherang', 1, NULL, NULL),
(1596, 139, 'Jalancagak', 1, NULL, NULL),
(1597, 139, 'Cisalak', 1, NULL, NULL),
(1598, 139, 'Tanjungsiang', 1, NULL, NULL),
(1599, 139, 'Cijambe', 1, NULL, NULL),
(1600, 139, 'Cibogo', 1, NULL, NULL),
(1601, 139, 'Subang', 1, NULL, NULL),
(1602, 139, 'Kalijati', 1, NULL, NULL),
(1603, 139, 'Cipeundeuy', 1, NULL, NULL),
(1604, 139, 'Pabuaran', 1, NULL, NULL),
(1605, 139, 'Patokbeusi', 1, NULL, NULL),
(1606, 139, 'Purwadadi', 1, NULL, NULL),
(1607, 139, 'Cikaum', 1, NULL, NULL),
(1608, 139, 'Pagaden', 1, NULL, NULL),
(1609, 139, 'Cipunagara', 1, NULL, NULL),
(1610, 139, 'Compreng', 1, NULL, NULL),
(1611, 139, 'Binong', 1, NULL, NULL),
(1612, 139, 'Ciasem', 1, NULL, NULL),
(1613, 139, 'Pamanukan', 1, NULL, NULL),
(1614, 139, 'Pusakanagara', 1, NULL, NULL),
(1615, 139, 'Legonkulon', 1, NULL, NULL),
(1616, 139, 'Blanakan', 1, NULL, NULL),
(1617, 140, 'Jatiluhur', 1, NULL, NULL),
(1618, 140, 'Sukasari', 1, NULL, NULL),
(1619, 140, 'Maniis', 1, NULL, NULL),
(1620, 140, 'Tegal Waru', 1, NULL, NULL),
(1621, 140, 'Plered', 1, NULL, NULL),
(1622, 140, 'Sukatani', 1, NULL, NULL),
(1623, 140, 'Darangdan', 1, NULL, NULL),
(1624, 140, 'Bojong', 1, NULL, NULL),
(1625, 140, 'Wanayasa', 1, NULL, NULL),
(1626, 140, 'Kiarapedes', 1, NULL, NULL),
(1627, 140, 'Pasawahan', 1, NULL, NULL),
(1628, 140, 'Pondok Salam', 1, NULL, NULL),
(1629, 140, 'Purwakarta', 1, NULL, NULL),
(1630, 140, 'Babakancikao', 1, NULL, NULL),
(1631, 140, 'Campaka', 1, NULL, NULL),
(1632, 140, 'Cibatu', 1, NULL, NULL),
(1633, 140, 'Bungursari', 1, NULL, NULL),
(1634, 141, 'Pangkalan', 1, NULL, NULL),
(1635, 141, 'Ciampel', 1, NULL, NULL),
(1637, 141, 'Klari', 1, NULL, NULL),
(1638, 141, 'Cikampek', 1, NULL, NULL),
(1639, 141, 'Tirtamulya', 1, NULL, NULL),
(1640, 141, 'Jatisari', 1, NULL, NULL),
(1641, 141, 'Banyusari', 1, NULL, NULL),
(1642, 141, 'Kotabaru', 1, NULL, NULL),
(1643, 141, 'Cilamaya Wetan', 1, NULL, NULL),
(1644, 141, 'Cilamaya Kulon', 1, NULL, NULL),
(1645, 141, 'Lemahabang', 1, NULL, NULL),
(1646, 141, 'Talagasari', 1, NULL, NULL),
(1648, 141, 'Majalaya', 1, NULL, NULL),
(1649, 141, 'Rawamerta', 1, NULL, NULL),
(1650, 141, 'Tempuran', 1, NULL, NULL),
(1651, 141, 'Kutawaluya', 1, NULL, NULL),
(1652, 141, 'Rengasdengklok', 1, NULL, NULL),
(1653, 141, 'Jayakerta', 1, NULL, NULL),
(1654, 141, 'Pedes', 1, NULL, NULL),
(1655, 141, 'Cibuaya', 1, NULL, NULL),
(1656, 141, 'Tirtajaya', 1, NULL, NULL),
(1657, 141, 'Batujaya', 1, NULL, NULL),
(1658, 141, 'Pakisjaya', 1, NULL, NULL),
(1659, 142, 'Setu', 1, NULL, NULL),
(1660, 142, 'Serang Baru', 1, NULL, NULL),
(1661, 142, 'Cikarang Pusat', 1, NULL, NULL),
(1662, 142, 'Cikarang Selatan', 1, NULL, NULL),
(1663, 142, 'Cibarusah', 1, NULL, NULL),
(1664, 142, 'Bojongmangu', 1, NULL, NULL),
(1665, 142, 'Cikarang Timur', 1, NULL, NULL),
(1666, 142, 'Kedungwaringin', 1, NULL, NULL),
(1667, 142, 'Cikarang Utara', 1, NULL, NULL),
(1668, 142, 'Karangbahagia', 1, NULL, NULL),
(1669, 142, 'Cibitung', 1, NULL, NULL),
(1670, 142, 'Cikarang Barat', 1, NULL, NULL),
(1671, 142, 'Tambun Selatan', 1, NULL, NULL),
(1672, 142, 'Tambun Utara', 1, NULL, NULL),
(1673, 142, 'Babelan', 1, NULL, NULL),
(1674, 142, 'Tarumajaya', 1, NULL, NULL),
(1675, 142, 'Tambelang', 1, NULL, NULL),
(1676, 142, 'Sukawangi', 1, NULL, NULL),
(1677, 142, 'Sukatani', 1, NULL, NULL),
(1678, 142, 'Sukakarya', 1, NULL, NULL),
(1679, 142, 'Pebayuran', 1, NULL, NULL),
(1680, 142, 'Cabangbungin', 1, NULL, NULL),
(1681, 142, 'Muara Gembong', 1, NULL, NULL),
(1682, 143, 'Bogor Selatan', 1, NULL, NULL),
(1683, 143, 'Bogor Timur', 1, NULL, NULL),
(1684, 143, 'Bogor Utara', 1, NULL, NULL),
(1685, 143, 'Bogor Tengah', 1, NULL, NULL),
(1686, 143, 'Bogor Barat', 1, NULL, NULL),
(1687, 143, 'Tanah Sereal', 1, NULL, NULL),
(1688, 144, 'Baros', 1, NULL, NULL),
(1689, 144, 'Lembursitu', 1, NULL, NULL),
(1690, 144, 'Cibeureum', 1, NULL, NULL),
(1691, 144, 'Citamiang', 1, NULL, NULL),
(1692, 144, 'Warudoyong', 1, NULL, NULL),
(1693, 144, 'Gunung Puyuh', 1, NULL, NULL),
(1694, 144, 'Cikole', 1, NULL, NULL),
(1695, 145, 'Bandung Kulon', 1, NULL, NULL),
(1696, 145, 'Babakan Ciparay', 1, NULL, NULL),
(1697, 145, 'Bojongloa Kaler', 1, NULL, NULL),
(1698, 145, 'Bojongloa Kidul', 1, NULL, NULL),
(1699, 145, 'Astanaanyar', 1, NULL, NULL),
(1700, 145, 'Regol', 1, NULL, NULL),
(1701, 145, 'Lengkong', 1, NULL, NULL),
(1702, 145, 'Bandung Kidul', 1, NULL, NULL),
(1703, 145, 'Buahbatu', 1, NULL, NULL),
(1704, 145, 'Rancasari', 1, NULL, NULL),
(1705, 145, 'Cibiru', 1, NULL, NULL),
(1706, 145, 'Ujung Berung', 1, NULL, NULL),
(1707, 145, 'Arcamanik', 1, NULL, NULL),
(1709, 145, 'Kiaracondong', 1, NULL, NULL),
(1710, 145, 'Batununggal', 1, NULL, NULL),
(1711, 145, 'Sumur Bandung', 1, NULL, NULL),
(1712, 145, 'Andir', 1, NULL, NULL),
(1713, 145, 'Cicendo', 1, NULL, NULL),
(1714, 145, 'Bandung Wetan', 1, NULL, NULL),
(1715, 145, 'Cibeunying Kidul', 1, NULL, NULL),
(1716, 145, 'Cibeunying Kaler', 1, NULL, NULL),
(1717, 145, 'Coblong', 1, NULL, NULL),
(1718, 145, 'Sukajadi', 1, NULL, NULL),
(1719, 145, 'Sukasari', 1, NULL, NULL),
(1720, 145, 'Cidadap', 1, NULL, NULL),
(1726, 147, 'Pondokgede', 1, NULL, NULL),
(1727, 147, 'Jatisampurna', 1, NULL, NULL),
(1728, 147, 'Jatiasih', 1, NULL, NULL),
(1729, 147, 'Bantargebang', 1, NULL, NULL),
(1730, 147, 'Bekasi Timur', 1, NULL, NULL),
(1731, 147, 'Rawalumbu', 1, NULL, NULL),
(1732, 147, 'Bekasi Selatan', 1, NULL, NULL),
(1733, 147, 'Bekasi Barat', 1, NULL, NULL),
(1734, 147, 'Medan Satria', 1, NULL, NULL),
(1735, 147, 'Bekasi Utara', 1, NULL, NULL),
(1736, 148, 'Sawangan', 1, NULL, NULL),
(1737, 148, 'Pancoran Mas', 1, NULL, NULL),
(1738, 148, 'Sukma Jaya', 1, NULL, NULL),
(1739, 148, 'Cimanggis', 1, NULL, NULL),
(1740, 148, 'Beji', 1, NULL, NULL),
(1741, 148, 'Limo', 1, NULL, NULL),
(1742, 149, 'Cimahi Selatan', 1, NULL, NULL),
(1743, 149, 'Cimahi Tengah', 1, NULL, NULL),
(1744, 149, 'Cimahi Utara', 1, NULL, NULL),
(5623, 127, 'Leuwisadeng', 1, NULL, NULL),
(5624, 127, 'Tenjolaya', 1, NULL, NULL),
(5625, 127, 'Cigombong', 1, NULL, NULL),
(5626, 127, 'Tanjungsari', 1, NULL, NULL),
(5627, 127, 'Tajur Halang', 1, NULL, NULL),
(5628, 128, 'Cimanggu', 1, NULL, NULL),
(5629, 128, 'Ciambar', 1, NULL, NULL),
(5630, 129, 'Pasirkuda', 1, NULL, NULL),
(5631, 129, 'Haurwangi', 1, NULL, NULL),
(5632, 130, 'Cangkuang', 1, NULL, NULL),
(5633, 130, 'Kutawaringin', 1, NULL, NULL),
(5659, 136, 'Malausma', 1, NULL, NULL),
(5660, 136, 'Sindang', 1, NULL, NULL),
(5661, 136, 'Kasokandel', 1, NULL, NULL),
(5662, 137, 'Jatigede', 1, NULL, NULL),
(5666, 139, 'Serangpanjang', 1, NULL, NULL),
(5667, 139, 'Ciater', 1, NULL, NULL),
(5668, 139, 'Kasomalang', 1, NULL, NULL),
(5669, 139, 'Dawuan', 1, NULL, NULL),
(5670, 139, 'Pagaden Barat', 1, NULL, NULL),
(5671, 139, 'Tambakdahan', 1, NULL, NULL),
(5672, 139, 'Sukasari', 1, NULL, NULL),
(5673, 139, 'Pusakajaya', 1, NULL, NULL),
(5674, 141, 'Tegalwaru', 1, NULL, NULL),
(5675, 141, 'Telukjambe Timur', 1, NULL, NULL),
(5676, 141, 'Telukjambe Barat', 1, NULL, NULL),
(5677, 141, 'Purwasari', 1, NULL, NULL),
(5678, 141, 'Karawang Timur', 1, NULL, NULL),
(5679, 141, 'Karawang Barat', 1, NULL, NULL),
(5680, 141, 'Cilebar', 1, NULL, NULL),
(5681, 145, 'Gedebage', 1, NULL, NULL),
(5682, 145, 'Panyileukan', 1, NULL, NULL),
(5683, 145, 'Cinambo', 1, NULL, NULL),
(5684, 145, 'Antapani', 1, NULL, NULL),
(5685, 145, 'Mandalajati', 1, NULL, NULL),
(5686, 147, 'Pondokmelati', 1, NULL, NULL),
(5687, 147, 'Mustikajaya', 1, NULL, NULL),
(5688, 148, 'Bojongsari', 1, NULL, NULL),
(5689, 148, 'Cipayung', 1, NULL, NULL),
(5690, 148, 'Cilodong', 1, NULL, NULL),
(5691, 148, 'Tapos', 1, NULL, NULL),
(5692, 148, 'Cinere', 1, NULL, NULL),
(5695, 446, 'Batujajar', 1, '2019-01-27 11:05:20', '2019-01-27 11:05:20'),
(5696, 446, 'Cihampelas', 1, '2019-01-27 11:06:11', '2019-01-27 11:06:11'),
(5697, 446, 'Cikalongwetan', 1, '2019-01-27 11:06:47', '2019-01-27 11:06:47'),
(5698, 446, 'Cililin', 1, '2019-01-27 11:07:38', '2019-01-27 11:07:38'),
(5699, 446, 'Cipatat', 1, '2019-01-27 11:08:12', '2019-01-27 11:08:12'),
(5700, 446, 'Cipeundeuy', 1, '2019-01-27 11:08:59', '2019-01-27 11:08:59'),
(5701, 446, 'Cipongkor', 1, '2019-01-27 11:09:37', '2019-01-27 11:09:37'),
(5702, 446, 'Cisarua', 1, '2019-01-27 11:10:20', '2019-01-27 11:10:20'),
(5703, 446, 'Gununghalu', 1, '2019-01-27 11:11:03', '2019-01-27 11:11:03'),
(5704, 446, 'Lembang', 1, '2019-01-27 11:11:46', '2019-01-27 11:11:46'),
(5705, 446, 'Ngamprah', 1, '2019-01-27 11:12:23', '2019-01-28 03:02:04'),
(5706, 446, 'Padalarang', 1, '2019-01-27 11:12:59', '2019-01-27 11:12:59'),
(5707, 446, 'Parongpong', 1, '2019-01-27 11:13:34', '2019-01-27 11:13:34'),
(5708, 446, 'Rongga', 1, '2019-01-27 11:14:10', '2019-01-27 11:14:10'),
(5709, 446, 'Saguling', 1, '2019-01-27 11:14:45', '2019-01-27 11:14:45'),
(5710, 446, 'Sindangkerta', 1, '2019-01-27 11:15:23', '2019-01-27 11:15:23'),
(5721, 451, 'Ciawigebang', 1, '2019-01-29 09:40:38', '2019-01-29 09:40:38'),
(5722, 451, 'Cibeureum', 1, '2019-01-29 09:41:03', '2019-01-29 09:41:03'),
(5723, 451, 'Cibingbin', 1, '2019-01-29 09:41:29', '2019-01-29 09:41:29'),
(5724, 451, 'Cidahu', 1, '2019-01-29 09:41:47', '2019-01-29 09:41:47'),
(5725, 451, 'Cigandamekar', 1, '2019-01-29 09:45:22', '2019-01-29 09:45:22'),
(5726, 451, 'Cigugur', 1, '2019-01-29 09:46:08', '2019-01-29 09:46:08'),
(5727, 451, 'Cilebak', 1, '2019-01-29 09:46:24', '2019-01-29 09:46:24'),
(5728, 451, 'Cilimus', 1, '2019-01-29 09:46:43', '2019-01-29 09:46:43'),
(5729, 451, 'Cimahi', 1, '2019-01-29 09:47:18', '2019-01-29 09:47:18'),
(5730, 451, 'Ciniru', 1, '2019-01-29 09:47:51', '2019-01-29 09:47:51'),
(5731, 451, 'Cipicung', 1, '2019-01-29 09:48:07', '2019-01-29 09:48:07'),
(5732, 451, 'Ciwaru', 1, '2019-01-29 09:48:25', '2019-01-29 09:48:25'),
(5733, 451, 'Darma', 1, '2019-01-29 09:48:49', '2019-01-29 09:48:49'),
(5734, 451, 'Garawangi', 1, '2019-01-29 09:49:29', '2019-01-29 09:49:29'),
(5735, 451, 'Hantara', 1, '2019-01-29 09:49:47', '2019-01-29 09:49:47'),
(5736, 451, 'Jalaksana', 1, '2019-01-29 09:52:27', '2019-01-29 09:52:27'),
(5737, 451, 'Japara', 1, '2019-01-29 09:52:53', '2019-01-29 09:52:53'),
(5738, 451, 'Kadugede', 1, '2019-01-29 09:53:09', '2019-01-29 09:53:09'),
(5739, 451, 'Kalimanggis', 1, '2019-01-29 09:53:35', '2019-01-29 09:53:35'),
(5740, 451, 'Karangkanca', 1, '2019-01-29 09:54:00', '2019-01-29 09:54:00'),
(5741, 451, 'Kramatmulya', 1, '2019-01-29 09:54:46', '2019-01-29 09:54:46'),
(5742, 451, 'Kuningan', 1, '2019-01-29 09:55:21', '2019-01-29 09:55:21'),
(5743, 451, 'Lebakwangi', 1, '2019-01-29 09:55:46', '2019-01-29 09:55:46'),
(5744, 451, 'Luragung', 1, '2019-01-29 09:56:22', '2019-01-29 09:56:22'),
(5745, 451, 'Maleber', 1, '2019-01-29 09:56:44', '2019-01-29 09:56:44'),
(5746, 451, 'Mandirancan', 1, '2019-01-29 09:57:17', '2019-01-29 09:57:17'),
(5747, 451, 'Nusaherang', 1, '2019-01-29 09:57:44', '2019-01-29 09:57:44'),
(5748, 451, 'Pancalang', 1, '2019-01-29 09:58:05', '2019-01-29 09:58:05'),
(5749, 451, 'Pasawahan', 1, '2019-01-29 09:58:24', '2019-01-29 09:58:24'),
(5750, 451, 'Selajambe', 1, '2019-01-29 09:58:49', '2019-01-29 09:58:49'),
(5751, 451, 'Sindangagung', 1, '2019-01-29 09:59:13', '2019-01-29 09:59:13'),
(5752, 451, 'Subang', 1, '2019-01-29 09:59:28', '2019-01-29 09:59:28'),
(5753, 452, 'Banjaranyar', 1, '2019-01-29 10:02:52', '2019-01-29 10:02:52'),
(5754, 452, 'Banjarsari', 1, '2019-01-29 10:03:10', '2019-01-29 10:03:10'),
(5755, 452, 'Baregbeg', 1, '2019-01-29 10:03:57', '2019-01-29 10:03:57'),
(5756, 452, 'Ciamis', 1, '2019-01-29 10:04:22', '2019-01-29 10:04:22'),
(5757, 452, 'Cidolog', 1, '2019-01-29 10:04:41', '2019-01-29 10:04:41'),
(5758, 452, 'Cihaurbeuti', 1, '2019-01-29 10:05:23', '2019-01-29 10:05:23'),
(5759, 452, 'Cijeungjing', 1, '2019-01-29 10:05:56', '2019-01-29 10:05:56'),
(5760, 452, 'Cikoneng', 1, '2019-01-29 10:06:20', '2019-01-29 10:06:20'),
(5761, 452, 'Cimaragas', 1, '2019-01-29 10:06:49', '2019-01-29 10:06:49'),
(5762, 452, 'Cipaku', 1, '2019-01-29 10:07:12', '2019-01-29 10:07:12'),
(5763, 452, 'Cisaga', 1, '2019-01-29 10:07:33', '2019-01-29 10:07:33'),
(5764, 452, 'Jatinagara', 1, '2019-01-29 10:07:58', '2019-01-29 10:07:58'),
(5765, 452, 'Kawali', 1, '2019-01-29 10:08:17', '2019-01-29 10:08:17'),
(5766, 452, 'Lakbok', 1, '2019-01-29 10:08:43', '2019-01-29 10:08:43'),
(5767, 452, 'Lumbung', 1, '2019-01-29 10:09:04', '2019-01-29 10:09:04'),
(5768, 452, 'Pamarican', 1, '2019-01-29 10:09:30', '2019-01-29 10:09:30'),
(5769, 452, 'Panawangan', 1, '2019-01-29 10:09:57', '2019-01-29 10:09:57'),
(5770, 452, 'Panjalu', 1, '2019-01-29 10:10:30', '2019-01-29 10:10:30'),
(5771, 452, 'Panumbangan', 1, '2019-01-29 10:11:02', '2019-01-29 10:11:02'),
(5772, 452, 'Purwadadi', 1, '2019-01-29 10:11:28', '2019-01-29 10:11:28'),
(5773, 452, 'Rajadesa', 1, '2019-01-29 10:12:00', '2019-01-29 10:12:00'),
(5774, 452, 'Rancah', 1, '2019-01-29 10:13:03', '2019-01-29 10:13:03'),
(5775, 452, 'Sadananya', 1, '2019-01-29 10:13:46', '2019-01-29 10:13:46'),
(5776, 452, 'Sindangkasih', 1, '2019-01-29 10:14:14', '2019-01-29 10:14:14'),
(5777, 452, 'Sukadana', 1, '2019-01-29 10:14:46', '2019-01-29 10:14:46'),
(5778, 452, 'Sukamantri', 1, '2019-01-29 10:15:05', '2019-01-29 10:15:05'),
(5779, 452, 'Tambaksari', 1, '2019-01-29 10:15:24', '2019-01-29 10:15:24'),
(5780, 453, 'Cigugur', 1, '2019-01-29 10:33:27', '2019-01-29 10:33:27'),
(5781, 453, 'Cijulang', 1, '2019-01-29 10:34:21', '2019-01-29 10:34:21'),
(5782, 453, 'Cimerak', 1, '2019-01-29 10:34:41', '2019-01-29 10:34:41'),
(5783, 453, 'Kalipucang', 1, '2019-01-29 10:35:09', '2019-01-29 10:35:09'),
(5784, 453, 'Langkaplancar', 1, '2019-01-29 10:35:36', '2019-01-29 10:35:36'),
(5785, 453, 'Mangunjaya', 1, '2019-01-29 10:36:07', '2019-01-29 10:36:07'),
(5786, 453, 'Padaherang', 1, '2019-01-29 10:36:26', '2019-01-29 10:36:26'),
(5787, 453, 'Pangandaran', 1, '2019-01-29 10:36:51', '2019-01-29 10:36:51'),
(5788, 453, 'Parigi', 1, '2019-01-29 10:37:10', '2019-01-29 10:37:10'),
(5789, 453, 'Sidamulih', 1, '2019-01-29 10:37:30', '2019-01-29 10:37:30'),
(5790, 454, 'Banjar', 1, '2019-01-29 10:40:54', '2019-01-29 10:40:54'),
(5791, 454, 'Langensari', 1, '2019-01-29 10:41:31', '2019-01-29 10:41:31'),
(5792, 454, 'Pataruman', 1, '2019-01-29 10:41:57', '2019-01-29 10:41:57'),
(5793, 454, 'Purwaharja', 1, '2019-01-29 10:42:35', '2019-01-29 10:42:35'),
(5794, 455, 'Banjarwangi', 1, '2019-01-29 10:44:32', '2019-01-29 10:44:32'),
(5795, 455, 'Banyuresmi', 1, '2019-01-29 10:44:57', '2019-01-29 10:44:57'),
(5796, 455, 'Bayongbong', 1, '2019-01-29 10:45:16', '2019-01-29 10:45:16'),
(5797, 455, 'BL Limbangan', 1, '2019-01-29 10:46:01', '2019-01-29 10:46:01'),
(5798, 455, 'Bungbulang', 1, '2019-01-29 10:46:22', '2019-01-29 10:46:22'),
(5799, 455, 'Caringin', 1, '2019-01-29 10:46:43', '2019-01-29 10:46:43'),
(5800, 455, 'Cibalong', 1, '2019-01-29 10:47:07', '2019-01-29 10:47:07'),
(5801, 455, 'Cibatu', 1, '2019-01-29 10:47:40', '2019-01-29 10:47:40'),
(5802, 455, 'Cibiuk', 1, '2019-01-29 10:49:14', '2019-01-29 10:49:14'),
(5803, 455, 'Cigedug', 1, '2019-01-29 10:49:36', '2019-01-29 10:49:36'),
(5804, 455, 'Cihurip', 1, '2019-01-29 10:50:13', '2019-01-29 10:50:13'),
(5805, 455, 'Cikajang', 1, '2019-01-29 10:54:02', '2019-01-29 10:54:02'),
(5806, 455, 'Cikelet', 1, '2019-01-29 10:54:39', '2019-01-29 10:54:39'),
(5807, 455, 'Cilawu', 1, '2019-01-29 10:55:05', '2019-01-29 10:55:05'),
(5808, 456, 'Bantarkalong', 1, '2019-01-29 11:08:30', '2019-01-29 11:08:30'),
(5809, 456, 'Bojongasih', 1, '2019-01-29 11:09:14', '2019-01-29 11:09:14'),
(5810, 455, 'Cisewu', 1, '2019-01-29 11:10:05', '2019-01-29 11:10:05'),
(5811, 456, 'Bojonggambir', 1, '2019-01-29 11:10:06', '2019-01-29 11:10:06'),
(5812, 456, 'Ciawi', 1, '2019-01-29 11:10:32', '2019-01-29 11:10:32'),
(5813, 455, 'Cisompet', 1, '2019-01-29 11:10:52', '2019-01-29 11:10:52'),
(5814, 456, 'Cibalong', 1, '2019-01-29 11:10:53', '2019-01-29 11:10:53'),
(5815, 456, 'Cigalontang', 1, '2019-01-29 11:11:19', '2019-01-29 11:11:19'),
(5816, 455, 'Cisurupan', 1, '2019-01-29 11:11:31', '2019-01-29 11:11:31'),
(5817, 456, 'Cikalong', 1, '2019-01-29 11:11:48', '2019-01-29 11:11:48'),
(5818, 455, 'Garut Kota', 1, '2019-01-29 11:12:06', '2019-01-29 11:12:06'),
(5819, 456, 'Cikatomas', 1, '2019-01-29 11:12:13', '2019-01-29 11:12:13'),
(5820, 456, 'Cineam', 1, '2019-01-29 11:12:34', '2019-01-29 11:12:34'),
(5821, 455, 'Kadungora', 1, '2019-01-29 11:12:43', '2019-01-29 11:12:43'),
(5822, 456, 'Cipatujah', 1, '2019-01-29 11:13:18', '2019-01-29 11:13:18'),
(5823, 455, 'Karangpawitan', 1, '2019-01-29 11:13:27', '2019-01-29 11:13:27'),
(5824, 456, 'Cisayong', 1, '2019-01-29 11:13:39', '2019-01-29 11:13:39'),
(5825, 455, 'Karangtengah', 1, '2019-01-29 11:13:48', '2019-01-29 11:13:48'),
(5826, 456, 'Culamega', 1, '2019-01-29 11:14:08', '2019-01-29 11:14:08'),
(5827, 455, 'Kersamanah', 1, '2019-01-29 11:14:18', '2019-01-29 11:14:18'),
(5828, 456, 'Gunungtanjung', 1, '2019-01-29 11:14:55', '2019-01-29 11:14:55'),
(5829, 455, 'Leles', 1, '2019-01-29 11:15:03', '2019-01-29 11:15:03'),
(5830, 456, 'Jamanis', 1, '2019-01-29 11:15:25', '2019-01-29 11:15:25'),
(5831, 455, 'Leuwigoong', 1, '2019-01-29 11:15:38', '2019-01-29 11:15:38'),
(5832, 456, 'Jatiwaras', 1, '2019-01-29 11:15:53', '2019-01-29 11:15:53'),
(5833, 455, 'Malangbong', 1, '2019-01-29 11:16:16', '2019-01-29 11:16:16'),
(5834, 456, 'Kadipaten', 1, '2019-01-29 11:16:25', '2019-01-29 11:16:25'),
(5835, 456, 'Karangjaya', 1, '2019-01-29 11:16:47', '2019-01-29 11:16:47'),
(5836, 455, 'Mekarmukti', 1, '2019-01-29 11:16:53', '2019-01-29 11:16:53'),
(5837, 456, 'Karangnunggal', 1, '2019-01-29 11:17:08', '2019-01-29 11:17:08'),
(5838, 456, 'Leuwisari', 1, '2019-01-29 11:17:41', '2019-01-29 11:17:41'),
(5839, 456, 'Mangunreja', 1, '2019-01-29 11:18:09', '2019-01-29 11:18:09'),
(5840, 456, 'Manonjaya', 1, '2019-01-29 11:18:28', '2019-01-29 11:18:28'),
(5841, 455, 'Pakenjeng', 1, '2019-01-29 11:18:30', '2019-01-29 11:18:30'),
(5842, 455, 'Pameungpeuk', 1, '2019-01-29 11:19:03', '2019-01-29 11:19:03'),
(5843, 455, 'Pamulihan', 1, '2019-01-29 11:19:34', '2019-01-29 11:19:34'),
(5844, 456, 'Padakembang', 1, '2019-01-29 11:19:36', '2019-01-29 11:19:36'),
(5845, 456, 'Pagerageung', 1, '2019-01-29 11:20:22', '2019-01-29 11:20:22'),
(5846, 455, 'Pangatikan', 1, '2019-01-29 11:20:31', '2019-01-29 11:20:31'),
(5847, 456, 'Pancatengah', 1, '2019-01-29 11:21:22', '2019-01-29 11:21:22'),
(5848, 455, 'Pasirwangi', 1, '2019-01-29 11:21:31', '2019-01-29 11:21:31'),
(5849, 456, 'Parungponteng', 1, '2019-01-29 11:21:53', '2019-01-29 11:21:53'),
(5850, 455, 'Peundeuy', 1, '2019-01-29 11:21:56', '2019-01-29 11:21:56'),
(5851, 456, 'Puspahiang', 1, '2019-01-29 11:22:41', '2019-01-29 11:22:41'),
(5852, 456, 'Rajapolah', 1, '2019-01-29 11:23:16', '2019-01-29 11:23:16'),
(5853, 456, 'Salawu', 1, '2019-01-29 11:23:35', '2019-01-29 11:23:35'),
(5854, 455, 'Samarang', 1, '2019-01-29 11:23:40', '2019-01-29 11:23:40'),
(5855, 456, 'Salopa', 1, '2019-01-29 11:23:51', '2019-01-29 11:23:51'),
(5856, 455, 'Selaawi', 1, '2019-01-29 11:24:10', '2019-01-29 11:24:10'),
(5857, 456, 'Sariwangi', 1, '2019-01-29 11:24:11', '2019-01-29 11:24:11'),
(5858, 456, 'Singaparna', 1, '2019-01-29 11:24:33', '2019-01-29 11:24:33'),
(5859, 455, 'Singajaya', 1, '2019-01-29 11:24:40', '2019-01-29 11:24:40'),
(5860, 455, 'Sucinaraja', 1, '2019-01-29 11:25:11', '2019-01-29 11:25:11'),
(5861, 456, 'Sodonghilir', 1, '2019-01-29 11:25:14', '2019-01-29 11:25:14'),
(5862, 456, 'Sukahening', 1, '2019-01-29 11:25:42', '2019-01-29 11:25:42'),
(5863, 455, 'Sukaresmi', 1, '2019-01-29 11:25:46', '2019-01-29 11:25:46'),
(5864, 456, 'Sukaraja', 1, '2019-01-29 11:26:02', '2019-01-29 11:26:02'),
(5865, 455, 'Sukawening', 1, '2019-01-29 11:26:19', '2019-01-29 11:26:19'),
(5866, 456, 'Sukarame', 1, '2019-01-29 11:26:25', '2019-01-29 11:26:25'),
(5867, 456, 'Sukaratu', 1, '2019-01-29 11:26:57', '2019-01-29 11:26:57'),
(5868, 455, 'Talegong', 1, '2019-01-29 11:27:01', '2019-01-29 11:27:01'),
(5869, 456, 'Sukaresik', 1, '2019-01-29 11:27:19', '2019-01-29 11:27:19'),
(5870, 455, 'Tarogongkaler', 1, '2019-01-29 11:27:32', '2019-01-29 11:27:32'),
(5871, 455, 'Tarogongkidul', 1, '2019-01-29 11:27:48', '2019-01-29 11:27:48'),
(5872, 456, 'Tanjungjaya', 1, '2019-01-29 11:27:49', '2019-01-29 11:27:49'),
(5873, 456, 'Taraju', 1, '2019-01-29 11:28:06', '2019-01-29 11:28:06'),
(5874, 455, 'Wanaraja', 1, '2019-01-29 11:28:11', '2019-01-29 11:28:11'),
(5875, 457, 'Bungursari', 1, '2019-01-29 11:30:37', '2019-01-29 11:30:37'),
(5876, 457, 'Cibeureum', 1, '2019-01-29 11:31:01', '2019-01-29 11:31:01'),
(5877, 457, 'Cihideung', 1, '2019-01-29 11:31:23', '2019-01-29 11:31:23'),
(5878, 457, 'Cipedes', 1, '2019-01-29 11:33:50', '2019-01-29 11:33:50'),
(5879, 457, 'Indihiang', 1, '2019-01-29 11:34:11', '2019-01-29 11:34:11'),
(5880, 457, 'Kawalu', 1, '2019-01-29 11:34:33', '2019-01-29 11:34:33'),
(5881, 457, 'Mangkubumi', 1, '2019-01-29 11:35:08', '2019-01-29 11:35:08'),
(5882, 457, 'Purbaratu', 1, '2019-01-29 11:35:35', '2019-01-29 11:35:35'),
(5883, 457, 'Tamansari', 1, '2019-01-29 11:36:09', '2019-01-29 11:36:09'),
(5884, 457, 'Tawang', 1, '2019-01-29 11:36:27', '2019-01-29 11:36:27');

-- --------------------------------------------------------

--
-- Table structure for table `migrations`
--

CREATE TABLE `migrations` (
  `id` int(10) UNSIGNED NOT NULL,
  `migration` varchar(255) COLLATE utf8mb4_unicode_ci NOT NULL,
  `batch` int(11) NOT NULL
) ENGINE=InnoDB DEFAULT CHARSET=utf8mb4 COLLATE=utf8mb4_unicode_ci;

--
-- Dumping data for table `migrations`
--

INSERT INTO `migrations` (`id`, `migration`, `batch`) VALUES
(331, '2016_06_01_000001_create_oauth_auth_codes_table', 1),
(332, '2016_06_01_000002_create_oauth_access_tokens_table', 1),
(333, '2016_06_01_000003_create_oauth_refresh_tokens_table', 1),
(334, '2016_06_01_000004_create_oauth_clients_table', 1),
(335, '2016_06_01_000005_create_oauth_personal_access_clients_table', 1),
(336, '2018_11_30_012448_create_dapil_table', 1),
(337, '2018_11_30_022333_create_kabupaten_table', 1),
(338, '2018_11_30_022411_create_kecamatan_table', 1),
(339, '2018_11_30_022430_create_desa_table', 1),
(340, '2018_11_30_022504_create_tps_table', 1),
(341, '2018_11_30_022543_create_caleg_groups_table', 1),
(342, '2018_11_30_022550_create_caleg_table', 1),
(343, '2018_11_30_033439_create_groups_table', 1),
(344, '2018_12_02_203649_create_parpol_table', 1),
(345, '2018_12_02_203730_create_parpol_votes_table', 1),
(346, '2018_12_12_000000_create_users_table', 1),
(347, '2018_12_12_023342_create_user_votes_table', 1),
(348, '2018_12_12_100000_create_password_resets_table', 1),
(349, '2018_12_13_095148_create_settings_table', 1);

-- --------------------------------------------------------

--
-- Table structure for table `oauth_access_tokens`
--

CREATE TABLE `oauth_access_tokens` (
  `id` varchar(100) COLLATE utf8mb4_unicode_ci NOT NULL,
  `user_id` int(11) DEFAULT NULL,
  `client_id` int(11) NOT NULL,
  `name` varchar(255) COLLATE utf8mb4_unicode_ci DEFAULT NULL,
  `scopes` text COLLATE utf8mb4_unicode_ci,
  `revoked` tinyint(1) NOT NULL,
  `created_at` timestamp NULL DEFAULT NULL,
  `updated_at` timestamp NULL DEFAULT NULL,
  `expires_at` datetime DEFAULT NULL
) ENGINE=InnoDB DEFAULT CHARSET=utf8mb4 COLLATE=utf8mb4_unicode_ci;

-- --------------------------------------------------------

--
-- Table structure for table `oauth_auth_codes`
--

CREATE TABLE `oauth_auth_codes` (
  `id` varchar(100) COLLATE utf8mb4_unicode_ci NOT NULL,
  `user_id` int(11) NOT NULL,
  `client_id` int(11) NOT NULL,
  `scopes` text COLLATE utf8mb4_unicode_ci,
  `revoked` tinyint(1) NOT NULL,
  `expires_at` datetime DEFAULT NULL
) ENGINE=InnoDB DEFAULT CHARSET=utf8mb4 COLLATE=utf8mb4_unicode_ci;

-- --------------------------------------------------------

--
-- Table structure for table `oauth_clients`
--

CREATE TABLE `oauth_clients` (
  `id` int(10) UNSIGNED NOT NULL,
  `user_id` int(11) DEFAULT NULL,
  `name` varchar(255) COLLATE utf8mb4_unicode_ci NOT NULL,
  `secret` varchar(100) COLLATE utf8mb4_unicode_ci NOT NULL,
  `redirect` text COLLATE utf8mb4_unicode_ci NOT NULL,
  `personal_access_client` tinyint(1) NOT NULL,
  `password_client` tinyint(1) NOT NULL,
  `revoked` tinyint(1) NOT NULL,
  `created_at` timestamp NULL DEFAULT NULL,
  `updated_at` timestamp NULL DEFAULT NULL
) ENGINE=InnoDB DEFAULT CHARSET=utf8mb4 COLLATE=utf8mb4_unicode_ci;

-- --------------------------------------------------------

--
-- Table structure for table `oauth_personal_access_clients`
--

CREATE TABLE `oauth_personal_access_clients` (
  `id` int(10) UNSIGNED NOT NULL,
  `client_id` int(11) NOT NULL,
  `created_at` timestamp NULL DEFAULT NULL,
  `updated_at` timestamp NULL DEFAULT NULL
) ENGINE=InnoDB DEFAULT CHARSET=utf8mb4 COLLATE=utf8mb4_unicode_ci;

-- --------------------------------------------------------

--
-- Table structure for table `oauth_refresh_tokens`
--

CREATE TABLE `oauth_refresh_tokens` (
  `id` varchar(100) COLLATE utf8mb4_unicode_ci NOT NULL,
  `access_token_id` varchar(100) COLLATE utf8mb4_unicode_ci NOT NULL,
  `revoked` tinyint(1) NOT NULL,
  `expires_at` datetime DEFAULT NULL
) ENGINE=InnoDB DEFAULT CHARSET=utf8mb4 COLLATE=utf8mb4_unicode_ci;

-- --------------------------------------------------------

--
-- Table structure for table `parpol`
--

CREATE TABLE `parpol` (
  `id` int(10) UNSIGNED NOT NULL,
  `no_urut` int(11) NOT NULL,
  `parpol_name` varchar(255) COLLATE utf8mb4_unicode_ci NOT NULL,
  `parpol_alias` varchar(255) COLLATE utf8mb4_unicode_ci NOT NULL,
  `parpol_picture` varchar(255) COLLATE utf8mb4_unicode_ci NOT NULL,
  `publication_status` tinyint(4) NOT NULL DEFAULT '0',
  `created_at` timestamp NULL DEFAULT NULL,
  `updated_at` timestamp NULL DEFAULT NULL
) ENGINE=InnoDB DEFAULT CHARSET=utf8mb4 COLLATE=utf8mb4_unicode_ci;

--
-- Dumping data for table `parpol`
--

INSERT INTO `parpol` (`id`, `no_urut`, `parpol_name`, `parpol_alias`, `parpol_picture`, `publication_status`, `created_at`, `updated_at`) VALUES
(1, 1, 'PARTAI KEBANGKITAN BANGSA', 'PKB', '1 PKB.png', 0, NULL, NULL),
(2, 2, 'PARTAI GERAKAN INDONESIA RAYA', 'GERINDRA', '2 Gerindra.png', 0, NULL, NULL),
(3, 3, 'PARTAI DEMOKRASI INDONESIA PERJUANGAN', 'PDI PERJUANGAN', '3 PDIP.png', 0, NULL, NULL),
(4, 4, 'PARTAI GOLONGAN KARYA', 'GOLKAR', '4 Golkar.png', 0, NULL, NULL),
(5, 5, 'PARTAI NASDEM', 'NASDEM', '5 Partai Nasdem.png', 0, NULL, NULL),
(6, 6, 'PARTAI GERAKAN PERUBAHAN INDONESIA', 'GARUDA', '6 Partai Garuda.png', 0, NULL, NULL),
(7, 7, 'PARTAI BERKARYA', 'BERKARYA', '7 Partai Berkarya.png', 0, NULL, NULL),
(8, 8, 'PARTAI KEADILAN SEJAHTERA', 'PKS', '8 PKS.png', 0, NULL, NULL),
(9, 9, 'PARTAI PERSATUAN INDONESIA', 'PERINDO', '9 Perindo.png', 0, NULL, NULL),
(10, 10, 'PARTAI PERSATUAN PEMBANGUNAN', 'PPP', '10 PPP.png', 0, NULL, NULL),
(11, 11, 'PARTAI SOLIDARITAS INDONESIA', 'PSI', '11 PSI.png', 0, NULL, NULL),
(12, 12, 'PARTAI AMANAT NASIONAL', 'PAN', '12 PAN.png', 0, NULL, NULL),
(13, 13, 'PARTAI HATI NURANI RAKYAT', 'HANURA', '13 Hanura.png', 0, NULL, NULL),
(14, 14, 'PARTAI DEMOKRAT', 'DEMOKRAT', '14 Partai Demokrat.png', 0, NULL, NULL);

-- --------------------------------------------------------

--
-- Table structure for table `parpol_votes`
--

CREATE TABLE `parpol_votes` (
  `id` int(10) UNSIGNED NOT NULL,
  `parpol_id` int(10) UNSIGNED NOT NULL,
  `tps_id` int(10) UNSIGNED NOT NULL,
  `valid` int(11) NOT NULL,
  `invalid` int(11) NOT NULL,
  `created_at` timestamp NULL DEFAULT NULL,
  `updated_at` timestamp NULL DEFAULT NULL
) ENGINE=InnoDB DEFAULT CHARSET=utf8mb4 COLLATE=utf8mb4_unicode_ci;

-- --------------------------------------------------------

--
-- Table structure for table `password_resets`
--

CREATE TABLE `password_resets` (
  `email` varchar(100) COLLATE utf8mb4_unicode_ci NOT NULL,
  `token` varchar(255) COLLATE utf8mb4_unicode_ci NOT NULL,
  `created_at` timestamp NULL DEFAULT NULL
) ENGINE=InnoDB DEFAULT CHARSET=utf8mb4 COLLATE=utf8mb4_unicode_ci;

-- --------------------------------------------------------

--
-- Table structure for table `settings`
--

CREATE TABLE `settings` (
  `id` int(10) UNSIGNED NOT NULL,
  `website_title` varchar(250) COLLATE utf8mb4_unicode_ci DEFAULT NULL,
  `logo` varchar(50) COLLATE utf8mb4_unicode_ci DEFAULT NULL,
  `favicon` varchar(50) COLLATE utf8mb4_unicode_ci DEFAULT NULL,
  `about_us` text COLLATE utf8mb4_unicode_ci,
  `copyright` varchar(255) COLLATE utf8mb4_unicode_ci DEFAULT NULL,
  `email` varchar(100) COLLATE utf8mb4_unicode_ci DEFAULT NULL,
  `phone` varchar(25) COLLATE utf8mb4_unicode_ci DEFAULT NULL,
  `mobile` varchar(25) COLLATE utf8mb4_unicode_ci DEFAULT NULL,
  `fax` varchar(20) COLLATE utf8mb4_unicode_ci DEFAULT NULL,
  `address_line_one` varchar(255) COLLATE utf8mb4_unicode_ci DEFAULT NULL,
  `address_line_two` varchar(255) COLLATE utf8mb4_unicode_ci DEFAULT NULL,
  `state` varchar(50) COLLATE utf8mb4_unicode_ci DEFAULT NULL,
  `city` varchar(50) COLLATE utf8mb4_unicode_ci DEFAULT NULL,
  `zip` varchar(20) COLLATE utf8mb4_unicode_ci DEFAULT NULL,
  `country` varchar(50) COLLATE utf8mb4_unicode_ci DEFAULT NULL,
  `map_iframe` text COLLATE utf8mb4_unicode_ci,
  `facebook` varchar(255) COLLATE utf8mb4_unicode_ci DEFAULT NULL,
  `twitter` varchar(255) COLLATE utf8mb4_unicode_ci DEFAULT NULL,
  `google_plus` varchar(255) COLLATE utf8mb4_unicode_ci DEFAULT NULL,
  `linkedin` varchar(255) COLLATE utf8mb4_unicode_ci DEFAULT NULL,
  `meta_title` varchar(255) COLLATE utf8mb4_unicode_ci DEFAULT NULL,
  `meta_keywords` varchar(255) COLLATE utf8mb4_unicode_ci DEFAULT NULL,
  `meta_description` text COLLATE utf8mb4_unicode_ci,
  `gallery_meta_title` varchar(255) COLLATE utf8mb4_unicode_ci DEFAULT NULL,
  `gallery_meta_keywords` varchar(255) COLLATE utf8mb4_unicode_ci DEFAULT NULL,
  `gallery_meta_description` text COLLATE utf8mb4_unicode_ci,
  `created_at` timestamp NULL DEFAULT NULL,
  `updated_at` timestamp NULL DEFAULT NULL
) ENGINE=InnoDB DEFAULT CHARSET=utf8mb4 COLLATE=utf8mb4_unicode_ci;

--
-- Dumping data for table `settings`
--

INSERT INTO `settings` (`id`, `website_title`, `logo`, `favicon`, `about_us`, `copyright`, `email`, `phone`, `mobile`, `fax`, `address_line_one`, `address_line_two`, `state`, `city`, `zip`, `country`, `map_iframe`, `facebook`, `twitter`, `google_plus`, `linkedin`, `meta_title`, `meta_keywords`, `meta_description`, `gallery_meta_title`, `gallery_meta_keywords`, `gallery_meta_description`, `created_at`, `updated_at`) VALUES
(1, 'Golkar', 'logo.png', 'favicon.png', 'Golkar.', 'Copyright 2018 Golkar, All rights reserved.', 'golkar@gmail.com', '+8801717888464', '+8801761913331', '808080', 'House# 83, Road# 16, Sector# 11', 'Uttara', 'Uttara', 'Dhaka', '1230', 'Jabar', '<iframe src=\"https://www.google.com/maps/embed?pb=!1m18!1m12!1m3!1d2642905.2881059386!2d89.27605108245604!3d23.817470325158617!2m3!1f0!2f0!3f0!3m2!1i1024!2i768!4f13.1!3m3!1m2!1s0x30adaaed80e18ba7%3A0xf2d28e0c4e1fc6b!2sBangladesh!5e0!3m2!1sen!2sbd!4v1520764767552\" width=\"600\" height=\"450\" frameborder=\"0\" style=\"border:0\" allowfullscreen></iframe>', 'https://facebook.com/Golkar', 'https://twitter.com/Golkar', 'https://plus.google.com/+Golkar', 'https://www.linkedin.com/company/Golkar/', 'Golkar', 'Golkar', 'Golkar.', 'Golkar', 'Golkar', 'Golkar.', '2019-01-17 13:29:04', '2019-01-17 13:29:04');

-- --------------------------------------------------------

--
-- Table structure for table `tps`
--

CREATE TABLE `tps` (
  `id` int(10) UNSIGNED NOT NULL,
  `desa_id` int(10) UNSIGNED NOT NULL,
  `tps_name` varchar(255) COLLATE utf8mb4_unicode_ci NOT NULL,
  `tps_coordinate` varchar(255) COLLATE utf8mb4_unicode_ci DEFAULT NULL,
  `publication_status` tinyint(4) NOT NULL DEFAULT '0',
  `created_at` timestamp NULL DEFAULT NULL,
  `updated_at` timestamp NULL DEFAULT NULL
) ENGINE=InnoDB DEFAULT CHARSET=utf8mb4 COLLATE=utf8mb4_unicode_ci;

--
-- Dumping data for table `tps`
--

INSERT INTO `tps` (`id`, `desa_id`, `tps_name`, `tps_coordinate`, `publication_status`, `created_at`, `updated_at`) VALUES
(1, 15445, 'TPS 1', '12345', 1, '2019-01-17 14:40:41', '2019-01-17 14:40:41'),
(2, 15446, 'TPS 2', '12346', 1, '2019-01-17 14:40:41', '2019-01-17 14:40:41'),
(3, 20185, 'TPS 1', '1', 1, '2019-01-19 17:18:50', '2019-01-19 17:18:50'),
(4, 20185, 'TPS 2', '-', 1, '2019-01-19 17:19:30', '2019-01-19 17:19:30'),
(5, 20037, 'TPS 01', '1427275', 1, '2019-01-23 22:23:49', '2019-01-23 22:23:49'),
(6, 20094, 'TPS 01', '124636657367', 1, '2019-01-24 10:03:27', '2019-01-24 10:03:27');

-- --------------------------------------------------------

--
-- Stand-in structure for view `tps_view`
-- (See below for the actual view)
--
CREATE TABLE `tps_view` (
`id` int(10) unsigned
,`tps_name` varchar(255)
,`desa_id` int(10) unsigned
,`desa_name` varchar(255)
,`kec_id` int(10) unsigned
,`kecamatan_name` varchar(255)
,`kab_id` int(10) unsigned
,`kabupaten_name` varchar(255)
,`dapil_id` int(10) unsigned
);

-- --------------------------------------------------------

--
-- Table structure for table `users`
--

CREATE TABLE `users` (
  `id` int(10) UNSIGNED NOT NULL,
  `group_id` int(10) UNSIGNED NOT NULL,
  `tps_id` int(10) UNSIGNED DEFAULT NULL,
  `desa_id` int(10) UNSIGNED DEFAULT NULL,
  `nik` varchar(100) COLLATE utf8mb4_unicode_ci NOT NULL,
  `name` varchar(100) COLLATE utf8mb4_unicode_ci NOT NULL,
  `username` varchar(100) COLLATE utf8mb4_unicode_ci NOT NULL,
  `email` varchar(100) COLLATE utf8mb4_unicode_ci NOT NULL,
  `password` varchar(255) COLLATE utf8mb4_unicode_ci NOT NULL,
  `passmd5` varchar(255) COLLATE utf8mb4_unicode_ci NOT NULL,
  `avatar` varchar(255) COLLATE utf8mb4_unicode_ci DEFAULT NULL,
  `gender` varchar(255) COLLATE utf8mb4_unicode_ci DEFAULT NULL,
  `phone` varchar(255) COLLATE utf8mb4_unicode_ci DEFAULT NULL,
  `rt` varchar(255) COLLATE utf8mb4_unicode_ci DEFAULT NULL,
  `rw` varchar(255) COLLATE utf8mb4_unicode_ci DEFAULT NULL,
  `address` varchar(255) COLLATE utf8mb4_unicode_ci DEFAULT NULL,
  `facebook` varchar(255) COLLATE utf8mb4_unicode_ci DEFAULT NULL,
  `twitter` varchar(255) COLLATE utf8mb4_unicode_ci DEFAULT NULL,
  `google_plus` varchar(255) COLLATE utf8mb4_unicode_ci DEFAULT NULL,
  `linkedin` varchar(255) COLLATE utf8mb4_unicode_ci DEFAULT NULL,
  `about` text COLLATE utf8mb4_unicode_ci,
  `role` varchar(50) COLLATE utf8mb4_unicode_ci NOT NULL,
  `activation_status` tinyint(4) NOT NULL DEFAULT '0',
  `remember_token` varchar(100) COLLATE utf8mb4_unicode_ci DEFAULT NULL,
  `created_at` timestamp NULL DEFAULT NULL,
  `updated_at` timestamp NULL DEFAULT NULL
) ENGINE=InnoDB DEFAULT CHARSET=utf8mb4 COLLATE=utf8mb4_unicode_ci;

--
-- Dumping data for table `users`
--

INSERT INTO `users` (`id`, `group_id`, `tps_id`, `desa_id`, `nik`, `name`, `username`, `email`, `password`, `passmd5`, `avatar`, `gender`, `phone`, `rt`, `rw`, `address`, `facebook`, `twitter`, `google_plus`, `linkedin`, `about`, `role`, `activation_status`, `remember_token`, `created_at`, `updated_at`) VALUES
(1, 1, NULL, NULL, 'admin', 'admin', 'admin', 'admin@mail.com', '$2y$10$jMA6a5NcF0gjn2E8pfGoX.RJReSUsp0OTzXc8QF5VPCgxo2hSVhHy', '5ebe2294ecd0e0f08eab7690d2a6ee69', NULL, NULL, NULL, NULL, NULL, NULL, NULL, NULL, NULL, NULL, NULL, 'admin', 0, 'OfQiGYWCDdU4CxiyqFPdcObtaYfVL7r0BqUnVsOLAvubz6zfiCcPBd5phQ9I', NULL, NULL),
(2, 2, 2, 15445, '12345', 'test1', 'test1', 'test1@mail.com', '$2y$10$9dlAszILZBuqS9C2Q1H0QOJlkNg3C3ul1UtN/dmP/tqreUeGxqUGW', '327bc4e22b649d47c4546a3ec93f376b', '2.jpg', 'L', NULL, NULL, NULL, NULL, NULL, NULL, NULL, NULL, NULL, 'saksi', 1, NULL, '2019-01-17 14:42:30', '2019-01-17 14:42:31'),
(4, 2, 1, 15445, '12346', 'test2', 'test2', 'test2@mail.com', '$2y$10$9dlAszILZBuqS9C2Q1H0QOJlkNg3C3ul1UtN/dmP/tqreUeGxqUGW', '327bc4e22b649d47c4546a3ec93f376b', '2.jpg', 'L', NULL, NULL, NULL, NULL, NULL, NULL, NULL, NULL, NULL, 'saksi', 1, NULL, '2019-01-17 14:42:30', '2019-01-17 14:42:31'),
(6, 2, 3, 20185, '1234567890123456', 'Test App', 'TestApp', '1234567890123456@mail.com', '827ccb0eea8a706c4c34a16891f84e7b', '827ccb0eea8a706c4c34a16891f84e7b', '6.jpeg', 'L', '081219987377', '054', '04', 'Jl', NULL, NULL, NULL, NULL, NULL, 'saksi', 1, NULL, '2019-01-19 16:50:13', '2019-01-19 17:19:53'),
(18, 2, NULL, 20185, '3214010107760009', 'Zetro', 'Zetro', '3214010107760009@mail.com', 'd8578edf8458ce06fbc5bb76a58c5ca4', 'd8578edf8458ce06fbc5bb76a58c5ca4', NULL, NULL, '7377', '054', '04', 'Bji Z7', NULL, NULL, NULL, NULL, NULL, 'saksi', 0, NULL, '2019-01-22 02:34:18', NULL),
(22, 2, NULL, 20892, '3214070707880007', 'Nama Pengguns', 'Nama Pengguns', '3214070707880007@mail.com', 'd8578edf8458ce06fbc5bb76a58c5ca4', 'd8578edf8458ce06fbc5bb76a58c5ca4', NULL, NULL, '81288128812', '01', '01', 'Alamat', NULL, NULL, NULL, NULL, NULL, 'saksi', 0, NULL, '2019-01-22 06:52:08', NULL),
(23, 2, 5, 20037, '3214032802930004', 'Feby A.  Dzuhri', '3214032802930004', 'null@mail.com', '21232f297a57a5a743894a0e4a801fc3', '21232f297a57a5a743894a0e4a801fc3', NULL, 'L', '085722170064', '01', '04', 'jatiluhur', NULL, NULL, NULL, NULL, NULL, 'saksi', 1, NULL, '2019-01-23 23:17:18', '2019-01-23 22:24:25'),
(24, 2, 6, 20094, '3214053006830001', 'Hasim Arianto', '3214053006830001', 'hasyimarianto83@gmail.com', 'e91856ab6e46c5064e68bb6aa1ff8b36', 'e91856ab6e46c5064e68bb6aa1ff8b36', '24.jpg', 'L', '+6287726922991', '04', '02', 'Kp. Blok SD', NULL, NULL, NULL, NULL, NULL, 'saksi', 1, NULL, '2019-01-24 10:58:55', '2019-01-24 10:12:59');

-- --------------------------------------------------------

--
-- Stand-in structure for view `users_views`
-- (See below for the actual view)
--
CREATE TABLE `users_views` (
`id` int(10) unsigned
,`name` varchar(100)
,`tps_id` int(10) unsigned
,`activation_status` tinyint(4)
,`nik` varchar(100)
,`desa_id` int(10) unsigned
,`desa_name` varchar(255)
,`kecamatan_id` int(10) unsigned
,`kecamatan_name` varchar(255)
,`kabupaten_id` int(10) unsigned
,`kabupaten_name` varchar(255)
,`dapil_id` int(10) unsigned
,`dapil_name` varchar(255)
);

-- --------------------------------------------------------

--
-- Table structure for table `user_votes`
--

CREATE TABLE `user_votes` (
  `id` int(10) UNSIGNED NOT NULL,
  `caleg_id` int(10) UNSIGNED NOT NULL,
  `user_id` int(10) UNSIGNED NOT NULL,
  `score` int(11) NOT NULL,
  `user_coordinate` varchar(255) COLLATE utf8mb4_unicode_ci DEFAULT NULL,
  `created_at` timestamp NULL DEFAULT NULL,
  `updated_at` timestamp NULL DEFAULT NULL
) ENGINE=InnoDB DEFAULT CHARSET=utf8mb4 COLLATE=utf8mb4_unicode_ci;

--
-- Dumping data for table `user_votes`
--

INSERT INTO `user_votes` (`id`, `caleg_id`, `user_id`, `score`, `user_coordinate`, `created_at`, `updated_at`) VALUES
(49, 1, 6, 6, ',', NULL, NULL),
(56, 1, 23, 7, ',', NULL, NULL),
(57, 48, 6, 1, '-7.7675215,110.4518199', NULL, NULL),
(94, 49, 6, 1, ',', NULL, NULL),
(97, 50, 6, 3, ',', NULL, NULL),
(59, 69, 6, 12, ',', NULL, NULL),
(126, 69, 24, 2, '-6.5567741,107.4412041', NULL, NULL),
(61, 70, 6, 7, ',', NULL, NULL),
(125, 70, 24, 1, '-6.5567741,107.4412041', NULL, NULL),
(32, 71, 6, 1, ',', NULL, NULL),
(144, 71, 24, 3, '-6.5567741,107.4412041', NULL, NULL),
(105, 72, 6, 2, '-7.0051453,110.43812539999999', NULL, NULL),
(142, 72, 24, 2, '-6.5567741,107.4412041', NULL, NULL),
(102, 73, 6, 3, '-7.0051453,110.43812539999999', NULL, NULL),
(141, 73, 24, 3, '-6.5567741,107.4412041', NULL, NULL),
(98, 74, 6, 1, '-7.0051453,110.43812539999999', NULL, NULL),
(139, 74, 24, 2, '-6.5567741,107.4412041', NULL, NULL),
(99, 75, 6, 1, '-7.0051453,110.43812539999999', NULL, NULL),
(137, 75, 24, 3, '-6.5567741,107.4412041', NULL, NULL),
(108, 76, 6, 11, '-7.0051453,110.43812539999999', NULL, NULL),
(134, 76, 24, 5, '-6.5567741,107.4412041', NULL, NULL),
(152, 224, 24, 0, '-6.5567888,107.4412286', NULL, NULL),
(121, 251, 24, 5, '-6.5567741,107.4412041', NULL, NULL),
(122, 252, 24, 4, '-6.5567741,107.4412041', NULL, NULL),
(123, 253, 24, 1, '-6.5567741,107.4412041', NULL, NULL),
(124, 254, 24, 1, '-6.5567741,107.4412041', NULL, NULL);

-- --------------------------------------------------------

--
-- Table structure for table `user_votes_logs`
--

CREATE TABLE `user_votes_logs` (
  `id` int(11) UNSIGNED NOT NULL,
  `caleg_id` int(11) UNSIGNED NOT NULL,
  `user_id` int(11) UNSIGNED NOT NULL,
  `tps_id` int(11) NOT NULL,
  `votes` int(11) DEFAULT NULL,
  `latitude` varchar(50) DEFAULT NULL,
  `longitude` varchar(50) DEFAULT NULL,
  `created_at` timestamp NULL DEFAULT CURRENT_TIMESTAMP,
  `publication_status` int(11) DEFAULT '0'
) ENGINE=InnoDB DEFAULT CHARSET=utf8;

--
-- Dumping data for table `user_votes_logs`
--

INSERT INTO `user_votes_logs` (`id`, `caleg_id`, `user_id`, `tps_id`, `votes`, `latitude`, `longitude`, `created_at`, `publication_status`) VALUES
(1, 69, 6, 0, 1, '', '', '2019-01-22 04:02:14', 0),
(2, 71, 6, 0, 1, '', '', '2019-01-22 04:02:17', 0),
(3, 69, 6, 0, 1, '', '', '2019-01-22 04:02:26', 0),
(4, 69, 6, 0, 1, '', '', '2019-01-22 04:08:17', 0),
(5, 72, 6, 0, 1, '', '', '2019-01-22 04:09:47', 0),
(6, 73, 6, 0, 1, '', '', '2019-01-22 04:09:49', 0),
(7, 73, 6, 0, 1, '', '', '2019-01-22 04:09:50', 0),
(8, 73, 6, 0, 1, '', '', '2019-01-22 04:09:51', 0),
(9, 73, 6, 0, 1, '', '', '2019-01-22 04:09:53', 0),
(10, 69, 6, 0, 1, '', '', '2019-01-22 04:19:41', 0),
(11, 69, 6, 0, 1, '', '', '2019-01-22 04:19:44', 0),
(12, 70, 6, 0, 1, '', '', '2019-01-22 04:19:45', 0),
(13, 76, 6, 0, 1, '', '', '2019-01-22 04:19:49', 0),
(14, 76, 6, 0, 1, '', '', '2019-01-22 04:19:50', 0),
(15, 76, 6, 0, 1, '', '', '2019-01-22 04:19:51', 0),
(16, 76, 6, 0, 1, '', '', '2019-01-22 04:24:43', 0),
(17, 76, 6, 0, 1, '', '', '2019-01-22 04:24:44', 0),
(18, 76, 6, 0, 1, '', '', '2019-01-22 04:24:45', 0),
(19, 74, 6, 0, 1, '', '', '2019-01-22 04:25:10', 0),
(20, 69, 6, 0, 1, '', '', '2019-01-22 04:54:34', 0),
(21, 69, 6, 0, 1, '', '', '2019-01-22 04:54:51', 0),
(22, 75, 6, 0, 1, '', '', '2019-01-22 06:54:02', 0),
(23, 70, 6, 0, 1, '', '', '2019-01-22 07:05:30', 0),
(24, 70, 6, 0, 1, '', '', '2019-01-22 07:09:22', 0),
(25, 69, 6, 0, 1, '', '', '2019-01-22 07:12:04', 0),
(26, 69, 6, 0, 1, '', '', '2019-01-22 08:08:49', 0),
(27, 69, 6, 0, -1, '', '', '2019-01-22 08:10:24', 0),
(28, 69, 6, 0, 1, '', '', '2019-01-22 09:30:13', 0),
(29, 70, 6, 0, 1, '-7.765843800000001', '110.45601219999999', '2019-01-22 09:32:33', 0),
(30, 71, 6, 0, 1, '', '', '2019-01-23 00:45:08', 0),
(31, 69, 6, 0, -1, '', '', '2019-01-23 01:06:07', 0),
(32, 71, 6, 0, -1, '', '', '2019-01-23 01:14:30', 0),
(33, 72, 6, 0, -1, '', '', '2019-01-23 01:14:34', 0),
(34, 72, 6, 0, -1, '', '', '2019-01-23 01:14:35', 0),
(35, 73, 6, 0, -1, '', '', '2019-01-23 01:14:39', 0),
(36, 74, 6, 0, -1, '', '', '2019-01-23 01:14:46', 0),
(37, 75, 6, 0, -1, '', '', '2019-01-23 01:14:48', 0),
(38, 73, 6, 0, -1, '', '', '2019-01-23 01:15:00', 0),
(39, 73, 6, 0, -1, '', '', '2019-01-23 01:15:03', 0),
(40, 73, 6, 0, 1, '', '', '2019-01-23 01:15:31', 0),
(41, 69, 6, 0, 1, '-6.2087634', '106.84559899999999', '2019-01-23 06:54:44', 0),
(42, 69, 6, 4, 1, '-6.2087634', '106.84559899999999', '2019-01-23 07:50:41', 0),
(43, 70, 6, 4, 1, '-6.2087634', '106.84559899999999', '2019-01-23 09:26:28', 0),
(44, 1, 6, 0, 1, '', '', '2019-01-23 22:11:17', 0),
(45, 1, 6, 0, 1, '', '', '2019-01-23 22:11:18', 0),
(46, 1, 6, 0, 1, '', '', '2019-01-23 22:11:19', 0),
(47, 1, 6, 0, 1, '', '', '2019-01-23 22:16:45', 0),
(48, 1, 6, 0, 1, '', '', '2019-01-23 22:16:46', 0),
(49, 1, 6, 0, 1, '', '', '2019-01-23 22:16:51', 0),
(50, 1, 23, 0, 1, '', '', '2019-01-23 23:32:19', 0),
(51, 1, 23, 0, 1, '', '', '2019-01-23 23:32:20', 0),
(52, 1, 23, 0, 1, '', '', '2019-01-23 23:32:21', 0),
(53, 1, 23, 0, 1, '', '', '2019-01-23 23:32:22', 0),
(54, 1, 23, 0, 1, '', '', '2019-01-23 23:32:23', 0),
(55, 1, 23, 0, 1, '', '', '2019-01-23 23:32:24', 0),
(56, 1, 23, 0, 1, '', '', '2019-01-23 23:32:25', 0),
(57, 48, 6, 3, 1, '-7.7675215', '110.4518199', '2019-01-24 13:04:36', 0),
(58, 69, 6, 3, 1, '', '', '2019-01-24 13:07:09', 0),
(59, 69, 6, 3, 1, '', '', '2019-01-24 13:07:10', 0),
(60, 70, 6, 3, 1, '', '', '2019-01-24 13:07:12', 0),
(61, 70, 6, 3, 1, '', '', '2019-01-24 13:07:13', 0),
(62, 121, 23, 5, 1, '', '', '2019-01-24 13:17:03', -1),
(63, 121, 23, 5, 1, '', '', '2019-01-24 13:17:04', -1),
(64, 121, 23, 5, 1, '', '', '2019-01-24 13:17:05', -1),
(65, 121, 23, 5, 1, '', '', '2019-01-24 13:17:06', -1),
(66, 121, 23, 5, 1, '', '', '2019-01-24 13:17:07', -1),
(67, 121, 23, 5, 1, '', '', '2019-01-24 13:17:08', -1),
(68, 121, 23, 5, 89, '', '', '2019-01-24 13:17:14', -1),
(69, 121, 23, 5, 89, '', '', '2019-01-24 13:17:19', -1),
(70, 121, 23, 5, -1, '', '', '2019-01-24 13:17:21', -1),
(71, 121, 23, 5, 889, '', '', '2019-01-24 13:17:27', -1),
(72, 121, 23, 5, 889, '', '', '2019-01-24 13:17:28', -1),
(73, 121, 23, 5, 889, '', '', '2019-01-24 13:18:37', -1),
(74, 121, 23, 5, 889, '', '', '2019-01-24 13:18:38', 0),
(75, 121, 24, 6, 1, '-6.4397328', '107.4627995', '2019-01-24 13:19:21', -1),
(76, 121, 24, 6, 99, '-6.4397328', '107.4627995', '2019-01-24 13:19:53', -1),
(77, 121, 24, 6, 99, '-6.4397328', '107.4627995', '2019-01-24 13:19:54', -1),
(78, 121, 24, 6, 99, '-6.4397328', '107.4627995', '2019-01-24 13:19:55', 0),
(79, 121, 23, 5, 1, '', '', '2019-01-24 13:26:53', 0),
(80, 121, 23, 5, 1, '', '', '2019-01-24 13:27:05', 0),
(81, 121, 6, 3, 1, '-6.4397355', '107.4627974', '2019-01-24 13:29:07', -1),
(82, 121, 6, 3, 1, '-6.4397355', '107.4627974', '2019-01-24 13:29:08', -1),
(83, 121, 6, 3, 1, '-6.4397355', '107.4627974', '2019-01-24 13:29:18', -1),
(84, 121, 6, 3, 1, '-6.4397355', '107.4627974', '2019-01-24 13:29:19', -1),
(85, 121, 6, 3, 1, '-6.4397355', '107.4627974', '2019-01-24 13:29:20', -1),
(86, 121, 6, 3, 1, '-6.4397355', '107.4627974', '2019-01-24 13:29:21', -1),
(87, 121, 6, 3, 10, '-6.4397355', '107.4627974', '2019-01-24 13:29:44', 0),
(88, 121, 6, 3, 1, '-6.4397354', '107.4627978', '2019-01-24 16:31:16', 0),
(89, 121, 6, 3, 1, '-6.4397354', '107.4627978', '2019-01-24 16:31:17', 0),
(90, 49, 6, 3, 1, '', '', '2019-01-24 16:31:45', 0),
(91, 49, 6, 3, 1, '', '', '2019-01-24 16:31:46', 0),
(92, 49, 6, 3, 1, '', '', '2019-01-24 16:31:47', 0),
(93, 49, 6, 3, -1, '', '', '2019-01-24 16:31:48', 0),
(94, 49, 6, 3, -1, '', '', '2019-01-24 16:31:49', 0),
(95, 50, 6, 3, 1, '', '', '2019-01-24 16:31:50', 0),
(96, 50, 6, 3, 1, '', '', '2019-01-24 16:31:51', 0),
(97, 50, 6, 3, 1, '', '', '2019-01-24 16:31:52', 0),
(98, 74, 6, 3, 1, '-7.0051453', '110.43812539999999', '2019-01-24 17:44:25', 0),
(99, 75, 6, 3, 1, '-7.0051453', '110.43812539999999', '2019-01-24 17:44:26', 0),
(100, 76, 6, 3, 1, '-7.0051453', '110.43812539999999', '2019-01-24 17:44:28', 0),
(101, 76, 6, 3, 1, '-7.0051453', '110.43812539999999', '2019-01-24 17:44:29', 0),
(102, 73, 6, 3, 1, '-7.0051453', '110.43812539999999', '2019-01-24 17:44:32', 0),
(103, 72, 6, 3, 1, '-7.0051453', '110.43812539999999', '2019-01-24 17:44:33', 0),
(104, 72, 6, 3, 1, '-7.0051453', '110.43812539999999', '2019-01-24 17:44:35', 0),
(105, 72, 6, 3, 1, '-7.0051453', '110.43812539999999', '2019-01-24 17:44:36', 0),
(106, 76, 6, 3, 1, '-7.0051453', '110.43812539999999', '2019-01-24 17:44:44', 0),
(107, 76, 6, 3, 1, '-7.0051453', '110.43812539999999', '2019-01-24 17:44:46', 0),
(108, 76, 6, 3, 1, '-7.0051453', '110.43812539999999', '2019-01-24 17:44:48', 0),
(109, 69, 24, 6, 1, '-6.6115573', '107.410165', '2019-01-27 04:47:12', 0),
(110, 251, 24, 6, 1, '-6.5567971', '107.4412239', '2019-01-28 07:28:56', 0),
(111, 251, 24, 6, 1, '-6.5567971', '107.4412239', '2019-01-28 07:30:26', 0),
(112, 251, 24, 6, -1, '-6.5567971', '107.4412239', '2019-01-28 07:30:28', 0),
(113, 251, 24, 6, 1, '-6.5552709', '107.4412715', '2019-01-29 07:28:41', 0),
(114, 251, 24, 6, 1, '-6.5552709', '107.4412715', '2019-01-29 07:28:42', 0),
(115, 251, 24, 6, 1, '-6.5552709', '107.4412715', '2019-01-29 07:28:46', 0),
(116, 252, 24, 6, 1, '-6.5552709', '107.4412715', '2019-01-29 07:28:56', 0),
(117, 252, 24, 6, 1, '-6.5552709', '107.4412715', '2019-01-29 07:28:57', 0),
(118, 252, 24, 6, -1, '-6.5552709', '107.4412715', '2019-01-29 07:29:09', 0),
(119, 252, 24, 6, 1, '-6.5552709', '107.4412715', '2019-01-29 07:29:15', 0),
(120, 252, 24, 6, 1, '-6.5552709', '107.4412715', '2019-01-29 07:29:16', 0),
(121, 251, 24, 6, 1, '-6.5567741', '107.4412041', '2019-01-29 11:29:37', 0),
(122, 252, 24, 6, 1, '-6.5567741', '107.4412041', '2019-01-29 11:29:40', 0),
(123, 253, 24, 6, 1, '-6.5567741', '107.4412041', '2019-01-29 11:29:41', 0),
(124, 254, 24, 6, 1, '-6.5567741', '107.4412041', '2019-01-29 11:29:43', 0),
(125, 70, 24, 6, 1, '-6.5567741', '107.4412041', '2019-01-29 11:30:07', 0),
(126, 69, 24, 6, 1, '-6.5567741', '107.4412041', '2019-01-29 11:30:08', 0),
(127, 71, 24, 6, 1, '-6.5567741', '107.4412041', '2019-01-29 11:30:10', 0),
(128, 72, 24, 6, 1, '-6.5567741', '107.4412041', '2019-01-29 11:30:13', 0),
(129, 73, 24, 6, 1, '-6.5567741', '107.4412041', '2019-01-29 11:30:14', 0),
(130, 76, 24, 6, 1, '-6.5567741', '107.4412041', '2019-01-29 11:30:20', 0),
(131, 76, 24, 6, 1, '-6.5567741', '107.4412041', '2019-01-29 11:30:21', 0),
(132, 76, 24, 6, 1, '-6.5567741', '107.4412041', '2019-01-29 11:30:22', 0),
(133, 76, 24, 6, 1, '-6.5567741', '107.4412041', '2019-01-29 11:30:23', 0),
(134, 76, 24, 6, 1, '-6.5567741', '107.4412041', '2019-01-29 11:30:24', 0),
(135, 75, 24, 6, 1, '-6.5567741', '107.4412041', '2019-01-29 11:30:24', 0),
(136, 75, 24, 6, 1, '-6.5567741', '107.4412041', '2019-01-29 11:30:25', 0),
(137, 75, 24, 6, 1, '-6.5567741', '107.4412041', '2019-01-29 11:30:26', 0),
(138, 74, 24, 6, 1, '-6.5567741', '107.4412041', '2019-01-29 11:30:27', 0),
(139, 74, 24, 6, 1, '-6.5567741', '107.4412041', '2019-01-29 11:30:28', 0),
(140, 73, 24, 6, 1, '-6.5567741', '107.4412041', '2019-01-29 11:30:29', 0),
(141, 73, 24, 6, 1, '-6.5567741', '107.4412041', '2019-01-29 11:30:30', 0),
(142, 72, 24, 6, 1, '-6.5567741', '107.4412041', '2019-01-29 11:30:31', 0),
(143, 71, 24, 6, 1, '-6.5567741', '107.4412041', '2019-01-29 11:30:32', 0),
(144, 71, 24, 6, 1, '-6.5567741', '107.4412041', '2019-01-29 11:30:33', 0),
(145, 168, 24, 6, 1, '-6.5567777', '107.4412133', '2019-01-30 10:21:27', 0),
(146, 168, 24, 6, -1, '-6.5567777', '107.4412133', '2019-01-30 10:21:28', 0),
(147, 168, 24, 6, 1, '-6.5511865', '107.4438038', '2019-01-30 10:31:29', 0),
(148, 168, 24, 6, 1, '-6.5511865', '107.4438038', '2019-01-30 10:31:31', 0),
(149, 169, 24, 6, 1, '-6.5568049', '107.441193', '2019-01-30 13:00:19', 0),
(150, 169, 24, 6, 1, '-6.5568049', '107.441193', '2019-01-30 13:00:34', 0),
(151, 224, 24, 6, 1, '-6.5567888', '107.4412286', '2019-01-30 20:01:50', 0),
(152, 224, 24, 6, -1, '-6.5567888', '107.4412286', '2019-01-30 20:01:51', 0);

--
-- Triggers `user_votes_logs`
--
DELIMITER $$
CREATE TRIGGER `user_votes_logs_after_insert` AFTER INSERT ON `user_votes_logs` FOR EACH ROW BEGIN
	replace into user_votes (caleg_id,user_id,score,user_coordinate) values
	(NEW.caleg_id,NEW.user_id,(select sum(votes) from user_votes_logs where caleg_id=NEW.caleg_id and user_id=NEW.user_id),concat(NEW.latitude,',',NEW.longitude));
END
$$
DELIMITER ;

-- --------------------------------------------------------

--
-- Structure for view `tps_view`
--
DROP TABLE IF EXISTS `tps_view`;

CREATE ALGORITHM=UNDEFINED DEFINER=`bijb6689`@`localhost` SQL SECURITY DEFINER VIEW `tps_view`  AS  select `t`.`id` AS `id`,`t`.`tps_name` AS `tps_name`,`d`.`id` AS `desa_id`,`d`.`desa_name` AS `desa_name`,`k`.`id` AS `kec_id`,`k`.`kecamatan_name` AS `kecamatan_name`,`p`.`id` AS `kab_id`,`p`.`kabupaten_name` AS `kabupaten_name`,`p`.`dapil_id` AS `dapil_id` from (((`tps` `t` left join `desa` `d` on((`d`.`id` = `t`.`desa_id`))) left join `kecamatan` `k` on((`k`.`id` = `d`.`kecamatan_id`))) left join `kabupaten` `p` on((`p`.`id` = `k`.`kabupaten_id`))) ;

-- --------------------------------------------------------

--
-- Structure for view `users_views`
--
DROP TABLE IF EXISTS `users_views`;

CREATE ALGORITHM=UNDEFINED DEFINER=`bijb6689`@`localhost` SQL SECURITY DEFINER VIEW `users_views`  AS  select `u`.`id` AS `id`,`u`.`name` AS `name`,`u`.`tps_id` AS `tps_id`,`u`.`activation_status` AS `activation_status`,`u`.`nik` AS `nik`,`d`.`id` AS `desa_id`,`d`.`desa_name` AS `desa_name`,`d`.`kecamatan_id` AS `kecamatan_id`,`k`.`kecamatan_name` AS `kecamatan_name`,`k`.`kabupaten_id` AS `kabupaten_id`,`b`.`kabupaten_name` AS `kabupaten_name`,`b`.`dapil_id` AS `dapil_id`,`l`.`dapil_name` AS `dapil_name` from ((((`users` `u` left join `desa` `d` on((`d`.`id` = `u`.`desa_id`))) left join `kecamatan` `k` on((`k`.`id` = `d`.`kecamatan_id`))) left join `kabupaten` `b` on((`b`.`id` = `k`.`kabupaten_id`))) left join `dapil` `l` on((`l`.`id` = `b`.`dapil_id`))) where ((`u`.`activation_status` >= 0) and (length(`u`.`nik`) > 0)) ;

--
-- Indexes for dumped tables
--

--
-- Indexes for table `caleg`
--
ALTER TABLE `caleg`
  ADD PRIMARY KEY (`id`),
  ADD KEY `caleg_kabupaten_id_foreign` (`kabupaten_id`),
  ADD KEY `caleg_dapil_id_index` (`dapil_id`),
  ADD KEY `caleg_caleg_group_id_index` (`caleg_group_id`);

--
-- Indexes for table `caleg_groups`
--
ALTER TABLE `caleg_groups`
  ADD PRIMARY KEY (`id`);

--
-- Indexes for table `dapil`
--
ALTER TABLE `dapil`
  ADD PRIMARY KEY (`id`);

--
-- Indexes for table `desa`
--
ALTER TABLE `desa`
  ADD PRIMARY KEY (`id`),
  ADD KEY `desa_kecamatan_id_index` (`kecamatan_id`);

--
-- Indexes for table `groups`
--
ALTER TABLE `groups`
  ADD PRIMARY KEY (`id`);

--
-- Indexes for table `kabupaten`
--
ALTER TABLE `kabupaten`
  ADD PRIMARY KEY (`id`),
  ADD KEY `kabupaten_dapil_id_index` (`dapil_id`);

--
-- Indexes for table `kecamatan`
--
ALTER TABLE `kecamatan`
  ADD PRIMARY KEY (`id`),
  ADD KEY `kecamatan_kabupaten_id_index` (`kabupaten_id`);

--
-- Indexes for table `migrations`
--
ALTER TABLE `migrations`
  ADD PRIMARY KEY (`id`);

--
-- Indexes for table `oauth_access_tokens`
--
ALTER TABLE `oauth_access_tokens`
  ADD PRIMARY KEY (`id`),
  ADD KEY `oauth_access_tokens_user_id_index` (`user_id`);

--
-- Indexes for table `oauth_auth_codes`
--
ALTER TABLE `oauth_auth_codes`
  ADD PRIMARY KEY (`id`);

--
-- Indexes for table `oauth_clients`
--
ALTER TABLE `oauth_clients`
  ADD PRIMARY KEY (`id`),
  ADD KEY `oauth_clients_user_id_index` (`user_id`);

--
-- Indexes for table `oauth_personal_access_clients`
--
ALTER TABLE `oauth_personal_access_clients`
  ADD PRIMARY KEY (`id`),
  ADD KEY `oauth_personal_access_clients_client_id_index` (`client_id`);

--
-- Indexes for table `oauth_refresh_tokens`
--
ALTER TABLE `oauth_refresh_tokens`
  ADD PRIMARY KEY (`id`),
  ADD KEY `oauth_refresh_tokens_access_token_id_index` (`access_token_id`);

--
-- Indexes for table `parpol`
--
ALTER TABLE `parpol`
  ADD PRIMARY KEY (`id`);

--
-- Indexes for table `parpol_votes`
--
ALTER TABLE `parpol_votes`
  ADD PRIMARY KEY (`id`),
  ADD KEY `parpol_votes_parpol_id_foreign` (`parpol_id`),
  ADD KEY `parpol_votes_tps_id_foreign` (`tps_id`);

--
-- Indexes for table `password_resets`
--
ALTER TABLE `password_resets`
  ADD KEY `password_resets_email_index` (`email`);

--
-- Indexes for table `settings`
--
ALTER TABLE `settings`
  ADD PRIMARY KEY (`id`);

--
-- Indexes for table `tps`
--
ALTER TABLE `tps`
  ADD PRIMARY KEY (`id`),
  ADD KEY `tps_desa_id_index` (`desa_id`);

--
-- Indexes for table `users`
--
ALTER TABLE `users`
  ADD PRIMARY KEY (`id`),
  ADD UNIQUE KEY `users_nik_unique` (`nik`),
  ADD UNIQUE KEY `users_username_unique` (`username`),
  ADD UNIQUE KEY `users_email_unique` (`email`),
  ADD KEY `users_group_id_index` (`group_id`),
  ADD KEY `users_tps_id_index` (`tps_id`),
  ADD KEY `users_desa_id_index` (`desa_id`);

--
-- Indexes for table `user_votes`
--
ALTER TABLE `user_votes`
  ADD PRIMARY KEY (`caleg_id`,`user_id`) USING BTREE,
  ADD UNIQUE KEY `id` (`id`) USING BTREE,
  ADD KEY `user_votes_user_id_foreign` (`user_id`);

--
-- Indexes for table `user_votes_logs`
--
ALTER TABLE `user_votes_logs`
  ADD PRIMARY KEY (`id`),
  ADD UNIQUE KEY `id` (`id`);

--
-- AUTO_INCREMENT for dumped tables
--

--
-- AUTO_INCREMENT for table `caleg`
--
ALTER TABLE `caleg`
  MODIFY `id` int(10) UNSIGNED NOT NULL AUTO_INCREMENT, AUTO_INCREMENT=268;

--
-- AUTO_INCREMENT for table `caleg_groups`
--
ALTER TABLE `caleg_groups`
  MODIFY `id` int(10) UNSIGNED NOT NULL AUTO_INCREMENT, AUTO_INCREMENT=4;

--
-- AUTO_INCREMENT for table `dapil`
--
ALTER TABLE `dapil`
  MODIFY `id` int(10) UNSIGNED NOT NULL AUTO_INCREMENT, AUTO_INCREMENT=184;

--
-- AUTO_INCREMENT for table `desa`
--
ALTER TABLE `desa`
  MODIFY `id` int(10) UNSIGNED NOT NULL AUTO_INCREMENT, AUTO_INCREMENT=84258;

--
-- AUTO_INCREMENT for table `groups`
--
ALTER TABLE `groups`
  MODIFY `id` int(10) UNSIGNED NOT NULL AUTO_INCREMENT, AUTO_INCREMENT=3;

--
-- AUTO_INCREMENT for table `kabupaten`
--
ALTER TABLE `kabupaten`
  MODIFY `id` int(10) UNSIGNED NOT NULL AUTO_INCREMENT, AUTO_INCREMENT=458;

--
-- AUTO_INCREMENT for table `kecamatan`
--
ALTER TABLE `kecamatan`
  MODIFY `id` int(10) UNSIGNED NOT NULL AUTO_INCREMENT, AUTO_INCREMENT=5885;

--
-- AUTO_INCREMENT for table `migrations`
--
ALTER TABLE `migrations`
  MODIFY `id` int(10) UNSIGNED NOT NULL AUTO_INCREMENT, AUTO_INCREMENT=350;

--
-- AUTO_INCREMENT for table `oauth_clients`
--
ALTER TABLE `oauth_clients`
  MODIFY `id` int(10) UNSIGNED NOT NULL AUTO_INCREMENT;

--
-- AUTO_INCREMENT for table `oauth_personal_access_clients`
--
ALTER TABLE `oauth_personal_access_clients`
  MODIFY `id` int(10) UNSIGNED NOT NULL AUTO_INCREMENT;

--
-- AUTO_INCREMENT for table `parpol`
--
ALTER TABLE `parpol`
  MODIFY `id` int(10) UNSIGNED NOT NULL AUTO_INCREMENT, AUTO_INCREMENT=15;

--
-- AUTO_INCREMENT for table `parpol_votes`
--
ALTER TABLE `parpol_votes`
  MODIFY `id` int(10) UNSIGNED NOT NULL AUTO_INCREMENT;

--
-- AUTO_INCREMENT for table `settings`
--
ALTER TABLE `settings`
  MODIFY `id` int(10) UNSIGNED NOT NULL AUTO_INCREMENT, AUTO_INCREMENT=2;

--
-- AUTO_INCREMENT for table `tps`
--
ALTER TABLE `tps`
  MODIFY `id` int(10) UNSIGNED NOT NULL AUTO_INCREMENT, AUTO_INCREMENT=7;

--
-- AUTO_INCREMENT for table `users`
--
ALTER TABLE `users`
  MODIFY `id` int(10) UNSIGNED NOT NULL AUTO_INCREMENT, AUTO_INCREMENT=25;

--
-- AUTO_INCREMENT for table `user_votes`
--
ALTER TABLE `user_votes`
  MODIFY `id` int(10) UNSIGNED NOT NULL AUTO_INCREMENT, AUTO_INCREMENT=153;

--
-- AUTO_INCREMENT for table `user_votes_logs`
--
ALTER TABLE `user_votes_logs`
  MODIFY `id` int(11) UNSIGNED NOT NULL AUTO_INCREMENT, AUTO_INCREMENT=153;

--
-- Constraints for dumped tables
--

--
-- Constraints for table `caleg`
--
ALTER TABLE `caleg`
  ADD CONSTRAINT `caleg_caleg_group_id_foreign` FOREIGN KEY (`caleg_group_id`) REFERENCES `caleg_groups` (`id`) ON DELETE CASCADE,
  ADD CONSTRAINT `caleg_dapil_id_foreign` FOREIGN KEY (`dapil_id`) REFERENCES `dapil` (`id`) ON DELETE CASCADE,
  ADD CONSTRAINT `caleg_kabupaten_id_foreign` FOREIGN KEY (`kabupaten_id`) REFERENCES `kabupaten` (`id`) ON DELETE CASCADE;

--
-- Constraints for table `desa`
--
ALTER TABLE `desa`
  ADD CONSTRAINT `desa_kecamatan_id_foreign` FOREIGN KEY (`kecamatan_id`) REFERENCES `kecamatan` (`id`) ON DELETE CASCADE;

--
-- Constraints for table `kabupaten`
--
ALTER TABLE `kabupaten`
  ADD CONSTRAINT `kabupaten_dapil_id_foreign` FOREIGN KEY (`dapil_id`) REFERENCES `dapil` (`id`) ON DELETE CASCADE;

--
-- Constraints for table `kecamatan`
--
ALTER TABLE `kecamatan`
  ADD CONSTRAINT `kecamatan_kabupaten_id_foreign` FOREIGN KEY (`kabupaten_id`) REFERENCES `kabupaten` (`id`) ON DELETE CASCADE;

--
-- Constraints for table `parpol_votes`
--
ALTER TABLE `parpol_votes`
  ADD CONSTRAINT `parpol_votes_parpol_id_foreign` FOREIGN KEY (`parpol_id`) REFERENCES `parpol` (`id`) ON DELETE CASCADE,
  ADD CONSTRAINT `parpol_votes_tps_id_foreign` FOREIGN KEY (`tps_id`) REFERENCES `tps` (`id`) ON DELETE CASCADE;

--
-- Constraints for table `tps`
--
ALTER TABLE `tps`
  ADD CONSTRAINT `tps_desa_id_foreign` FOREIGN KEY (`desa_id`) REFERENCES `desa` (`id`) ON DELETE CASCADE;

--
-- Constraints for table `users`
--
ALTER TABLE `users`
  ADD CONSTRAINT `users_desa_id_foreign` FOREIGN KEY (`desa_id`) REFERENCES `desa` (`id`) ON DELETE CASCADE,
  ADD CONSTRAINT `users_group_id_foreign` FOREIGN KEY (`group_id`) REFERENCES `groups` (`id`) ON DELETE CASCADE,
  ADD CONSTRAINT `users_tps_id_foreign` FOREIGN KEY (`tps_id`) REFERENCES `tps` (`id`) ON DELETE CASCADE;

--
-- Constraints for table `user_votes`
--
ALTER TABLE `user_votes`
  ADD CONSTRAINT `user_votes_caleg_id_foreign` FOREIGN KEY (`caleg_id`) REFERENCES `caleg` (`id`) ON DELETE CASCADE,
  ADD CONSTRAINT `user_votes_user_id_foreign` FOREIGN KEY (`user_id`) REFERENCES `users` (`id`) ON DELETE CASCADE;
COMMIT;

/*!40101 SET CHARACTER_SET_CLIENT=@OLD_CHARACTER_SET_CLIENT */;
/*!40101 SET CHARACTER_SET_RESULTS=@OLD_CHARACTER_SET_RESULTS */;
/*!40101 SET COLLATION_CONNECTION=@OLD_COLLATION_CONNECTION */;
