-- phpMyAdmin SQL Dump
-- version 4.7.0
-- https://www.phpmyadmin.net/
--
-- Host: 127.0.0.1
-- Generation Time: Jan 18, 2019 at 04:31 AM
-- Server version: 10.1.26-MariaDB
-- PHP Version: 7.1.8

SET SQL_MODE = "NO_AUTO_VALUE_ON_ZERO";
SET AUTOCOMMIT = 0;
START TRANSACTION;
SET time_zone = "+00:00";


/*!40101 SET @OLD_CHARACTER_SET_CLIENT=@@CHARACTER_SET_CLIENT */;
/*!40101 SET @OLD_CHARACTER_SET_RESULTS=@@CHARACTER_SET_RESULTS */;
/*!40101 SET @OLD_COLLATION_CONNECTION=@@COLLATION_CONNECTION */;
/*!40101 SET NAMES utf8mb4 */;

--
-- Database: `kpu`
--

-- --------------------------------------------------------

--
-- Table structure for table `caleg`
--

CREATE TABLE `caleg` (
  `id` int(10) UNSIGNED NOT NULL,
  `dapil_id` int(10) UNSIGNED NOT NULL,
  `kabupaten_id` int(10) UNSIGNED NOT NULL,
  `caleg_group_id` int(10) UNSIGNED NOT NULL,
  `caleg_name` varchar(255) COLLATE utf8mb4_unicode_ci NOT NULL,
  `caleg_picture` varchar(255) COLLATE utf8mb4_unicode_ci DEFAULT NULL,
  `caleg_gender` varchar(255) COLLATE utf8mb4_unicode_ci DEFAULT NULL,
  `frame_color` varchar(255) COLLATE utf8mb4_unicode_ci NOT NULL,
  `caleg_nik` varchar(255) COLLATE utf8mb4_unicode_ci NOT NULL,
  `no_urut` int(11) NOT NULL,
  `publication_status` tinyint(4) NOT NULL DEFAULT '0',
  `created_at` timestamp NULL DEFAULT NULL,
  `updated_at` timestamp NULL DEFAULT NULL
) ENGINE=InnoDB DEFAULT CHARSET=utf8mb4 COLLATE=utf8mb4_unicode_ci;

--
-- Dumping data for table `caleg`
--

INSERT INTO `caleg` (`id`, `dapil_id`, `kabupaten_id`, `caleg_group_id`, `caleg_name`, `caleg_picture`, `caleg_gender`, `frame_color`, `caleg_nik`, `no_urut`, `publication_status`, `created_at`, `updated_at`) VALUES
(1, 1, 127, 2, 'H. ALI HASAN S.IP', 'DAPIL1_CALEG_1.PNG', 'L', 'FFED00', '1', 1, 1, NULL, NULL),
(2, 1, 127, 2, 'DEDEN Y. HIDAYAT MM', 'DAPIL1_CALEG_2.PNG', 'L', 'FFED00', '22222', 2, 1, NULL, '2019-01-17 13:31:14'),
(3, 1, 127, 2, 'A.K. TWISSJE INKIRIWANG', 'DAPIL1_CALEG_3.PNG', 'P', 'FFED00', '3', 1, 1, NULL, NULL),
(4, 1, 127, 2, 'R. DEBBY APRILIANY R.', 'DAPIL1_CALEG_4.PNG', 'P', 'FFED00', '4', 1, 1, NULL, NULL),
(5, 1, 127, 2, 'IMAM SYAFE\'I S.Pd', 'DAPIL1_CALEG_5.PNG', 'L', 'FFED00', '5', 1, 1, NULL, NULL),
(6, 1, 127, 2, 'Dr. ASEP KAMALUDDIN NASHIR	 S.Ag	 M.Si', 'DAPIL1_CALEG_6.PNG', 'L', 'FFED00', '6', 1, 1, NULL, NULL),
(7, 1, 127, 2, 'TOETI YANI MARLINA', 'DAPIL1_CALEG_7.PNG', 'P', 'FFED00', '7', 1, 1, NULL, NULL),
(8, 1, 127, 2, 'H. YAYAT SUPRIATNA	 SE	 MM', 'DAPIL1_CALEG_8.PNG', 'L', 'FFED00', '8', 1, 1, NULL, NULL),
(9, 2, 127, 2, 'H. CUCU SUGYATI	 SE	 MM', 'DAPIL2_CALEG_1.PNG', 'P', 'FFED00', '1', 1, 1, NULL, NULL),
(10, 2, 127, 2, 'ASEP SUPARMAN	 S.Pd', 'DAPIL2_CALEG_2.PNG', 'L', 'FFED00', '2', 1, 1, NULL, NULL),
(11, 2, 127, 2, 'YOGA SANTOSA	 SE', 'DAPIL2_CALEG_3.PNG', 'L', 'FFED00', '3', 1, 1, NULL, NULL),
(12, 2, 127, 2, 'H.M. DADANG SUPRIATNA	 S.Ip	 M.Si', 'DAPIL2_CALEG_4.PNG', 'L', 'FFED00', '4', 1, 1, NULL, NULL),
(13, 2, 127, 2, 'AHMAD HIDAYAT	 S.IKOM', 'DAPIL2_CALEG_5.PNG', 'L', 'FFED00', '5', 1, 1, NULL, NULL),
(14, 2, 127, 2, 'MAYANG ARUM SUNDA	 SE', 'DAPIL2_CALEG_6.PNG', 'P', 'FFED00', '6', 1, 1, NULL, NULL),
(15, 2, 127, 2, 'RUSLI NUR AL AZIZ	 MA', 'DAPIL2_CALEG_7.PNG', 'L', 'FFED00', '7', 1, 1, NULL, NULL),
(16, 2, 127, 2, 'Dra. HJ. EUIS RATNANINGSIH	 MM', 'DAPIL2_CALEG_8.PNG', 'P', 'FFED00', '8', 1, 1, NULL, NULL),
(17, 2, 127, 2, 'H. FERRI SANDIYANA	 SE	 MM', 'DAPIL2_CALEG_9.PNG', 'L', 'FFED00', '9', 1, 1, NULL, NULL),
(18, 2, 127, 2, 'WENDY IRAWAN	 S.Sy', 'DAPIL2_CALEG_10.PNG', 'L', 'FFED00', '1', 1, 1, NULL, NULL),
(19, 3, 127, 2, 'SUKIM NUR ARIF	 S.Ag', 'DAPIL3_CALEG_1.PNG', 'L', 'FFED00', '1', 1, 1, NULL, NULL),
(20, 3, 127, 2, 'TATI SUPRIATI IRWAN	 S.Sos', 'DAPIL3_CALEG_2.PNG', 'P', 'FFED00', '2', 1, 1, NULL, NULL),
(21, 3, 127, 2, 'EDI SURYADI	 S.Pd.I', 'DAPIL3_CALEG_3.PNG', 'L', 'FFED00', '3', 1, 1, NULL, NULL),
(22, 3, 127, 2, 'PRAMESTI DEWI	 SE', 'DAPIL3_CALEG_4.PNG', 'P', 'FFED00', '4', 1, 1, NULL, NULL),
(23, 4, 127, 2, 'Drs. H. ADE BARKAH SURAHMAN	 M.Si', 'DAPIL4_CALEG_1.PNG', 'L', 'FFED00', '1', 1, 1, NULL, NULL),
(24, 4, 127, 2, 'H. ODEN HARYADI	 SH	 MH', 'DAPIL4_CALEG_2.PNG', 'L', 'FFED00', '2', 1, 1, NULL, NULL),
(25, 4, 127, 2, 'HJ. YETTY HERYATI	 SH', 'DAPIL4_CALEG_3.PNG', 'P', 'FFED00', '3', 1, 1, NULL, NULL),
(26, 4, 127, 2, 'LESMANA ADITHIA	 SE', 'DAPIL4_CALEG_4.PNG', 'L', 'FFED00', '4', 1, 1, NULL, NULL),
(27, 4, 127, 2, 'AGUS NURJAMAN	 S.Pd.I', 'DAPIL4_CALEG_5.PNG', 'L', 'FFED00', '5', 1, 1, NULL, NULL),
(28, 4, 127, 2, 'HANA YULIANDANI	 S.Agr', 'DAPIL4_CALEG_6.PNG', 'P', 'FFED00', '6', 1, 1, NULL, NULL),
(29, 5, 127, 2, 'H. PHINERA WIJAYA	 SE', 'DAPIL5_CALEG_1.PNG', 'L', 'FFED00', '1', 1, 1, NULL, NULL),
(30, 5, 127, 2, 'PUPPY INDRIASARI', 'DAPIL5_CALEG_2.PNG', 'P', 'FFED00', '2', 1, 1, NULL, NULL),
(31, 5, 127, 2, 'HENDRA PERMANA	 S.Sos.MM', 'DAPIL5_CALEG_3.PNG', 'L', 'FFED00', '3', 1, 1, NULL, NULL),
(32, 5, 127, 2, 'NOVI NUR GAVITA SARI', 'DAPIL5_CALEG_4.PNG', 'P', 'FFED00', '4', 1, 1, NULL, NULL),
(33, 5, 127, 2, 'NURMANSYAH	 M.Sos', 'DAPIL5_CALEG_5.PNG', 'L', 'FFED00', '5', 1, 1, NULL, NULL),
(34, 5, 127, 2, 'LELEUNG KWAN BOEN LIONG', 'DAPIL5_CALEG_6.PNG', 'L', 'FFED00', '6', 1, 1, NULL, NULL),
(35, 5, 127, 2, 'Dr HASIAN HAMONANGAN MANIK', 'DAPIL5_CALEG_7.PNG', 'L', 'FFED00', '7', 1, 1, NULL, NULL),
(36, 5, 127, 2, 'FERI SRI ASTRINA	 SE	M.M', 'DAPIL5_CALEG_8.PNG', 'P', 'FFED00', '8', 1, 1, NULL, NULL),
(37, 6, 127, 2, 'H. KUSNADI	 S.IP', 'DAPIL6_CALEG_1.PNG', 'L', 'FFED00', '1', 1, 1, NULL, NULL),
(38, 6, 127, 2, 'SAMSUL HIDAYAT	 SH', 'DAPIL6_CALEG_2.PNG', 'L', 'FFED00', '2', 1, 1, NULL, NULL),
(39, 6, 127, 2, 'ASTRI REGINA KAMILA HATTA	 S.Sos	 B.A.Com.', 'DAPIL6_CALEG_3.PNG', 'P', 'FFED00', '3', 1, 1, NULL, NULL),
(40, 6, 127, 2, 'HIDAYAT ROYANI	 SH	MH', 'DAPIL6_CALEG_4.PNG', 'L', 'FFED00', '4', 1, 1, NULL, NULL),
(41, 6, 127, 2, 'SUDARMADI SULISTIYO	 SE', 'DAPIL6_CALEG_5.PNG', 'L', 'FFED00', '5', 1, 1, NULL, NULL),
(42, 6, 127, 2, 'ERLIN SARINTAN	 SE', 'DAPIL6_CALEG_6.PNG', 'P', 'FFED00', '6', 1, 1, NULL, NULL),
(43, 6, 127, 2, 'VAREZ AKBAR FADILLAH	 SH', 'DAPIL6_CALEG_7.PNG', 'L', 'FFED00', '7', 1, 1, NULL, NULL),
(44, 6, 127, 2, 'LICHA	 S.H', 'DAPIL6_CALEG_8.PNG', 'P', 'FFED00', '8', 1, 1, NULL, NULL),
(45, 6, 127, 2, 'NURHAYATI', 'DAPIL6_CALEG_9.PNG', 'P', 'FFED00', '9', 1, 1, NULL, NULL),
(46, 6, 127, 2, 'RIDWAN ABDUL GHANY	 S.Kom', 'DAPIL6_CALEG_10.PNG', 'L', 'FFED00', '1', 1, 1, NULL, NULL),
(47, 6, 127, 2, 'H. WAWAN NURMAWAN NURDIEN	 S.Th.I', 'DAPIL6_CALEG_11.PNG', 'L', 'FFED00', '1', 1, 1, NULL, NULL),
(48, 7, 127, 2, 'H. ATMADJA	 SE', 'DAPIL7_CALEG_1.PNG', 'L', 'FFED00', '1', 1, 1, NULL, NULL),
(49, 7, 127, 2, 'INTY DIENASARI	 STP.	 MM', 'DAPIL7_CALEG_2.PNG', 'P', 'FFED00', '2', 1, 1, NULL, NULL),
(50, 7, 127, 2, 'MOCHAMAD BENNINU ARGOEBIE	 SH', 'DAPIL7_CALEG_3.PNG', 'L', 'FFED00', '3', 1, 1, NULL, NULL),
(51, 8, 127, 2, 'DR FARABI EL FOUZ	 SPA. M.KES', 'DAPIL8_CALEG_1.PNG', 'L', 'FFED00', '1', 1, 1, NULL, NULL),
(52, 8, 127, 2, 'ADE PUSPITASARI	 S.Sos	 MBA', 'DAPIL8_CALEG_2.PNG', 'P', 'FFED00', '2', 1, 1, NULL, NULL),
(53, 8, 127, 2, 'MUSLIM JAYA BUTAR BUTAR	 SH. MH', 'DAPIL8_CALEG_3.PNG', 'L', 'FFED00', '3', 1, 1, NULL, NULL),
(54, 8, 127, 2, 'TRISNO GUNADI', 'DAPIL8_CALEG_4.PNG', 'L', 'FFED00', '4', 1, 1, NULL, NULL),
(55, 8, 127, 2, 'DR JEANNE NOVELINE TEDJA	 M.Si', 'DAPIL8_CALEG_5.PNG', 'P', 'FFED00', '5', 1, 1, NULL, NULL),
(56, 8, 127, 2, 'REZA ADITYA', 'DAPIL8_CALEG_6.PNG', 'L', 'FFED00', '6', 1, 1, NULL, NULL),
(57, 8, 127, 2, 'TANIA LAENA PUTRI	 B.SC', 'DAPIL8_CALEG_7.PNG', 'P', 'FFED00', '7', 1, 1, NULL, NULL),
(58, 8, 127, 2, 'MUHAMMAD IKHSAN NURDJAMIL', 'DAPIL8_CALEG_8.PNG', 'L', 'FFED00', '8', 1, 1, NULL, NULL),
(59, 8, 127, 2, 'HJ RATNA NURYANA	 SE', 'DAPIL8_CALEG_9.PNG', 'P', 'FFED00', '9', 1, 1, NULL, NULL),
(60, 8, 127, 2, 'H. RADEA RESPATI PARAMUDHITA	SH	MH	 SH	 MH', 'DAPIL8_CALEG_10.PNG', 'L', 'FFED00', '1', 1, 1, NULL, NULL),
(61, 8, 127, 2, 'MACHRUL FALAK HERMANSAH	 ST', 'DAPIL8_CALEG_11.PNG', 'L', 'FFED00', '1', 1, 1, NULL, NULL),
(62, 9, 127, 2, 'H. ALMAIDA ROSA PUTRA	 SE	 MM', 'DAPIL9_CALEG_1.PNG', 'L', 'FFED00', '1', 1, 1, NULL, NULL),
(63, 9, 127, 2, 'K.H IIP SARIP BUSTOMI	 SE	 M.Si', 'DAPIL9_CALEG_2.PNG', 'L', 'FFED00', '2', 1, 1, NULL, NULL),
(64, 9, 127, 2, 'MAYA KURNIASARI', 'DAPIL9_CALEG_3.PNG', 'P', 'FFED00', '3', 1, 1, NULL, NULL),
(65, 9, 127, 2, 'AGUS WIBOWO', 'DAPIL9_CALEG_4.PNG', 'L', 'FFED00', '4', 1, 1, NULL, NULL),
(66, 9, 127, 2, 'ADE SUKRON	 SHI.	 M. Si', 'DAPIL9_CALEG_5.PNG', 'L', 'FFED00', '5', 1, 1, NULL, NULL),
(67, 9, 127, 2, 'SITI FATONAH', 'DAPIL9_CALEG_6.PNG', 'P', 'FFED00', '6', 1, 1, NULL, NULL),
(68, 9, 127, 2, 'HJ ANAH HARYATI', 'DAPIL9_CALEG_7.PNG', 'P', 'FFED00', '7', 1, 1, NULL, NULL),
(69, 10, 127, 2, 'HJ. SRI RAHAYU AGUSTINA	 SH', 'DAPIL10_CALEG_1.PNG', 'P', 'FFED00', '1', 1, 1, NULL, NULL),
(70, 10, 127, 2, 'MESAKH SUPRIADI	 SE	 M.Si', 'DAPIL10_CALEG_2.PNG', 'L', 'FFED00', '2', 1, 1, NULL, NULL),
(71, 10, 127, 2, 'SARIF HIDAYAT	 S.Ag', 'DAPIL10_CALEG_3.PNG', 'L', 'FFED00', '3', 1, 1, NULL, NULL),
(72, 10, 127, 2, 'TRI RACHIDASARI	 S.IP', 'DAPIL10_CALEG_4.PNG', 'P', 'FFED00', '4', 1, 1, NULL, NULL),
(73, 10, 127, 2, 'YOYO YAHYA	 SH.', 'DAPIL10_CALEG_5.PNG', 'L', 'FFED00', '5', 1, 1, NULL, NULL),
(74, 10, 127, 2, 'H.M. WARMAN', 'DAPIL10_CALEG_6.PNG', 'L', 'FFED00', '6', 1, 1, NULL, NULL),
(75, 10, 127, 2, 'IYUS SURYANA	 S.Kom', 'DAPIL10_CALEG_7.PNG', 'L', 'FFED00', '7', 1, 1, NULL, NULL),
(76, 10, 127, 2, 'SENNY BUNYAMIN DUDIH	 S.Sos', 'DAPIL10_CALEG_8.PNG', 'P', 'FFED00', '8', 1, 1, NULL, NULL),
(77, 11, 127, 2, 'H.Y.UNTUNG		 S.Pd', 'DAPIL11_CALEG_1.PNG', 'L', 'FFED00', '1', 1, 1, NULL, NULL),
(78, 11, 127, 2, 'HJ DIAN KENCANA	 MPd. MM', 'DAPIL11_CALEG_2.PNG', 'P', 'FFED00', '2', 1, 1, NULL, NULL),
(79, 11, 127, 2, 'RUMANDA	 SH	 M.Si', 'DAPIL11_CALEG_3.PNG', 'L', 'FFED00', '3', 1, 1, NULL, NULL),
(80, 11, 127, 2, 'REYNALDY PUTRA ANDITA BUDI RAEMI', 'DAPIL11_CALEG_4.PNG', 'L', 'FFED00', '4', 1, 1, NULL, NULL),
(81, 11, 127, 2, 'ELSA HAERANI', 'DAPIL11_CALEG_5.PNG', 'P', 'FFED00', '5', 1, 1, NULL, NULL),
(82, 11, 127, 2, 'DADAN DANISWAN	 SE', 'DAPIL11_CALEG_6.PNG', 'L', 'FFED00', '6', 1, 1, NULL, NULL),
(83, 11, 127, 2, 'YOGI YAMAN SANTOSA', 'DAPIL11_CALEG_7.PNG', 'L', 'FFED00', '7', 1, 1, NULL, NULL),
(84, 11, 127, 2, 'IR H. BAYU JAYA	 MBA	 MSi', 'DAPIL11_CALEG_8.PNG', 'L', 'FFED00', '8', 1, 1, NULL, NULL),
(85, 11, 127, 2, 'MUTIA YUNIARNI', 'DAPIL11_CALEG_9.PNG', 'P', 'FFED00', '9', 1, 1, NULL, NULL),
(86, 11, 127, 2, 'IR. DENNY MARTIN SURYADI', 'DAPIL11_CALEG_10.PNG', 'L', 'FFED00', '1', 1, 1, NULL, NULL),
(87, 11, 127, 2, 'HJ RACHMAYANI DEWI	 SH.	 SP.N', 'DAPIL11_CALEG_11.PNG', 'P', 'FFED00', '1', 1, 1, NULL, NULL),
(88, 12, 127, 2, 'Drs H. ABDUL ROZAQ MUSLIM	 SH	 M.Si', 'DAPIL12_CALEG_1.PNG', 'L', 'FFED00', '1', 1, 1, NULL, NULL),
(89, 12, 127, 2, 'EDI MULYADI	 SE', 'DAPIL12_CALEG_2.PNG', 'L', 'FFED00', '2', 1, 1, NULL, NULL),
(90, 12, 127, 2, 'HJ. GANIWATI	 SH	 MM', 'DAPIL12_CALEG_3.PNG', 'P', 'FFED00', '3', 1, 1, NULL, NULL),
(91, 12, 127, 2, 'LILI ELIYAH	 SH	 MH', 'DAPIL12_CALEG_4.PNG', 'P', 'FFED00', '4', 1, 1, NULL, NULL),
(92, 12, 127, 2, 'KEMAS ILHAM AKBAR	 SH', 'DAPIL12_CALEG_5.PNG', 'L', 'FFED00', '5', 1, 1, NULL, NULL),
(93, 12, 127, 2, 'PANCA OCTAVIAN WIRAKUSUMAH	 SE', 'DAPIL12_CALEG_6.PNG', 'L', 'FFED00', '6', 1, 1, NULL, NULL),
(94, 12, 127, 2, 'ADESTY ROSTANTIA', 'DAPIL12_CALEG_7.PNG', 'P', 'FFED00', '7', 1, 1, NULL, NULL),
(95, 12, 127, 2, 'DR H. ABDUL TOLIB	 M.Pd', 'DAPIL12_CALEG_8.PNG', 'L', 'FFED00', '8', 1, 1, NULL, NULL),
(96, 12, 127, 2, 'HILAL HILMAWAN	 S.IP	 M.I.P', 'DAPIL12_CALEG_9.PNG', 'L', 'FFED00', '9', 1, 1, NULL, NULL),
(97, 12, 127, 2, 'ANANDA PUTRI ZULFIANTI', 'DAPIL12_CALEG_10.PNG', 'P', 'FFED00', '1', 1, 1, NULL, NULL),
(98, 12, 127, 2, 'ROMY ARIEF HIDAJAT	 SE', 'DAPIL12_CALEG_11.PNG', 'L', 'FFED00', '1', 1, 1, NULL, NULL),
(99, 12, 127, 2, 'YOGA RAHADIANSYAH	 SH', 'DAPIL12_CALEG_12.PNG', 'L', 'FFED00', '1', 1, 1, NULL, NULL),
(100, 13, 127, 2, 'DR. dr H. HERMAN SUTRISNO	 MM', 'DAPIL13_CALEG_1.PNG', 'L', 'FFED00', '1', 1, 1, NULL, NULL),
(101, 13, 127, 2, 'H. DUDY PAMUJI	 SE.	 M.Si.', 'DAPIL13_CALEG_2.PNG', 'L', 'FFED00', '2', 1, 1, NULL, NULL),
(102, 13, 127, 2, 'NENDEN NURHAYATI', 'DAPIL13_CALEG_3.PNG', 'P', 'FFED00', '3', 1, 1, NULL, NULL),
(103, 13, 127, 2, 'YADI KUSMAYADI	 SE', 'DAPIL13_CALEG_4.PNG', 'L', 'FFED00', '4', 1, 1, NULL, NULL),
(104, 13, 127, 2, 'H. ENGKON KOMARA', 'DAPIL13_CALEG_5.PNG', 'L', 'FFED00', '5', 1, 1, NULL, NULL),
(105, 13, 127, 2, 'HJ. LINA TARLINA	 SHI', 'DAPIL13_CALEG_6.PNG', 'P', 'FFED00', '6', 1, 1, NULL, NULL),
(106, 13, 127, 2, 'dr ERWIN MOCHAMAD THAMRIN', 'DAPIL13_CALEG_7.PNG', 'L', 'FFED00', '7', 1, 1, NULL, NULL),
(107, 13, 127, 2, 'ANI OKTAVIANI	 S.Pd', 'DAPIL13_CALEG_8.PNG', 'P', 'FFED00', '8', 1, 1, NULL, NULL),
(108, 14, 127, 2, 'H ADE GINANJAR	 S.SOS', 'DAPIL14_CALEG_1.PNG', 'L', 'FFED00', '1', 1, 1, NULL, NULL),
(109, 14, 127, 2, 'BUDDY ASMARA	 SE	 MM', 'DAPIL14_CALEG_2.PNG', 'L', 'FFED00', '2', 1, 1, NULL, NULL),
(110, 14, 127, 2, 'ANE ANWATI AL	 AMD', 'DAPIL14_CALEG_3.PNG', 'P', 'FFED00', '3', 1, 1, NULL, NULL),
(111, 14, 127, 2, 'DENI KOMARANSYAH	 SE', 'DAPIL14_CALEG_4.PNG', 'L', 'FFED00', '4', 1, 1, NULL, NULL),
(112, 14, 127, 2, 'TURHENDA KOMAR', 'DAPIL14_CALEG_5.PNG', 'L', 'FFED00', '5', 1, 1, NULL, NULL),
(113, 14, 127, 2, 'IDA ROSIDA', 'DAPIL14_CALEG_6.PNG', 'P', 'FFED00', '6', 1, 1, NULL, NULL),
(114, 15, 127, 2, 'Drs H. YOD MINTARAGA	 MPA', 'DAPIL15_CALEG_1.PNG', 'L', 'FFED00', '1', 1, 1, NULL, NULL),
(115, 15, 127, 2, 'HJ. TATI WIDARSIH	 SE', 'DAPIL15_CALEG_2.PNG', 'P', 'FFED00', '2', 1, 1, NULL, NULL),
(116, 15, 127, 2, 'RULIADI SURYADI	 SH', 'DAPIL15_CALEG_3.PNG', 'L', 'FFED00', '3', 1, 1, NULL, NULL),
(117, 15, 127, 2, 'dr ANAS SUNARSA KALYUBI', 'DAPIL15_CALEG_4.PNG', 'L', 'FFED00', '4', 1, 1, NULL, NULL),
(118, 15, 127, 2, 'HJ. NURLAELAWATI	 S	Sos	M.Si', 'DAPIL15_CALEG_5.PNG', 'P', 'FFED00', '5', 1, 1, NULL, NULL),
(119, 15, 127, 2, 'ANITA SUPARTINAH', 'DAPIL15_CALEG_6.PNG', 'P', 'FFED00', '6', 1, 1, NULL, '2019-01-18 02:26:31'),
(120, 15, 127, 2, 'REYRAYA RESPATI PARAMUDHITA', 'DAPIL15_CALEG_7.PNG', 'L', 'FFED00', '7', 1, 1, NULL, '2019-01-18 02:13:16');

-- --------------------------------------------------------

--
-- Table structure for table `caleg_groups`
--

CREATE TABLE `caleg_groups` (
  `id` int(10) UNSIGNED NOT NULL,
  `caleg_group_name` varchar(255) COLLATE utf8mb4_unicode_ci NOT NULL,
  `publication_status` tinyint(4) NOT NULL DEFAULT '0',
  `created_at` timestamp NULL DEFAULT NULL,
  `updated_at` timestamp NULL DEFAULT NULL
) ENGINE=InnoDB DEFAULT CHARSET=utf8mb4 COLLATE=utf8mb4_unicode_ci;

--
-- Dumping data for table `caleg_groups`
--

INSERT INTO `caleg_groups` (`id`, `caleg_group_name`, `publication_status`, `created_at`, `updated_at`) VALUES
(1, 'DPR', 1, NULL, NULL),
(2, 'DPRD 1', 1, NULL, NULL),
(3, 'DPRD 2', 1, NULL, NULL);

-- --------------------------------------------------------

--
-- Table structure for table `dapil`
--

CREATE TABLE `dapil` (
  `id` int(10) UNSIGNED NOT NULL,
  `dapil_name` varchar(255) COLLATE utf8mb4_unicode_ci NOT NULL,
  `publication_status` tinyint(4) NOT NULL DEFAULT '0',
  `created_at` timestamp NULL DEFAULT NULL,
  `updated_at` timestamp NULL DEFAULT NULL
) ENGINE=InnoDB DEFAULT CHARSET=utf8mb4 COLLATE=utf8mb4_unicode_ci;

--
-- Dumping data for table `dapil`
--

INSERT INTO `dapil` (`id`, `dapil_name`, `publication_status`, `created_at`, `updated_at`) VALUES
(1, 'Jawa Barat 1', 1, NULL, NULL),
(2, 'Jawa Barat 2', 1, NULL, NULL),
(3, 'Jawa Barat 3', 1, NULL, NULL),
(4, 'Jawa Barat 4', 1, NULL, NULL),
(5, 'Jawa Barat 5', 1, NULL, NULL),
(6, 'Jawa Barat 6', 1, NULL, NULL),
(7, 'Jawa Barat 7', 1, NULL, NULL),
(8, 'Jawa Barat 8', 1, NULL, NULL),
(9, 'Jawa Barat 9', 1, NULL, NULL),
(10, 'Jawa Barat 10', 1, NULL, NULL),
(11, 'Jawa Barat 11', 1, NULL, NULL),
(12, 'Jawa Barat 12', 1, NULL, NULL),
(13, 'Jawa Barat 13', 1, NULL, NULL),
(14, 'Jawa Barat 14', 1, NULL, NULL),
(15, 'Jawa Barat 15', 1, NULL, NULL),
(16, 'kosong', 0, NULL, NULL);

-- --------------------------------------------------------

--
-- Table structure for table `desa`
--

CREATE TABLE `desa` (
  `id` int(10) UNSIGNED NOT NULL,
  `kecamatan_id` int(10) UNSIGNED NOT NULL,
  `desa_name` varchar(255) COLLATE utf8mb4_unicode_ci NOT NULL,
  `publication_status` tinyint(4) NOT NULL DEFAULT '0',
  `created_at` timestamp NULL DEFAULT NULL,
  `updated_at` timestamp NULL DEFAULT NULL
) ENGINE=InnoDB DEFAULT CHARSET=utf8mb4 COLLATE=utf8mb4_unicode_ci;

--
-- Dumping data for table `desa`
--

INSERT INTO `desa` (`id`, `kecamatan_id`, `desa_name`, `publication_status`, `created_at`, `updated_at`) VALUES
(15445, 1198, 'Malasari', 1, NULL, NULL),
(15446, 1198, 'Bantar Karet', 1, NULL, NULL),
(15447, 1198, 'Cisarua', 1, NULL, NULL),
(15448, 1198, 'Curug Bitung', 1, NULL, NULL),
(15449, 1198, 'Nanggung', 1, NULL, NULL),
(15450, 1198, 'Pangkal Jaya', 1, NULL, NULL),
(15451, 1198, 'Sukaluyu', 1, NULL, NULL),
(15452, 1198, 'Hambaro', 1, NULL, NULL),
(15453, 1198, 'Kalong Liud', 1, NULL, NULL),
(15454, 1198, 'Parakan Muncang', 1, NULL, NULL),
(15455, 1199, 'Purasari', 1, NULL, NULL),
(15456, 1199, 'Puraseda', 1, NULL, NULL),
(15457, 1199, 'Karyasari', 1, NULL, NULL),
(15458, 1199, 'Pabangbon', 1, NULL, NULL),
(15459, 1199, 'Karacak', 1, NULL, NULL),
(15460, 1199, 'Barengkok', 1, NULL, NULL),
(15461, 1199, 'Cibeber Ii', 1, NULL, NULL),
(15470, 1199, 'Cibeber I', 1, NULL, NULL),
(15471, 1199, 'Leuwimekar', 1, NULL, NULL),
(15472, 1199, 'Leuwiliang', 1, NULL, NULL),
(15473, 1199, 'Karehkel', 1, NULL, NULL),
(15474, 1200, 'Cibunian', 1, NULL, NULL),
(15475, 1200, 'Purwabakti', 1, NULL, NULL),
(15476, 1200, 'Ciasmara', 1, NULL, NULL),
(15477, 1200, 'Ciasihan', 1, NULL, NULL),
(15478, 1200, 'Gunung Sari', 1, NULL, NULL),
(15479, 1200, 'Gunung Bunder 2', 1, NULL, NULL),
(15480, 1200, 'Gunung Bunder 1', 1, NULL, NULL),
(15481, 1200, 'Cibening', 1, NULL, NULL),
(15482, 1200, 'Gunung Picung', 1, NULL, NULL),
(15483, 1200, 'Cibitung Kulon', 1, NULL, NULL),
(15484, 1200, 'Cibitung Wetan', 1, NULL, NULL),
(15485, 1200, 'Pamijahan', 1, NULL, NULL),
(15486, 1200, 'Pasarean', 1, NULL, NULL),
(15487, 1200, 'Gunung Menyan', 1, NULL, NULL),
(15488, 1200, 'Cimayang', 1, NULL, NULL),
(15489, 1201, 'Situ Udik', 1, NULL, NULL),
(15490, 1201, 'Situ Ilir', 1, NULL, NULL),
(15491, 1201, 'Cibatok 2', 1, NULL, NULL),
(15492, 1201, 'Ciaruten Udik', 1, NULL, NULL),
(15493, 1201, 'Cibatok 1', 1, NULL, NULL),
(15494, 1201, 'Sukamaju', 1, NULL, NULL),
(15495, 1201, 'Cemplang', 1, NULL, NULL),
(15496, 1201, 'Galuga', 1, NULL, NULL),
(15497, 1201, 'Dukuh', 1, NULL, NULL),
(15498, 1201, 'Cimanggu 2', 1, NULL, NULL),
(15499, 1201, 'Cimanggu 1', 1, NULL, NULL),
(15500, 1201, 'Girimulya', 1, NULL, NULL),
(15501, 1201, 'Leuweung Kolot', 1, NULL, NULL),
(15502, 1201, 'Ciaruten Ilir', 1, NULL, NULL),
(15503, 1201, 'Cijujung', 1, NULL, NULL),
(15507, 1202, 'Ciampea Udik', 1, NULL, NULL),
(15511, 1202, 'Cinangka', 1, NULL, NULL),
(15512, 1202, 'Cibuntu', 1, NULL, NULL),
(15513, 1202, 'Cicadas', 1, NULL, NULL),
(15514, 1202, 'Tegal Waru', 1, NULL, NULL),
(15515, 1202, 'Bojong Jengkol', 1, NULL, NULL),
(15516, 1202, 'Cihideung Udik', 1, NULL, NULL),
(15517, 1202, 'Cihideung Ilir', 1, NULL, NULL),
(15518, 1202, 'Cibanteng', 1, NULL, NULL),
(15519, 1202, 'Bojong Rangkas', 1, NULL, NULL),
(15520, 1202, 'Cibadak', 1, NULL, NULL),
(15521, 1202, 'Benteng', 1, NULL, NULL),
(15522, 1202, 'Ciampea', 1, NULL, NULL),
(15523, 1203, 'Purwasari', 1, NULL, NULL),
(15524, 1203, 'Petir', 1, NULL, NULL),
(15525, 1203, 'Sukadamai', 1, NULL, NULL),
(15526, 1203, 'Sukawening', 1, NULL, NULL),
(15527, 1203, 'Neglasari', 1, NULL, NULL),
(15528, 1203, 'Sinar Sari', 1, NULL, NULL),
(15529, 1203, 'Ciherang', 1, NULL, NULL),
(15530, 1203, 'Dramaga', 1, NULL, NULL),
(15531, 1203, 'Babakan', 1, NULL, NULL),
(15532, 1203, 'Cikarawang', 1, NULL, NULL),
(15533, 1204, 'Kota Batu', 1, NULL, NULL),
(15534, 1204, 'Mekarjaya', 1, NULL, NULL),
(15535, 1204, 'Parakan', 1, NULL, NULL),
(15536, 1204, 'Ciomas', 1, NULL, NULL),
(15537, 1204, 'Pagelaran', 1, NULL, NULL),
(15538, 1204, 'Sukamakmur', 1, NULL, NULL),
(15539, 1204, 'Ciapus', 1, NULL, NULL),
(15540, 1204, 'Sukaharja', 1, NULL, NULL),
(15541, 1204, 'Padasuka', 1, NULL, NULL),
(15542, 1204, 'Ciomas Rahayu', 1, NULL, NULL),
(15543, 1204, 'Laladon', 1, NULL, NULL),
(15544, 1205, 'Sukajadi', 1, NULL, NULL),
(15545, 1205, 'Sukaluyu', 1, NULL, NULL),
(15546, 1205, 'Sukajaya', 1, NULL, NULL),
(15547, 1205, 'Sukaresmi', 1, NULL, NULL),
(15548, 1205, 'Pasir Eurih', 1, NULL, NULL),
(15549, 1205, 'Taman Sari', 1, NULL, NULL),
(15550, 1205, 'Sukamantri', 1, NULL, NULL),
(15551, 1205, 'Sirnagalih', 1, NULL, NULL),
(15561, 1206, 'Warung Menteng', 1, NULL, NULL),
(15562, 1206, 'Cijeruk', 1, NULL, NULL),
(15563, 1206, 'Cipelang', 1, NULL, NULL),
(15564, 1206, 'Cibalung', 1, NULL, NULL),
(15565, 1206, 'Cipicung', 1, NULL, NULL),
(15566, 1206, 'Tanjung Sari', 1, NULL, NULL),
(15567, 1206, 'Tajur Halang', 1, NULL, NULL),
(15568, 1206, 'Palasari', 1, NULL, NULL),
(15569, 1206, 'Sukaharja', 1, NULL, NULL),
(15570, 1207, 'Pasir Buncir', 1, NULL, NULL),
(15571, 1207, 'Cinagara', 1, NULL, NULL),
(15572, 1207, 'Tangkil', 1, NULL, NULL),
(15573, 1207, 'Pasir Muncang', 1, NULL, NULL),
(15574, 1207, 'Muara Jaya', 1, NULL, NULL),
(15575, 1207, 'Caringin', 1, NULL, NULL),
(15576, 1207, 'Lemah Duhur', 1, NULL, NULL),
(15577, 1207, 'Cimande', 1, NULL, NULL),
(15578, 1207, 'Pancawati', 1, NULL, NULL),
(15579, 1207, 'Ciderum', 1, NULL, NULL),
(15580, 1207, 'Ciherang Pondok', 1, NULL, NULL),
(15581, 1207, 'Cimande Hilir', 1, NULL, NULL),
(15582, 1208, 'Cileungsi', 1, NULL, NULL),
(15583, 1208, 'Citapen', 1, NULL, NULL),
(15584, 1208, 'Cibedug', 1, NULL, NULL),
(15585, 1208, 'Bojong Murni', 1, NULL, NULL),
(15586, 1208, 'Jambu Luwuk', 1, NULL, NULL),
(15587, 1208, 'Banjar Sari', 1, NULL, NULL),
(15588, 1208, 'Banjar Wangi', 1, NULL, NULL),
(15589, 1208, 'Bitung Sari', 1, NULL, NULL),
(15590, 1208, 'Teluk Pinang', 1, NULL, NULL),
(15591, 1208, 'Banjar Waru', 1, NULL, NULL),
(15592, 1208, 'Ciawi', 1, NULL, NULL),
(15593, 1208, 'Bendungan', 1, NULL, NULL),
(15594, 1208, 'Pandansari', 1, NULL, NULL),
(15595, 1209, 'Citeko', 1, NULL, NULL),
(15596, 1209, 'Cibeureum', 1, NULL, NULL),
(15597, 1209, 'Tugu Selatan', 1, NULL, NULL),
(15598, 1209, 'Tugu Utara', 1, NULL, NULL),
(15599, 1209, 'Batu Layang', 1, NULL, NULL),
(15600, 1209, 'Cisarua', 1, NULL, NULL),
(15601, 1209, 'Kopo', 1, NULL, NULL),
(15602, 1209, 'Leuwimalang', 1, NULL, NULL),
(15603, 1209, 'Jogjogan', 1, NULL, NULL),
(15604, 1209, 'Cilember', 1, NULL, NULL),
(15605, 1210, 'Sukaresmi', 1, NULL, NULL),
(15606, 1210, 'Sukagalih', 1, NULL, NULL),
(15607, 1210, 'Kuta', 1, NULL, NULL),
(15608, 1210, 'Sukakarya', 1, NULL, NULL),
(15609, 1210, 'Sukamanah', 1, NULL, NULL),
(15610, 1210, 'Sukamaju', 1, NULL, NULL),
(15611, 1210, 'Sukamahi', 1, NULL, NULL),
(15612, 1210, 'Gadog', 1, NULL, NULL),
(15613, 1210, 'Cipayung Datar', 1, NULL, NULL),
(15614, 1210, 'Cipayung Girang', 1, NULL, NULL),
(15615, 1210, 'Megamendung', 1, NULL, NULL),
(15616, 1211, 'Cibanon', 1, NULL, NULL),
(15617, 1211, 'Gunung Geulis', 1, NULL, NULL),
(15618, 1211, 'Nagrak', 1, NULL, NULL),
(15619, 1211, 'Sukatani', 1, NULL, NULL),
(15620, 1211, 'Sukaraja', 1, NULL, NULL),
(15621, 1211, 'Cikeas', 1, NULL, NULL),
(15622, 1211, 'Cadas Ngampar', 1, NULL, NULL),
(15623, 1211, 'Pasirlaja', 1, NULL, NULL),
(15624, 1211, 'Cijujung', 1, NULL, NULL),
(15625, 1211, 'Cimandala', 1, NULL, NULL),
(15626, 1211, 'Pasir Jambu', 1, NULL, NULL),
(15627, 1211, 'Cilebut Timur', 1, NULL, NULL),
(15628, 1211, 'Cilebut Barat', 1, NULL, NULL),
(15629, 1212, 'Cijayanti', 1, NULL, NULL),
(15630, 1212, 'Bojong Koneng', 1, NULL, NULL),
(15631, 1212, 'Karang Tengah', 1, NULL, NULL),
(15632, 1212, 'Sumur Batu', 1, NULL, NULL),
(15633, 1212, 'Babakan Madang', 1, NULL, NULL),
(15634, 1212, 'Citaringgul', 1, NULL, NULL),
(15635, 1212, 'Cipambuan', 1, NULL, NULL),
(15636, 1212, 'Kadumangu', 1, NULL, NULL),
(15637, 1212, 'Sentul', 1, NULL, NULL),
(15638, 1213, 'Sukawangi', 1, NULL, NULL),
(15639, 1213, 'Sukaharja', 1, NULL, NULL),
(15640, 1213, 'Wargajaya', 1, NULL, NULL),
(15641, 1213, 'Sirnajaya', 1, NULL, NULL),
(15642, 1213, 'Sukamulya', 1, NULL, NULL),
(15643, 1213, 'Sukamakmur', 1, NULL, NULL),
(15644, 1213, 'Cibadak', 1, NULL, NULL),
(15645, 1213, 'Pabuaran', 1, NULL, NULL),
(15646, 1213, 'Sukadamai', 1, NULL, NULL),
(15647, 1213, 'Sukaresmi', 1, NULL, NULL),
(15658, 1214, 'Karya Mekar', 1, NULL, NULL),
(15659, 1214, 'Bantar Kuning', 1, NULL, NULL),
(15660, 1214, 'Cikutamahi', 1, NULL, NULL),
(15661, 1214, 'Cibatu Tiga', 1, NULL, NULL),
(15662, 1214, 'Mekarwangi', 1, NULL, NULL),
(15663, 1214, 'Tegal Panjang', 1, NULL, NULL),
(15664, 1214, 'Cariu', 1, NULL, NULL),
(15665, 1214, 'Kuta Mekar', 1, NULL, NULL),
(15666, 1214, 'Sukajadi', 1, NULL, NULL),
(15667, 1214, 'Babakan Raden', 1, NULL, NULL),
(15668, 1215, 'Sukajaya', 1, NULL, NULL),
(15669, 1215, 'Sukanegara', 1, NULL, NULL),
(15670, 1215, 'Cibodas', 1, NULL, NULL),
(15671, 1215, 'Singasari', 1, NULL, NULL),
(15672, 1215, 'Singajaya', 1, NULL, NULL),
(15673, 1215, 'Sukasirna', 1, NULL, NULL),
(15674, 1215, 'Balekambang', 1, NULL, NULL),
(15675, 1215, 'Bendungan', 1, NULL, NULL),
(15676, 1215, 'Sirnagalih', 1, NULL, NULL),
(15677, 1215, 'Jonggol', 1, NULL, NULL),
(15678, 1215, 'Sukamaju', 1, NULL, NULL),
(15679, 1215, 'Sukamanah', 1, NULL, NULL),
(15680, 1215, 'Weninggalih', 1, NULL, NULL),
(15681, 1216, 'Dayeuh', 1, NULL, NULL),
(15682, 1216, 'Mampir', 1, NULL, NULL),
(15683, 1216, 'Setu Sari', 1, NULL, NULL),
(15684, 1216, 'Cipeucang', 1, NULL, NULL),
(15685, 1216, 'Jatisari', 1, NULL, NULL),
(15686, 1216, 'Gandoang', 1, NULL, NULL),
(15687, 1216, 'Mekarsari', 1, NULL, NULL),
(15688, 1216, 'Cileungsi Kidul', 1, NULL, NULL),
(15689, 1216, 'Cileungsi', 1, NULL, NULL),
(15690, 1216, 'Limus Nunggal', 1, NULL, NULL),
(15691, 1216, 'Pasir Angin', 1, NULL, NULL),
(15692, 1216, 'Cipenjo', 1, NULL, NULL),
(15693, 1217, 'Leuwikaret', 1, NULL, NULL),
(15694, 1217, 'Lulut', 1, NULL, NULL),
(15695, 1217, 'Bantar Jati', 1, NULL, NULL),
(15696, 1217, 'Nambo', 1, NULL, NULL),
(15697, 1217, 'Kembang Kuning', 1, NULL, NULL),
(15698, 1217, 'Kelapa Nunggal', 1, NULL, NULL),
(15699, 1217, 'Ligarmukti', 1, NULL, NULL),
(15700, 1217, 'Bojong', 1, NULL, NULL),
(15701, 1217, 'Cikahuripan', 1, NULL, NULL),
(15702, 1218, 'Karanggan', 1, NULL, NULL),
(15703, 1218, 'Gunung Putri', 1, NULL, NULL),
(15704, 1218, 'Tlajung Udik', 1, NULL, NULL),
(15705, 1218, 'Bojong Nangka', 1, NULL, NULL),
(15706, 1218, 'Cicadas', 1, NULL, NULL),
(15707, 1218, 'Wanaherang', 1, NULL, NULL),
(15708, 1218, 'Cikeas Udik', 1, NULL, NULL),
(15709, 1218, 'Nagrak', 1, NULL, NULL),
(15710, 1218, 'Ciangsana', 1, NULL, NULL),
(15711, 1218, 'Bojong Kulur', 1, NULL, NULL),
(15712, 1219, 'Tangkil', 1, NULL, NULL),
(15713, 1219, 'Hambalang', 1, NULL, NULL),
(15714, 1219, 'Tajur', 1, NULL, NULL),
(15715, 1219, 'Pasir Mukti', 1, NULL, NULL),
(15716, 1219, 'Sukahati', 1, NULL, NULL),
(15717, 1219, 'Leuwinutug', 1, NULL, NULL),
(15718, 1219, 'Sanja', 1, NULL, NULL),
(15719, 1219, 'Karang Asem Barat', 1, NULL, NULL),
(15720, 1219, 'Karang Asem Timur', 1, NULL, NULL),
(15721, 1219, 'Tarikolot', 1, NULL, NULL),
(15722, 1219, 'Gunung Sari', 1, NULL, NULL),
(15723, 1219, 'Citeureup', 1, NULL, NULL),
(15724, 1219, 'Puspanegara', 1, NULL, NULL),
(15725, 1219, 'Puspasari', 1, NULL, NULL),
(15726, 1220, 'Karadenan', 1, NULL, NULL),
(15727, 1220, 'Nanggewer', 1, NULL, NULL),
(15728, 1220, 'Nanggewer Mekar', 1, NULL, NULL),
(15729, 1220, 'Cibinong', 1, NULL, NULL),
(15730, 1220, 'Pakansari', 1, NULL, NULL),
(15731, 1220, 'Sukahati', 1, NULL, NULL),
(15732, 1220, 'Tengah', 1, NULL, NULL),
(15733, 1220, 'Pondok Rajeg', 1, NULL, NULL),
(15734, 1220, 'Harapan Jaya', 1, NULL, NULL),
(15735, 1220, 'Pabuaran', 1, NULL, NULL),
(15736, 1220, 'Cirimekar', 1, NULL, NULL),
(15737, 1220, 'Ciriung', 1, NULL, NULL),
(15739, 1221, 'Cimanggis', 1, NULL, NULL),
(15740, 1221, 'Waringin Jaya', 1, NULL, NULL),
(15741, 1221, 'Kedung Waringin', 1, NULL, NULL),
(15742, 1221, 'Bojong Gede', 1, NULL, NULL),
(15748, 1221, 'Susukan', 1, NULL, NULL),
(15749, 1221, 'Bojong Baru', 1, NULL, NULL),
(15750, 1221, 'Rawa Panjang', 1, NULL, NULL),
(15751, 1221, 'Pabuaran', 1, NULL, NULL),
(15752, 1221, 'Ragajaya', 1, NULL, NULL),
(15754, 1222, 'Semplak Barat', 1, NULL, NULL),
(15755, 1222, 'Atang Senjaya', 1, NULL, NULL),
(15756, 1222, 'Parakan Jaya', 1, NULL, NULL),
(15757, 1222, 'Bojong', 1, NULL, NULL),
(15758, 1222, 'Kemang', 1, NULL, NULL),
(15759, 1222, 'Pabuaran', 1, NULL, NULL),
(15760, 1222, 'Tegal', 1, NULL, NULL),
(15761, 1222, 'Pondok Udik', 1, NULL, NULL),
(15762, 1222, 'Jampang', 1, NULL, NULL),
(15763, 1223, 'Mekarsari', 1, NULL, NULL),
(15764, 1223, 'Ranca Bungur', 1, NULL, NULL),
(15765, 1223, 'Pasir Gaok', 1, NULL, NULL),
(15766, 1223, 'Bantarjaya', 1, NULL, NULL),
(15767, 1223, 'Bantar Sari', 1, NULL, NULL),
(15768, 1223, 'Candali', 1, NULL, NULL),
(15769, 1224, 'Iwul', 1, NULL, NULL),
(15770, 1224, 'Jabon Mekar', 1, NULL, NULL),
(15771, 1224, 'Pamager Sari', 1, NULL, NULL),
(15772, 1224, 'Parung', 1, NULL, NULL),
(15773, 1224, 'Waru', 1, NULL, NULL),
(15774, 1224, 'Warujaya', 1, NULL, NULL),
(15775, 1224, 'Bojong Sempu', 1, NULL, NULL),
(15776, 1224, 'Bojong Indah', 1, NULL, NULL),
(15777, 1224, 'Cogreg', 1, NULL, NULL),
(15778, 1225, 'Karihkil', 1, NULL, NULL),
(15779, 1225, 'Cibeuteung Udik', 1, NULL, NULL),
(15780, 1225, 'Babakan', 1, NULL, NULL),
(15781, 1225, 'Putat Nutug', 1, NULL, NULL),
(15782, 1225, 'Cibeuteung Muara', 1, NULL, NULL),
(15783, 1225, 'Cibentang', 1, NULL, NULL),
(15784, 1225, 'Parigi Mekar', 1, NULL, NULL),
(15785, 1225, 'Ciseeng', 1, NULL, NULL),
(15786, 1225, 'Cihowe', 1, NULL, NULL),
(15787, 1225, 'Kuripan', 1, NULL, NULL),
(15788, 1226, 'Jampang', 1, NULL, NULL),
(15789, 1226, 'Cibadung', 1, NULL, NULL),
(15790, 1226, 'Cibinong', 1, NULL, NULL),
(15791, 1226, 'Cidokom', 1, NULL, NULL),
(15792, 1226, 'Padurenan', 1, NULL, NULL),
(15793, 1226, 'Curug', 1, NULL, NULL),
(15794, 1226, 'Rawakalong', 1, NULL, NULL),
(15795, 1226, 'Pengasinan', 1, NULL, NULL),
(15796, 1226, 'Gunung Sindur', 1, NULL, NULL),
(15797, 1226, 'Pabuaran', 1, NULL, NULL),
(15798, 1227, 'Leuwibatu', 1, NULL, NULL),
(15799, 1227, 'Cidokom', 1, NULL, NULL),
(15800, 1227, 'Gobang', 1, NULL, NULL),
(15801, 1227, 'Rabak', 1, NULL, NULL),
(15802, 1227, 'Cibodas', 1, NULL, NULL),
(15803, 1227, 'Kampung Sawah', 1, NULL, NULL),
(15804, 1227, 'Rumpin', 1, NULL, NULL),
(15805, 1227, 'Cipinang', 1, NULL, NULL),
(15806, 1227, 'Sukasari', 1, NULL, NULL),
(15807, 1227, 'Kertajaya', 1, NULL, NULL),
(15808, 1227, 'Taman Sari', 1, NULL, NULL),
(15809, 1227, 'Sukamulya', 1, NULL, NULL),
(15810, 1227, 'Mekar Sari', 1, NULL, NULL),
(15811, 1228, 'Sukaraksa', 1, NULL, NULL),
(15812, 1228, 'Sukamaju', 1, NULL, NULL),
(15813, 1228, 'Cigudeg', 1, NULL, NULL),
(15814, 1228, 'Banyu Resmi', 1, NULL, NULL),
(15815, 1228, 'Wargajaya', 1, NULL, NULL),
(15816, 1228, 'Bunar', 1, NULL, NULL),
(15817, 1228, 'Mekarjaya', 1, NULL, NULL),
(15818, 1228, 'Cintamanik', 1, NULL, NULL),
(15819, 1228, 'Banyu Wangi', 1, NULL, NULL),
(15820, 1228, 'Banyu Asih', 1, NULL, NULL),
(15821, 1228, 'Tegalega', 1, NULL, NULL),
(15822, 1228, 'Batu Jajar', 1, NULL, NULL),
(15823, 1228, 'Rengasjajar', 1, NULL, NULL),
(15824, 1228, 'Bangunjaya', 1, NULL, NULL),
(15825, 1228, 'Argapura', 1, NULL, NULL),
(15826, 1229, 'Cisarua', 1, NULL, NULL),
(15827, 1229, 'Kiarasari', 1, NULL, NULL),
(15828, 1229, 'Kiarapandak', 1, NULL, NULL),
(15829, 1229, 'Harkatjaya', 1, NULL, NULL),
(15830, 1229, 'Sukajaya', 1, NULL, NULL),
(15831, 1229, 'Sipayung', 1, NULL, NULL),
(15832, 1229, 'Sukamulih', 1, NULL, NULL),
(15833, 1229, 'Pasir Madang', 1, NULL, NULL),
(15834, 1229, 'Cileuksa', 1, NULL, NULL),
(15835, 1230, 'Pangradin', 1, NULL, NULL),
(15836, 1230, 'Kalongsawah', 1, NULL, NULL),
(15837, 1230, 'Sipak', 1, NULL, NULL),
(15838, 1230, 'Pamagersari', 1, NULL, NULL),
(15839, 1230, 'Jugala Jaya', 1, NULL, NULL),
(15840, 1230, 'Curug', 1, NULL, NULL),
(15841, 1230, 'Tegal Wangi', 1, NULL, NULL),
(15842, 1230, 'Koleang', 1, NULL, NULL),
(15843, 1230, 'Jasinga', 1, NULL, NULL),
(15844, 1230, 'Setu', 1, NULL, NULL),
(15845, 1230, 'Cikopomayak', 1, NULL, NULL),
(15846, 1230, 'Neglasari', 1, NULL, NULL),
(15847, 1230, 'Bagoang', 1, NULL, NULL),
(15848, 1230, 'Barengkok', 1, NULL, NULL),
(15849, 1230, 'Pangaur', 1, NULL, NULL),
(15850, 1231, 'Ciomas', 1, NULL, NULL),
(15851, 1231, 'Tapos', 1, NULL, NULL),
(15852, 1231, 'Batok', 1, NULL, NULL),
(15853, 1231, 'Babakan', 1, NULL, NULL),
(15854, 1231, 'Bojong', 1, NULL, NULL),
(15855, 1231, 'Singabraja', 1, NULL, NULL),
(15856, 1231, 'Tenjo', 1, NULL, NULL),
(15857, 1231, 'Cilaku', 1, NULL, NULL),
(15858, 1231, 'Singabangsa', 1, NULL, NULL),
(15859, 1232, 'Jagabaya', 1, NULL, NULL),
(15860, 1232, 'Gorowong', 1, NULL, NULL),
(15861, 1232, 'Dago', 1, NULL, NULL),
(15862, 1232, 'Cikuda', 1, NULL, NULL),
(15863, 1232, 'Pingku', 1, NULL, NULL),
(15864, 1232, 'Lumpang', 1, NULL, NULL),
(15865, 1232, 'Gintung Cilejet', 1, NULL, NULL),
(15866, 1232, 'Jagabita', 1, NULL, NULL),
(15867, 1232, 'Cibunar', 1, NULL, NULL),
(15868, 1232, 'Parung Panjang', 1, NULL, NULL),
(15869, 1232, 'Kabasiran', 1, NULL, NULL),
(15870, 1233, 'Cibenda', 1, NULL, NULL),
(15871, 1233, 'Ciwaru', 1, NULL, NULL),
(15872, 1233, 'Tamanjaya', 1, NULL, NULL),
(15873, 1233, 'Mekarjaya', 1, NULL, NULL),
(15874, 1233, 'Ciemas', 1, NULL, NULL),
(15875, 1233, 'Girimukti', 1, NULL, NULL),
(15876, 1234, 'Gunungbatu', 1, NULL, NULL),
(15877, 1234, 'Cikangkung', 1, NULL, NULL),
(15878, 1234, 'Purwasedar', 1, NULL, NULL),
(15879, 1234, 'Ciracap', 1, NULL, NULL),
(15880, 1234, 'Pasirpanjang', 1, NULL, NULL),
(15881, 1235, 'Caringin Nunggal', 1, NULL, NULL),
(15882, 1235, 'Waluran', 1, NULL, NULL),
(15883, 1235, 'Sukamukti', 1, NULL, NULL),
(15884, 1236, 'Pasiripis', 1, NULL, NULL),
(15885, 1236, 'Buniwangi', 1, NULL, NULL),
(15886, 1236, 'Cipeundeuy', 1, NULL, NULL),
(15887, 1236, 'Gunung Sungging', 1, NULL, NULL),
(15888, 1236, 'Citanglar', 1, NULL, NULL),
(15889, 1236, 'Jagamukti', 1, NULL, NULL),
(15890, 1236, 'Surade', 1, NULL, NULL),
(15891, 1236, 'Kadaleman', 1, NULL, NULL),
(15892, 1236, 'Wanasari', 1, NULL, NULL),
(15893, 1236, 'Sirnasari', 1, NULL, NULL),
(15894, 1237, 'Cidahu', 1, NULL, NULL),
(15895, 1237, 'Cibitung', 1, NULL, NULL),
(15896, 1237, 'Banyuwangi', 1, NULL, NULL),
(15897, 1237, 'Cibodas', 1, NULL, NULL),
(15898, 1237, 'Banyumurni', 1, NULL, NULL),
(15899, 1237, 'Talagamurni', 1, NULL, NULL),
(15900, 1238, 'Ciparay', 1, NULL, NULL),
(15901, 1238, 'Bojong Genteng', 1, NULL, NULL),
(15902, 1238, 'Bojongsari', 1, NULL, NULL),
(15903, 1238, 'Mekarjaya', 1, NULL, NULL),
(15904, 1238, 'Nagraksari', 1, NULL, NULL),
(15905, 1238, 'Jampang Kulon', 1, NULL, NULL),
(15906, 1238, 'Tanjung', 1, NULL, NULL),
(15907, 1238, 'Padajaya', 1, NULL, NULL),
(15912, 1238, 'Cikarang', 1, NULL, NULL),
(15913, 1238, 'Karanganyar', 1, NULL, NULL),
(15914, 1239, 'Cimahpar', 1, NULL, NULL),
(15915, 1239, 'Sekarsari', 1, NULL, NULL),
(15916, 1239, 'Kalibunder', 1, NULL, NULL),
(15917, 1239, 'Sukaluyu', 1, NULL, NULL),
(15918, 1239, 'Bojong', 1, NULL, NULL),
(15919, 1239, 'Balekambang', 1, NULL, NULL),
(15920, 1240, 'Sumberjaya', 1, NULL, NULL),
(15921, 1240, 'Buniasih', 1, NULL, NULL),
(15922, 1240, 'Tegalbuleud', 1, NULL, NULL),
(15923, 1240, 'Calingcing', 1, NULL, NULL),
(15924, 1240, 'Rambay', 1, NULL, NULL),
(15925, 1240, 'Nangela', 1, NULL, NULL),
(15926, 1240, 'Bangbayang', 1, NULL, NULL),
(15927, 1241, 'Cidolog', 1, NULL, NULL),
(15928, 1241, 'Mekarjaya', 1, NULL, NULL),
(15929, 1241, 'Cikarang', 1, NULL, NULL),
(15930, 1241, 'Cipamingkis', 1, NULL, NULL),
(15931, 1241, 'Tegallega', 1, NULL, NULL),
(15932, 1242, 'Sinar Bentang', 1, NULL, NULL),
(15933, 1242, 'Gunung Bentang', 1, NULL, NULL),
(15934, 1242, 'Pasanggrahan', 1, NULL, NULL),
(15935, 1242, 'Curugluhur', 1, NULL, NULL),
(15936, 1242, 'Datarnangka', 1, NULL, NULL),
(15937, 1242, 'Sagaranten', 1, NULL, NULL),
(15938, 1242, 'Margaluyu', 1, NULL, NULL),
(15939, 1242, 'Cibitung', 1, NULL, NULL),
(15940, 1242, 'Hegarmanah', 1, NULL, NULL),
(15941, 1242, 'Cibaregbeg', 1, NULL, NULL),
(15942, 1242, 'Puncakmanggis', 1, NULL, NULL),
(15943, 1243, 'Hegarmulya', 1, NULL, NULL),
(15944, 1243, 'Cidadap', 1, NULL, NULL),
(15945, 1243, 'Padasenang', 1, NULL, NULL),
(15946, 1243, 'Banjarsari', 1, NULL, NULL),
(15947, 1244, 'Cimenteng', 1, NULL, NULL),
(15948, 1244, 'Curugkembar', 1, NULL, NULL),
(15949, 1244, 'Tanjungsari', 1, NULL, NULL),
(15950, 1244, 'Sindangraja', 1, NULL, NULL),
(15951, 1245, 'Sukajaya', 1, NULL, NULL),
(15952, 1245, 'Ciwalat', 1, NULL, NULL),
(15953, 1245, 'Pabuaran', 1, NULL, NULL),
(15954, 1245, 'Cibadak', 1, NULL, NULL),
(15955, 1245, 'Sirnasari', 1, NULL, NULL),
(15956, 1245, 'Bantarsari', 1, NULL, NULL),
(15957, 1246, 'Langkapjaya', 1, NULL, NULL),
(15958, 1246, 'Cilangkap', 1, NULL, NULL),
(15959, 1246, 'Lengkong', 1, NULL, NULL),
(15960, 1246, 'Tegallega', 1, NULL, NULL),
(15961, 1246, 'Neglasari', 1, NULL, NULL),
(15962, 1247, 'Citarik', 1, NULL, NULL),
(15963, 1247, 'Pelabuhanratu', 1, NULL, NULL),
(15964, 1247, 'Citepus', 1, NULL, NULL),
(15965, 1247, 'Cibodas', 1, NULL, NULL),
(15966, 1247, 'Buniwangi', 1, NULL, NULL),
(15967, 1247, 'Cikadu', 1, NULL, NULL),
(15968, 1247, 'Pasirsuren', 1, NULL, NULL),
(15969, 1247, 'Tonjong', 1, NULL, NULL),
(15970, 1248, 'Cihaur', 1, NULL, NULL),
(15971, 1248, 'Kertajaya', 1, NULL, NULL),
(15972, 1248, 'Loji', 1, NULL, NULL),
(15973, 1248, 'Cidadap', 1, NULL, NULL),
(15974, 1248, 'Cibuntu', 1, NULL, NULL),
(15975, 1248, 'Mekarasih', 1, NULL, NULL),
(15976, 1249, 'Hegarmanah', 1, NULL, NULL),
(15977, 1249, 'Bantarkalong', 1, NULL, NULL),
(15978, 1249, 'Sirnajaya', 1, NULL, NULL),
(15979, 1249, 'Bojongkerta', 1, NULL, NULL),
(15980, 1249, 'Ubrug', 1, NULL, NULL),
(15981, 1249, 'Girijaya', 1, NULL, NULL),
(15982, 1249, 'Warungkiara', 1, NULL, NULL),
(15983, 1250, 'Bantargebang', 1, NULL, NULL),
(15984, 1250, 'Bojonggaling', 1, NULL, NULL),
(15985, 1250, 'Bantargadung', 1, NULL, NULL),
(15986, 1250, 'Mangunjaya', 1, NULL, NULL),
(15987, 1250, 'Limusnunggal', 1, NULL, NULL),
(15988, 1251, 'Bantarpanjang', 1, NULL, NULL),
(15989, 1251, 'Bojongtipar', 1, NULL, NULL),
(15990, 1251, 'Cijulang', 1, NULL, NULL),
(15991, 1251, 'Nangerang', 1, NULL, NULL),
(15992, 1251, 'Bojong Jengkol', 1, NULL, NULL),
(15993, 1251, 'Bantar Agung', 1, NULL, NULL),
(15994, 1251, 'Jampang Tengah', 1, NULL, NULL),
(15995, 1251, 'Panumbangan', 1, NULL, NULL),
(15996, 1251, 'Sindangresmi', 1, NULL, NULL),
(15997, 1251, 'Tanjungsari', 1, NULL, NULL),
(15998, 1251, 'Padabeunghar', 1, NULL, NULL),
(15999, 1252, 'Neglasari', 1, NULL, NULL),
(16000, 1252, 'Cicukang', 1, NULL, NULL),
(16001, 1252, 'Margaluyu', 1, NULL, NULL),
(16002, 1252, 'Purabaya', 1, NULL, NULL),
(16003, 1252, 'Pagelaran', 1, NULL, NULL),
(16004, 1252, 'Citamiang', 1, NULL, NULL),
(16005, 1252, 'Cimerang', 1, NULL, NULL),
(16006, 1253, 'Sukamaju', 1, NULL, NULL),
(16007, 1253, 'Cibatu', 1, NULL, NULL),
(16008, 1253, 'Parakanlima', 1, NULL, NULL),
(16009, 1253, 'Kertaraharja', 1, NULL, NULL),
(16010, 1253, 'Bojong', 1, NULL, NULL),
(16011, 1253, 'Bojongkembar', 1, NULL, NULL),
(16012, 1253, 'Cikembar', 1, NULL, NULL),
(16013, 1253, 'Cimanggu', 1, NULL, NULL),
(16014, 1253, 'Sukamulya', 1, NULL, NULL),
(16015, 1254, 'Cisitu', 1, NULL, NULL),
(16016, 1254, 'Nyalindung', 1, NULL, NULL),
(16017, 1254, 'Kertaangsana', 1, NULL, NULL),
(16018, 1254, 'Mekarsari', 1, NULL, NULL),
(16019, 1254, 'Bojongkalong', 1, NULL, NULL),
(16020, 1254, 'Bojongsari', 1, NULL, NULL),
(16021, 1254, 'Sukamaju', 1, NULL, NULL),
(16022, 1254, 'Wangunreja', 1, NULL, NULL),
(16023, 1254, 'Neglasari', 1, NULL, NULL),
(16024, 1254, 'Cijangkar', 1, NULL, NULL),
(16025, 1255, 'Ciengang', 1, NULL, NULL),
(16026, 1255, 'Sukamanah', 1, NULL, NULL),
(16027, 1255, 'Gegerbitung', 1, NULL, NULL),
(16028, 1255, 'Cijurey', 1, NULL, NULL),
(16029, 1255, 'Karangjaya', 1, NULL, NULL),
(16030, 1255, 'Buniwangi', 1, NULL, NULL),
(16031, 1255, 'Caringin', 1, NULL, NULL),
(16032, 1256, 'Selawangi', 1, NULL, NULL),
(16033, 1256, 'Pasirhalang', 1, NULL, NULL),
(16034, 1256, 'Sukaraja', 1, NULL, NULL),
(16035, 1256, 'Sukamekar', 1, NULL, NULL),
(16036, 1256, 'Cisarua', 1, NULL, NULL),
(16037, 1256, 'Limbangan', 1, NULL, NULL),
(16038, 1256, 'Langensari', 1, NULL, NULL),
(16039, 1256, 'Selaawi', 1, NULL, NULL),
(16040, 1256, 'Margaluyu', 1, NULL, NULL),
(16041, 1257, 'Sasagaran', 1, NULL, NULL),
(16042, 1257, 'Jambenenggang', 1, NULL, NULL),
(16043, 1257, 'Cikaret', 1, NULL, NULL),
(16044, 1257, 'Kebonpedes', 1, NULL, NULL),
(16045, 1257, 'Bojongsawah', 1, NULL, NULL),
(16046, 1258, 'Cipurut', 1, NULL, NULL),
(16047, 1258, 'Cireunghas', 1, NULL, NULL),
(16048, 1258, 'Bencoy', 1, NULL, NULL),
(16049, 1258, 'Cikurutug', 1, NULL, NULL),
(16050, 1258, 'Tegalpanjang', 1, NULL, NULL),
(16051, 1259, 'Semplak', 1, NULL, NULL),
(16052, 1259, 'Prianganjaya', 1, NULL, NULL),
(16053, 1259, 'Titisan', 1, NULL, NULL),
(16054, 1259, 'Cimangkok', 1, NULL, NULL),
(16055, 1259, 'Sukalarang', 1, NULL, NULL),
(16056, 1259, 'Sukamaju', 1, NULL, NULL),
(16057, 1260, 'Parungseah', 1, NULL, NULL),
(16058, 1260, 'Warnasari', 1, NULL, NULL),
(16059, 1260, 'Sukajaya', 1, NULL, NULL),
(16060, 1260, 'Sudajaya Girang', 1, NULL, NULL),
(16061, 1260, 'Karawang', 1, NULL, NULL),
(16062, 1261, 'Muaradua', 1, NULL, NULL),
(16063, 1261, 'Citamiang', 1, NULL, NULL),
(16064, 1261, 'Cikahuripan', 1, NULL, NULL),
(16065, 1261, 'Sukamanis', 1, NULL, NULL),
(16066, 1261, 'Kadudampit', 1, NULL, NULL),
(16067, 1261, 'Gede Pangrango', 1, NULL, NULL),
(16068, 1261, 'Sukamaju', 1, NULL, NULL),
(16069, 1261, 'Cipetir', 1, NULL, NULL),
(16070, 1261, 'Undrus Binangun', 1, NULL, NULL),
(16071, 1262, 'Padaasih', 1, NULL, NULL),
(16072, 1262, 'Cisaat', 1, NULL, NULL),
(16073, 1262, 'Babakan', 1, NULL, NULL),
(16074, 1262, 'Sukamantri', 1, NULL, NULL),
(16075, 1262, 'Sukamanah', 1, NULL, NULL),
(16076, 1262, 'Nagrak', 1, NULL, NULL),
(16077, 1262, 'Cibatu', 1, NULL, NULL),
(16078, 1262, 'Cibolang Kaler', 1, NULL, NULL),
(16079, 1262, 'Kutasirna', 1, NULL, NULL),
(16080, 1262, 'Selajambe', 1, NULL, NULL),
(16081, 1262, 'Sukasari', 1, NULL, NULL),
(16082, 1262, 'Gunungjaya', 1, NULL, NULL),
(16083, 1262, 'Sukaresmi', 1, NULL, NULL),
(16084, 1263, 'Sirnaresmi', 1, NULL, NULL),
(16085, 1263, 'Kebonmanggu', 1, NULL, NULL),
(16086, 1263, 'Gunung Guruh', 1, NULL, NULL),
(16087, 1263, 'Cikujang', 1, NULL, NULL),
(16088, 1263, 'Cibentang', 1, NULL, NULL),
(16089, 1263, 'Cibolang', 1, NULL, NULL),
(16090, 1264, 'Neglasari', 1, NULL, NULL),
(16091, 1264, 'Tenjojaya', 1, NULL, NULL),
(16092, 1264, 'Sekarwangi', 1, NULL, NULL),
(16093, 1264, 'Batununggal', 1, NULL, NULL),
(16094, 1264, 'Karangtengah', 1, NULL, NULL),
(16095, 1264, 'Cibadak', 1, NULL, NULL),
(16096, 1264, 'Warnajati', 1, NULL, NULL),
(16097, 1264, 'Sukasirna', 1, NULL, NULL),
(16098, 1264, 'Pamuruyan', 1, NULL, NULL),
(16099, 1264, 'Ciheulang Tonggoh', 1, NULL, NULL),
(16100, 1265, 'Hegarmanah', 1, NULL, NULL),
(16101, 1265, 'Cicantayan', 1, NULL, NULL),
(16102, 1265, 'Cimahi', 1, NULL, NULL),
(16103, 1265, 'Cisande', 1, NULL, NULL),
(16104, 1265, 'Cijalingan', 1, NULL, NULL),
(16105, 1265, 'Lembursawah', 1, NULL, NULL),
(16106, 1266, 'Cijengkol', 1, NULL, NULL),
(16107, 1266, 'Mekarjaya', 1, NULL, NULL),
(16108, 1266, 'Talaga', 1, NULL, NULL),
(16109, 1266, 'Caringin Kulon', 1, NULL, NULL),
(16110, 1266, 'Caringin Wetan', 1, NULL, NULL),
(16111, 1266, 'Seuseupan', 1, NULL, NULL),
(16112, 1266, 'Sukamulya', 1, NULL, NULL),
(16113, 1266, 'Cikembang', 1, NULL, NULL),
(16114, 1267, 'Cisarua', 1, NULL, NULL),
(16115, 1267, 'Balekambang', 1, NULL, NULL),
(16116, 1267, 'Nagrak Selatan', 1, NULL, NULL),
(16117, 1267, 'Nagrak Utara', 1, NULL, NULL),
(16118, 1267, 'Kalaparea', 1, NULL, NULL),
(16119, 1267, 'Darmareja', 1, NULL, NULL),
(16120, 1267, 'Girijaya', 1, NULL, NULL),
(16121, 1267, 'Babakan Panjang', 1, NULL, NULL),
(16122, 1267, 'Pawenang', 1, NULL, NULL),
(16123, 1267, 'Cihanyawar', 1, NULL, NULL),
(16128, 1268, 'Mekarsari', 1, NULL, NULL),
(16129, 1268, 'Nyangkowek', 1, NULL, NULL),
(16130, 1268, 'Purwasari', 1, NULL, NULL),
(16131, 1268, 'Caringin', 1, NULL, NULL),
(16132, 1268, 'Bangbayang', 1, NULL, NULL),
(16133, 1268, 'Cisaat', 1, NULL, NULL),
(16134, 1268, 'Tenjolaya', 1, NULL, NULL),
(16135, 1268, 'Pasawahan', 1, NULL, NULL),
(16136, 1268, 'Cicurug', 1, NULL, NULL),
(16137, 1268, 'Nanggerang', 1, NULL, NULL),
(16138, 1268, 'Tenjoayu', 1, NULL, NULL),
(16139, 1268, 'Benda', 1, NULL, NULL),
(16140, 1268, 'Kutajaya', 1, NULL, NULL),
(16141, 1269, 'Pondok Kaso Tengah', 1, NULL, NULL),
(16142, 1269, 'Pasirdoton', 1, NULL, NULL),
(16143, 1269, 'Pondok Kaso Tonggoh', 1, NULL, NULL),
(16144, 1269, 'Babakan Pari', 1, NULL, NULL),
(16145, 1269, 'Tangkil', 1, NULL, NULL),
(16146, 1269, 'Jayabakti', 1, NULL, NULL),
(16147, 1269, 'Cidahu', 1, NULL, NULL),
(16148, 1269, 'Girijaya', 1, NULL, NULL),
(16149, 1270, 'Sukatani', 1, NULL, NULL),
(16150, 1270, 'Sukakersa', 1, NULL, NULL),
(16151, 1270, 'Bojonglongok', 1, NULL, NULL),
(16152, 1270, 'Bojongasih', 1, NULL, NULL),
(16153, 1270, 'Lebaksari', 1, NULL, NULL),
(16154, 1270, 'Parakansalak', 1, NULL, NULL),
(16155, 1271, 'Palasari Hilir', 1, NULL, NULL),
(16156, 1271, 'Sundawenang', 1, NULL, NULL),
(16157, 1271, 'Parungkuda', 1, NULL, NULL),
(16158, 1271, 'Langensari', 1, NULL, NULL),
(16159, 1271, 'Bojong Kokosan', 1, NULL, NULL),
(16160, 1271, 'Kompa', 1, NULL, NULL),
(16161, 1271, 'Pondok Kaso Landeuh', 1, NULL, NULL),
(16162, 1271, 'Babakanjaya', 1, NULL, NULL),
(16163, 1272, 'Berekah', 1, NULL, NULL),
(16164, 1272, 'Bojong Genteng', 1, NULL, NULL),
(16165, 1272, 'Bojong Galing', 1, NULL, NULL),
(16166, 1272, 'Cibodas', 1, NULL, NULL),
(16167, 1272, 'Cipanengah', 1, NULL, NULL),
(16168, 1273, 'Walangsari', 1, NULL, NULL),
(16169, 1273, 'Palasari Girang', 1, NULL, NULL),
(16170, 1273, 'Kalapanunggal', 1, NULL, NULL),
(16171, 1273, 'Kadununggal', 1, NULL, NULL),
(16172, 1273, 'Makasari', 1, NULL, NULL),
(16173, 1273, 'Gunung Endut', 1, NULL, NULL),
(16174, 1273, 'Pulosari', 1, NULL, NULL),
(16175, 1274, 'Sampora', 1, NULL, NULL),
(16176, 1274, 'Cijambe', 1, NULL, NULL),
(16177, 1274, 'Cikiray', 1, NULL, NULL),
(16178, 1274, 'Mekarnangka', 1, NULL, NULL),
(16179, 1274, 'Cikidang', 1, NULL, NULL),
(16180, 1274, 'Gunung Malang', 1, NULL, NULL),
(16181, 1274, 'Nangkakoneng', 1, NULL, NULL),
(16182, 1274, 'Pangkalan', 1, NULL, NULL),
(16183, 1274, 'Bumisari', 1, NULL, NULL),
(16184, 1274, 'Cicareuh', 1, NULL, NULL),
(16185, 1274, 'Tamansari', 1, NULL, NULL),
(16186, 1275, 'Pasirbaru', 1, NULL, NULL),
(16187, 1275, 'Cikahuripan', 1, NULL, NULL),
(16188, 1275, 'Cisolok', 1, NULL, NULL),
(16189, 1275, 'Karangpapak', 1, NULL, NULL),
(16190, 1275, 'Sirnaresmi', 1, NULL, NULL),
(16191, 1275, 'Cicadas', 1, NULL, NULL),
(16192, 1275, 'Cikelat', 1, NULL, NULL),
(16193, 1275, 'Gunung Kramat', 1, NULL, NULL),
(16194, 1275, 'Gunung Tanjung', 1, NULL, NULL),
(16195, 1275, 'Caringin', 1, NULL, NULL),
(16196, 1276, 'Cimaja', 1, NULL, NULL),
(16197, 1276, 'Cikakak', 1, NULL, NULL),
(16198, 1276, 'Sukamaju', 1, NULL, NULL),
(16199, 1276, 'Cileungsing', 1, NULL, NULL),
(16200, 1276, 'Ridogalih', 1, NULL, NULL),
(16201, 1276, 'Margalaksana', 1, NULL, NULL),
(16202, 1276, 'Sirnarasa', 1, NULL, NULL),
(16203, 1277, 'Mekarjaya', 1, NULL, NULL),
(16204, 1277, 'Tugubandung', 1, NULL, NULL),
(16205, 1277, 'Kabandungan', 1, NULL, NULL),
(16206, 1277, 'Cipeuteuy', 1, NULL, NULL),
(16207, 1277, 'Cihamerang', 1, NULL, NULL),
(16208, 1278, 'Sinarlaut', 1, NULL, NULL),
(16209, 1278, 'Bojongkaso', 1, NULL, NULL),
(16210, 1278, 'Sukamanah', 1, NULL, NULL),
(16211, 1278, 'Wanasari', 1, NULL, NULL),
(16212, 1278, 'Karangsari', 1, NULL, NULL),
(16213, 1278, 'Neglasari', 1, NULL, NULL),
(16214, 1278, 'Mulyasari', 1, NULL, NULL),
(16215, 1278, 'Bunisari', 1, NULL, NULL),
(16216, 1279, 'Pusakasari', 1, NULL, NULL),
(16217, 1279, 'Nagasari', 1, NULL, NULL),
(16218, 1279, 'Sukajaya', 1, NULL, NULL),
(16219, 1279, 'Sukamulya', 1, NULL, NULL),
(16220, 1279, 'Purabaya', 1, NULL, NULL),
(16221, 1279, 'Sukasirna', 1, NULL, NULL),
(16222, 1279, 'Walahir', 1, NULL, NULL),
(16223, 1279, 'Puncakwangi', 1, NULL, NULL),
(16224, 1279, 'Sirnasari', 1, NULL, NULL),
(16225, 1279, 'Karyamukti', 1, NULL, NULL),
(16226, 1279, 'Mandalawangi', 1, NULL, NULL),
(16227, 1280, 'Hegarsari', 1, NULL, NULL),
(16228, 1280, 'Jatisari', 1, NULL, NULL),
(16229, 1280, 'Kertasari', 1, NULL, NULL),
(16230, 1280, 'Talagasari', 1, NULL, NULL),
(16231, 1280, 'Sirnagalih', 1, NULL, NULL),
(16232, 1280, 'Saganten', 1, NULL, NULL),
(16233, 1280, 'Jayagiri', 1, NULL, NULL),
(16234, 1280, 'Muaracikadu', 1, NULL, NULL),
(16235, 1280, 'Girimukti', 1, NULL, NULL),
(16236, 1281, 'Karyabakti', 1, NULL, NULL),
(16237, 1281, 'Sukapura', 1, NULL, NULL),
(16238, 1281, 'Cisalak', 1, NULL, NULL),
(16239, 1281, 'Jayapura', 1, NULL, NULL),
(16240, 1281, 'Kertajadi', 1, NULL, NULL),
(16241, 1281, 'Cidamar', 1, NULL, NULL),
(16242, 1281, 'Karangwangi', 1, NULL, NULL),
(16243, 1281, 'Cimaragang', 1, NULL, NULL),
(16244, 1281, 'Gelarpawitan', 1, NULL, NULL),
(16245, 1281, 'Neglasari', 1, NULL, NULL),
(16246, 1281, 'Cibuluh', 1, NULL, NULL),
(16247, 1281, 'Puncakbaru', 1, NULL, NULL),
(16248, 1281, 'Mekarjaya', 1, NULL, NULL),
(16249, 1282, 'Cinerang', 1, NULL, NULL),
(16250, 1282, 'Wangunjaya', 1, NULL, NULL),
(16251, 1282, 'Mekarsari', 1, NULL, NULL),
(16252, 1282, 'Wangunsari', 1, NULL, NULL),
(16253, 1282, 'Malati', 1, NULL, NULL),
(16254, 1282, 'Sukamulya', 1, NULL, NULL),
(16255, 1282, 'Naringgul', 1, NULL, NULL),
(16256, 1282, 'Wanasari', 1, NULL, NULL),
(16257, 1282, 'Sukabakti', 1, NULL, NULL),
(16258, 1282, 'Balegede', 1, NULL, NULL),
(16259, 1283, 'Panyindangan', 1, NULL, NULL),
(16260, 1283, 'Wargaluyu', 1, NULL, NULL),
(16261, 1283, 'Hamerang', 1, NULL, NULL),
(16262, 1283, 'Pananggapan', 1, NULL, NULL),
(16263, 1283, 'Girijaya', 1, NULL, NULL),
(16264, 1283, 'Sukajadi', 1, NULL, NULL),
(16265, 1283, 'Sukamekar', 1, NULL, NULL),
(16266, 1283, 'Batulawang', 1, NULL, NULL),
(16267, 1283, 'Cikangkareng', 1, NULL, NULL),
(16268, 1283, 'Pamoyanan', 1, NULL, NULL),
(16269, 1283, 'Cimaskara', 1, NULL, NULL),
(16270, 1283, 'Padasuka', 1, NULL, NULL),
(16271, 1284, 'Padaluyu', 1, NULL, NULL),
(16272, 1284, 'Sukaluyu', 1, NULL, NULL),
(16273, 1284, 'Mekarlaksana', 1, NULL, NULL),
(16274, 1284, 'Cikadu', 1, NULL, NULL),
(16275, 1284, 'Kalapanunggal', 1, NULL, NULL),
(16276, 1284, 'Mekarwangi', 1, NULL, NULL),
(16277, 1284, 'Cisaranten', 1, NULL, NULL),
(16278, 1284, 'Sukamulya', 1, NULL, NULL),
(16279, 1285, 'Karangtengah', 1, NULL, NULL),
(16280, 1285, 'Rawagede', 1, NULL, NULL),
(16281, 1285, 'Sukajaya', 1, NULL, NULL),
(16282, 1285, 'Tanggeung', 1, NULL, NULL),
(16283, 1285, 'Kertajaya', 1, NULL, NULL),
(16284, 1285, 'Sirnajaya', 1, NULL, NULL),
(16285, 1285, 'Pasir Jambu', 1, NULL, NULL),
(16286, 1285, 'Cilongsong', 1, NULL, NULL),
(16287, 1285, 'Margaluyu', 1, NULL, NULL),
(16288, 1285, 'Pagermaneuh', 1, NULL, NULL),
(16289, 1285, 'Bojongpetir', 1, NULL, NULL),
(16290, 1285, 'Padaluyu', 1, NULL, NULL),
(16295, 1286, 'Pasirdalem', 1, NULL, NULL),
(16296, 1286, 'Sukaraja', 1, NULL, NULL),
(16297, 1286, 'Kadupandak', 1, NULL, NULL),
(16298, 1286, 'Talagasari', 1, NULL, NULL),
(16299, 1286, 'Neglasari', 1, NULL, NULL),
(16300, 1286, 'Sukakerta', 1, NULL, NULL),
(16301, 1286, 'Sukaraharja', 1, NULL, NULL),
(16302, 1286, 'Bojongkasih', 1, NULL, NULL),
(16303, 1286, 'Sukasari', 1, NULL, NULL),
(16304, 1286, 'Wargasari', 1, NULL, NULL),
(16305, 1286, 'Wargaasih', 1, NULL, NULL),
(16306, 1286, 'Sukaresmi', 1, NULL, NULL),
(16307, 1287, 'Padaasih', 1, NULL, NULL),
(16308, 1287, 'Sukaluyu', 1, NULL, NULL),
(16309, 1287, 'Sinarbakti', 1, NULL, NULL),
(16310, 1287, 'Bojonglarang', 1, NULL, NULL),
(16311, 1287, 'Sukamahi', 1, NULL, NULL),
(16312, 1287, 'Cijati', 1, NULL, NULL),
(16313, 1287, 'Cibodas', 1, NULL, NULL),
(16314, 1287, 'Caringin', 1, NULL, NULL),
(16315, 1287, 'Parakantugu', 1, NULL, NULL),
(16316, 1288, 'Waringinsari', 1, NULL, NULL),
(16317, 1288, 'Sukagalih', 1, NULL, NULL),
(16318, 1288, 'Simpang', 1, NULL, NULL),
(16319, 1288, 'Sindanghayu', 1, NULL, NULL),
(16320, 1288, 'Sindangresmi', 1, NULL, NULL),
(16321, 1288, 'Bungbangsari', 1, NULL, NULL),
(16322, 1288, 'Cisujen', 1, NULL, NULL),
(16323, 1288, 'Pasawahan', 1, NULL, NULL),
(16324, 1288, 'Hegarmanah', 1, NULL, NULL),
(16325, 1289, 'Jayagiri', 1, NULL, NULL),
(16326, 1289, 'Ciguha', 1, NULL, NULL),
(16327, 1289, 'Sukakarya', 1, NULL, NULL),
(16328, 1289, 'Sukarame', 1, NULL, NULL),
(16329, 1289, 'Sukalaksana', 1, NULL, NULL),
(16330, 1289, 'Sukanagara', 1, NULL, NULL),
(16331, 1289, 'Gunungsari', 1, NULL, NULL),
(16332, 1289, 'Sindangsari', 1, NULL, NULL),
(16333, 1289, 'Sukajembar', 1, NULL, NULL),
(16334, 1289, 'Sukamekar', 1, NULL, NULL),
(16335, 1290, 'Kertaraharja', 1, NULL, NULL),
(16336, 1290, 'Pagelaran', 1, NULL, NULL),
(16337, 1290, 'Padamaju', 1, NULL, NULL),
(16342, 1290, 'Buniwangi', 1, NULL, NULL),
(16343, 1290, 'Bunijaya', 1, NULL, NULL),
(16344, 1290, 'Pangadegan', 1, NULL, NULL),
(16345, 1290, 'Situhiang', 1, NULL, NULL),
(16346, 1290, 'Pasirbaru', 1, NULL, NULL),
(16347, 1290, 'Sindangkerta', 1, NULL, NULL),
(16348, 1290, 'Karangharja', 1, NULL, NULL),
(16349, 1290, 'Selagedang', 1, NULL, NULL),
(16350, 1290, 'Gelar Anyar', 1, NULL, NULL),
(16351, 1290, 'Mekarsari', 1, NULL, NULL),
(16352, 1291, 'Wangunjaya', 1, NULL, NULL),
(16353, 1291, 'Sukadana', 1, NULL, NULL),
(16354, 1291, 'Karyamukti', 1, NULL, NULL),
(16355, 1291, 'Cimenteng', 1, NULL, NULL),
(16356, 1291, 'Girimukti', 1, NULL, NULL),
(16357, 1291, 'Susukan', 1, NULL, NULL),
(16358, 1291, 'Sukajadi', 1, NULL, NULL),
(16359, 1291, 'Margaluyu', 1, NULL, NULL),
(16360, 1291, 'Mekarjaya', 1, NULL, NULL),
(16361, 1291, 'Cidadap', 1, NULL, NULL),
(16362, 1291, 'Campaka', 1, NULL, NULL),
(16363, 1292, 'Campakawarna', 1, NULL, NULL),
(16364, 1292, 'Campakamulya', 1, NULL, NULL),
(16365, 1292, 'Sukabungah', 1, NULL, NULL),
(16366, 1292, 'Cibanggala', 1, NULL, NULL),
(16367, 1292, 'Sukasirna', 1, NULL, NULL),
(16368, 1293, 'Cibokor', 1, NULL, NULL),
(16369, 1293, 'Kanoman', 1, NULL, NULL),
(16370, 1293, 'Cipetir', 1, NULL, NULL),
(16371, 1293, 'Cikondang', 1, NULL, NULL),
(16372, 1293, 'Cihaur', 1, NULL, NULL),
(16373, 1293, 'Sukamanah', 1, NULL, NULL),
(16374, 1293, 'Salagedang', 1, NULL, NULL),
(16375, 1293, 'Cibadak', 1, NULL, NULL),
(16376, 1293, 'Girimulya', 1, NULL, NULL),
(16377, 1293, 'Cimanggu', 1, NULL, NULL),
(16378, 1293, 'Cisalak', 1, NULL, NULL),
(16379, 1293, 'Mayak', 1, NULL, NULL),
(16380, 1293, 'Peuteuycondong', 1, NULL, NULL),
(16381, 1293, 'Sukaraharja', 1, NULL, NULL),
(16382, 1293, 'Sukamaju', 1, NULL, NULL),
(16383, 1293, 'Cibaregbeg', 1, NULL, NULL),
(16384, 1293, 'Karangnunggal', 1, NULL, NULL),
(16385, 1293, 'Salamnunggal', 1, NULL, NULL),
(16386, 1294, 'Cisarandi', 1, NULL, NULL),
(16387, 1294, 'Sukamulya', 1, NULL, NULL),
(16388, 1294, 'Cikaroya', 1, NULL, NULL),
(16389, 1294, 'Jambudipa', 1, NULL, NULL),
(16390, 1294, 'Mekarwangi', 1, NULL, NULL),
(16391, 1294, 'Tegallega', 1, NULL, NULL),
(16392, 1294, 'Bunikasih', 1, NULL, NULL),
(16393, 1294, 'Bunisari', 1, NULL, NULL),
(16394, 1294, 'Cieundeur', 1, NULL, NULL),
(16395, 1294, 'Ciwalen', 1, NULL, NULL),
(16396, 1294, 'Sukawangi', 1, NULL, NULL),
(16397, 1295, 'Cintaasih', 1, NULL, NULL),
(16398, 1295, 'Cikancana', 1, NULL, NULL),
(16399, 1295, 'Sukaratu', 1, NULL, NULL),
(16400, 1295, 'Bangbayang', 1, NULL, NULL),
(16401, 1295, 'Songgom', 1, NULL, NULL),
(16402, 1295, 'Cikahuripan', 1, NULL, NULL),
(16403, 1295, 'Gekbrong', 1, NULL, NULL),
(16404, 1295, 'Kebonpeuteuy', 1, NULL, NULL),
(16405, 1296, 'Sukasari', 1, NULL, NULL),
(16406, 1296, 'Sukakerta', 1, NULL, NULL),
(16407, 1296, 'Sindangsari', 1, NULL, NULL),
(16408, 1296, 'Mulyasari', 1, NULL, NULL),
(16409, 1296, 'Ciharashas', 1, NULL, NULL),
(16410, 1296, 'Cibinong Hilir', 1, NULL, NULL),
(16411, 1296, 'Sirnagalih', 1, NULL, NULL),
(16412, 1296, 'Rahong', 1, NULL, NULL),
(16413, 1296, 'Munjul', 1, NULL, NULL),
(16414, 1296, 'Rancagoong', 1, NULL, NULL),
(16415, 1297, 'Mekarjaya', 1, NULL, NULL),
(16416, 1297, 'Panyusuhan', 1, NULL, NULL),
(16417, 1297, 'Sukaluyu', 1, NULL, NULL),
(16418, 1297, 'Sukamulya', 1, NULL, NULL),
(16419, 1297, 'Babakansari', 1, NULL, NULL),
(16420, 1297, 'Tanjungsari', 1, NULL, NULL),
(16421, 1297, 'Selajambe', 1, NULL, NULL),
(16422, 1297, 'Hegarmanah', 1, NULL, NULL),
(16423, 1297, 'Sukasirna', 1, NULL, NULL),
(16424, 1297, 'Sindangraja', 1, NULL, NULL),
(16425, 1298, 'Sukarama', 1, NULL, NULL),
(16426, 1298, 'Sukajaya', 1, NULL, NULL),
(16427, 1298, 'Cikondang', 1, NULL, NULL),
(16428, 1298, 'Jatisari', 1, NULL, NULL),
(16429, 1298, 'Kemang', 1, NULL, NULL),
(16430, 1298, 'Cibarengkok', 1, NULL, NULL),
(16431, 1298, 'Jati', 1, NULL, NULL),
(16432, 1298, 'Bojongpicung', 1, NULL, NULL),
(16433, 1298, 'Sukaratu', 1, NULL, NULL),
(16436, 1298, 'Neglasari', 1, NULL, NULL),
(16437, 1298, 'Hegarmanah', 1, NULL, NULL),
(16444, 1299, 'Karangwangi', 1, NULL, NULL),
(16445, 1299, 'Gunungsari', 1, NULL, NULL),
(16446, 1299, 'Kertajaya', 1, NULL, NULL),
(16447, 1299, 'Sindangjaya', 1, NULL, NULL),
(16448, 1299, 'Sindangsari', 1, NULL, NULL),
(16449, 1299, 'Cibiuk', 1, NULL, NULL),
(16450, 1299, 'Mekargalih', 1, NULL, NULL),
(16451, 1299, 'Ciranjang', 1, NULL, NULL),
(16452, 1299, 'Nanggalamekar', 1, NULL, NULL),
(16453, 1300, 'Mekarjaya', 1, NULL, NULL),
(16454, 1300, 'Leuwikoja', 1, NULL, NULL),
(16455, 1300, 'Kutawaringin', 1, NULL, NULL),
(16456, 1300, 'Sukamanah', 1, NULL, NULL),
(16457, 1300, 'Ciandam', 1, NULL, NULL),
(16458, 1300, 'Jamali', 1, NULL, NULL),
(16459, 1300, 'Kademangan', 1, NULL, NULL),
(16460, 1300, 'Mulyasari', 1, NULL, NULL),
(16461, 1300, 'Bobojong', 1, NULL, NULL),
(16462, 1300, 'Cikidangbayabang', 1, NULL, NULL),
(16463, 1300, 'Murnisari', 1, NULL, NULL),
(16464, 1300, 'Mande', 1, NULL, NULL),
(16465, 1301, 'Sukamanah', 1, NULL, NULL),
(16466, 1301, 'Sindangasih', 1, NULL, NULL),
(16467, 1301, 'Langensari', 1, NULL, NULL),
(16468, 1301, 'Sukasari', 1, NULL, NULL),
(16469, 1301, 'Maleber', 1, NULL, NULL),
(16470, 1301, 'Sabandar', 1, NULL, NULL),
(16471, 1301, 'Bojong', 1, NULL, NULL),
(16472, 1301, 'Hegarmanah', 1, NULL, NULL),
(16473, 1301, 'Babakancaringin', 1, NULL, NULL),
(16474, 1301, 'Ciherang', 1, NULL, NULL),
(16475, 1301, 'Sukajadi', 1, NULL, NULL),
(16476, 1301, 'Sukasarana', 1, NULL, NULL),
(16477, 1301, 'Sukamantri', 1, NULL, NULL),
(16478, 1301, 'Sukamulya', 1, NULL, NULL),
(16479, 1301, 'Sindanglaka', 1, NULL, NULL),
(16480, 1301, 'Sukataris', 1, NULL, NULL),
(16481, 1302, 'Nagrak', 1, NULL, NULL),
(16482, 1302, 'Sukamaju', 1, NULL, NULL),
(16483, 1302, 'Sayang', 1, NULL, NULL),
(16484, 1302, 'Solokpandan', 1, NULL, NULL),
(16485, 1302, 'Muka', 1, NULL, NULL),
(16486, 1302, 'Bojongherang', 1, NULL, NULL),
(16487, 1302, 'Pamoyanan', 1, NULL, NULL),
(16488, 1302, 'Sawah Gede', 1, NULL, NULL),
(16489, 1302, 'Limbangan Sari', 1, NULL, NULL),
(16490, 1302, 'Mekarsari', 1, NULL, NULL),
(16491, 1302, 'Babakankaret', 1, NULL, NULL),
(16492, 1303, 'Padaluyu', 1, NULL, NULL),
(16493, 1303, 'Sukajaya', 1, NULL, NULL),
(16494, 1303, 'Cibulakan', 1, NULL, NULL),
(16495, 1303, 'Cirumput', 1, NULL, NULL),
(16496, 1303, 'Talaga', 1, NULL, NULL),
(16497, 1303, 'Benjot', 1, NULL, NULL),
(16498, 1303, 'Gasol', 1, NULL, NULL),
(16499, 1303, 'Sarampad', 1, NULL, NULL),
(16500, 1303, 'Mangunkerta', 1, NULL, NULL),
(16501, 1303, 'Sukamulya', 1, NULL, NULL),
(16502, 1303, 'Galudra', 1, NULL, NULL),
(16503, 1303, 'Nyalindung', 1, NULL, NULL),
(16504, 1303, 'Cibeureum', 1, NULL, NULL),
(16505, 1303, 'Cijedil', 1, NULL, NULL),
(16506, 1303, 'Sukamanah', 1, NULL, NULL),
(16507, 1303, 'Wangunjaya', 1, NULL, NULL),
(16508, 1304, 'Ciputri', 1, NULL, NULL),
(16509, 1304, 'Ciherang', 1, NULL, NULL),
(16510, 1304, 'Cipendawa', 1, NULL, NULL),
(16511, 1304, 'Cibodas', 1, NULL, NULL),
(16512, 1304, 'Gadog', 1, NULL, NULL),
(16514, 1304, 'Sukanagalih', 1, NULL, NULL),
(16515, 1305, 'Sindangjaya', 1, NULL, NULL),
(16516, 1305, 'Cipanas', 1, NULL, NULL),
(16517, 1305, 'Sindanglaya', 1, NULL, NULL),
(16518, 1305, 'Palasari', 1, NULL, NULL),
(16519, 1305, 'Cimacan', 1, NULL, NULL),
(16520, 1305, 'Ciloto', 1, NULL, NULL),
(16521, 1305, 'Batulawang', 1, NULL, NULL),
(16522, 1306, 'Pakuon', 1, NULL, NULL),
(16523, 1306, 'Cikanyere', 1, NULL, NULL),
(16524, 1306, 'Sukaresmi', 1, NULL, NULL),
(16525, 1306, 'Ciwalen', 1, NULL, NULL),
(16526, 1306, 'Kawungluwuk', 1, NULL, NULL),
(16527, 1306, 'Cibadak', 1, NULL, NULL),
(16528, 1306, 'Rawabelut', 1, NULL, NULL),
(16529, 1306, 'Cibanteng', 1, NULL, NULL),
(16530, 1306, 'Kubang', 1, NULL, NULL),
(16531, 1306, 'Sukamahi', 1, NULL, NULL),
(16532, 1306, 'Cikancana', 1, NULL, NULL),
(16533, 1307, 'Padajaya', 1, NULL, NULL),
(16534, 1307, 'Cinangsi', 1, NULL, NULL),
(16535, 1307, 'Mentengsari', 1, NULL, NULL),
(16536, 1307, 'Gudang', 1, NULL, NULL),
(16537, 1307, 'Sukagalih', 1, NULL, NULL),
(16538, 1307, 'Majalaya', 1, NULL, NULL),
(16539, 1307, 'Cijagang', 1, NULL, NULL),
(16540, 1307, 'Mekarjaya', 1, NULL, NULL),
(16541, 1307, 'Mekar Sari', 1, NULL, NULL),
(16542, 1307, 'Sukamulya', 1, NULL, NULL),
(16543, 1307, 'Mekargalih', 1, NULL, NULL),
(16544, 1307, 'Neglasari', 1, NULL, NULL),
(16545, 1307, 'Lembahsari', 1, NULL, NULL),
(16546, 1307, 'Warudoyong', 1, NULL, NULL),
(16547, 1307, 'Kamurang', 1, NULL, NULL),
(16548, 1307, 'Cirama Girang', 1, NULL, NULL),
(16549, 1307, 'Mekar Mulya', 1, NULL, NULL),
(16550, 1307, 'Cigunungherang', 1, NULL, NULL),
(16551, 1308, 'Nengkelan', 1, NULL, NULL),
(16552, 1308, 'Sukawening', 1, NULL, NULL),
(16558, 1309, 'Cipelah', 1, NULL, NULL),
(16559, 1309, 'Sukaresmi', 1, NULL, NULL),
(16560, 1309, 'Indragiri', 1, NULL, NULL),
(16561, 1309, 'Patengan', 1, NULL, NULL),
(16562, 1309, 'Alamendah', 1, NULL, NULL),
(16563, 1310, 'Sugihmukti', 1, NULL, NULL),
(16564, 1310, 'Margamulya', 1, NULL, NULL),
(16565, 1310, 'Tenjolaya', 1, NULL, NULL),
(16566, 1310, 'Cisondari', 1, NULL, NULL),
(16567, 1310, 'Mekarsari', 1, NULL, NULL),
(16568, 1310, 'Cibodas', 1, NULL, NULL),
(16569, 1310, 'Cukanggenteng', 1, NULL, NULL),
(16570, 1310, 'Pasirjambu', 1, NULL, NULL),
(16571, 1310, 'Mekarmaju', 1, NULL, NULL),
(16572, 1310, 'Cikoneng', 1, NULL, NULL),
(16573, 1311, 'Cikalong', 1, NULL, NULL),
(16574, 1311, 'Mekarsari', 1, NULL, NULL),
(16575, 1311, 'Cipinang', 1, NULL, NULL),
(16576, 1311, 'Cimaung', 1, NULL, NULL),
(16577, 1311, 'Campakamulya', 1, NULL, NULL),
(16578, 1311, 'Pasirhuni', 1, NULL, NULL),
(16579, 1311, 'Jagabaya', 1, NULL, NULL),
(16580, 1311, 'Malasari', 1, NULL, NULL),
(16581, 1311, 'Sukamaju', 1, NULL, NULL),
(16582, 1312, 'Wanasuka', 1, NULL, NULL),
(16583, 1312, 'Banjarsari', 1, NULL, NULL),
(16584, 1312, 'Margaluyu', 1, NULL, NULL),
(16585, 1312, 'Sukaluyu', 1, NULL, NULL),
(16586, 1312, 'Warnasari', 1, NULL, NULL),
(16587, 1312, 'Pulosari', 1, NULL, NULL),
(16588, 1312, 'Margamekar', 1, NULL, NULL),
(16589, 1312, 'Sukamanah', 1, NULL, NULL),
(16590, 1312, 'Margamukti', 1, NULL, NULL),
(16591, 1312, 'Pangalengan', 1, NULL, NULL),
(16592, 1312, 'Margamulya', 1, NULL, NULL),
(16593, 1312, 'Tribaktimulya', 1, NULL, NULL),
(16594, 1312, 'Lamajang', 1, NULL, NULL),
(16595, 1313, 'Neglawangi', 1, NULL, NULL),
(16596, 1313, 'Santosa', 1, NULL, NULL),
(16597, 1313, 'Tarumajaya', 1, NULL, NULL),
(16598, 1313, 'Cikembang', 1, NULL, NULL),
(16599, 1313, 'Cibeureum', 1, NULL, NULL),
(16600, 1313, 'Cihawuk', 1, NULL, NULL),
(16601, 1313, 'Sukapura', 1, NULL, NULL),
(16602, 1314, 'Cikitu', 1, NULL, NULL),
(16603, 1314, 'Girimulya', 1, NULL, NULL),
(16604, 1314, 'Sukarame', 1, NULL, NULL),
(16605, 1314, 'Cikawao', 1, NULL, NULL),
(16606, 1314, 'Nagrak', 1, NULL, NULL),
(16607, 1314, 'Mandalahaji', 1, NULL, NULL),
(16608, 1314, 'Maruyung', 1, NULL, NULL),
(16609, 1314, 'Pangauban', 1, NULL, NULL),
(16610, 1314, 'Cinanggela', 1, NULL, NULL),
(16611, 1314, 'Mekarjaya', 1, NULL, NULL),
(16612, 1314, 'Mekarsari', 1, NULL, NULL),
(16613, 1314, 'Cipeujeuh', 1, NULL, NULL),
(16614, 1314, 'Tanjungwangi', 1, NULL, NULL),
(16615, 1315, 'Neglasari', 1, NULL, NULL),
(16616, 1315, 'Dukuh', 1, NULL, NULL),
(16617, 1315, 'Ibun', 1, NULL, NULL),
(16618, 1315, 'Laksana', 1, NULL, NULL),
(16619, 1315, 'Mekarwangi', 1, NULL, NULL),
(16620, 1315, 'Sudi', 1, NULL, NULL),
(16621, 1315, 'Cibeet', 1, NULL, NULL),
(16622, 1315, 'Pangguh', 1, NULL, NULL),
(16623, 1315, 'Karyalaksana', 1, NULL, NULL),
(16624, 1315, 'Lampegan', 1, NULL, NULL),
(16625, 1315, 'Talun', 1, NULL, NULL),
(16626, 1315, 'Tanggulun', 1, NULL, NULL),
(16627, 1316, 'Loa', 1, NULL, NULL),
(16628, 1316, 'Drawati', 1, NULL, NULL),
(16629, 1316, 'Cipaku', 1, NULL, NULL),
(16630, 1316, 'Sindangsari', 1, NULL, NULL),
(16631, 1316, 'Sukamantri', 1, NULL, NULL),
(16632, 1316, 'Sukamanah', 1, NULL, NULL),
(16633, 1316, 'Mekarpawitan', 1, NULL, NULL),
(16634, 1316, 'Cijagra', 1, NULL, NULL),
(16635, 1316, 'Tangsimekar', 1, NULL, NULL),
(16636, 1316, 'Cipedes', 1, NULL, NULL),
(16637, 1316, 'Karangtunggal', 1, NULL, NULL),
(16638, 1316, 'Cigentur', 1, NULL, NULL),
(16639, 1317, 'Srirahayu', 1, NULL, NULL),
(16640, 1317, 'Ciluluk', 1, NULL, NULL),
(16641, 1317, 'Mekarlaksana', 1, NULL, NULL),
(16642, 1317, 'Cihanyir', 1, NULL, NULL),
(16643, 1317, 'Cikancung', 1, NULL, NULL),
(16644, 1317, 'Mandalasari', 1, NULL, NULL),
(16645, 1317, 'Hegarmanah', 1, NULL, NULL),
(16646, 1317, 'Cikasungka', 1, NULL, NULL),
(16647, 1317, 'Tanjunglaya', 1, NULL, NULL),
(16648, 1318, 'Panenjoan', 1, NULL, NULL),
(16649, 1318, 'Tenjolaya', 1, NULL, NULL),
(16650, 1318, 'Cicalengka Kulon', 1, NULL, NULL),
(16651, 1318, 'Babakanpeuteuy', 1, NULL, NULL),
(16652, 1318, 'Dampit', 1, NULL, NULL),
(16653, 1318, 'Tanjungwangi', 1, NULL, NULL),
(16660, 1319, 'Mandalawangi', 1, NULL, NULL),
(16661, 1319, 'Bojong', 1, NULL, NULL),
(16662, 1319, 'Ciherang', 1, NULL, NULL),
(16663, 1319, 'Ciaro', 1, NULL, NULL),
(16664, 1319, 'Nagreg', 1, NULL, NULL),
(16665, 1319, 'Citaman', 1, NULL, NULL),
(16666, 1320, 'Sukamanah', 1, NULL, NULL),
(16667, 1320, 'Tegalsumedang', 1, NULL, NULL),
(16668, 1320, 'Rancaekek Kulon', 1, NULL, NULL),
(16669, 1320, 'Rancaekek Wetan', 1, NULL, NULL),
(16670, 1320, 'Bojongloa', 1, NULL, NULL),
(16671, 1320, 'Jelegong', 1, NULL, NULL),
(16672, 1320, 'Linggar', 1, NULL, NULL),
(16673, 1320, 'Sukamulya', 1, NULL, NULL),
(16674, 1320, 'Haurpugur', 1, NULL, NULL),
(16675, 1320, 'Sangiang', 1, NULL, NULL),
(16676, 1320, 'Bojongsalam', 1, NULL, NULL),
(16677, 1320, 'Cangkuang', 1, NULL, NULL),
(16678, 1320, 'Nanjungmekar', 1, NULL, NULL),
(16679, 1321, 'Neglasari', 1, NULL, NULL),
(16680, 1321, 'Wangisagara', 1, NULL, NULL),
(16681, 1321, 'Padamulya', 1, NULL, NULL),
(16682, 1321, 'Sukamukti', 1, NULL, NULL),
(16683, 1321, 'Padaulun', 1, NULL, NULL),
(16684, 1321, 'Biru', 1, NULL, NULL),
(16685, 1321, 'Sukamaju', 1, NULL, NULL),
(16686, 1321, 'Majasetra', 1, NULL, NULL),
(16687, 1321, 'Majalaya', 1, NULL, NULL),
(16688, 1321, 'Majakerta', 1, NULL, NULL),
(16689, 1321, 'Bojong', 1, NULL, NULL),
(16690, 1322, 'Panyadap', 1, NULL, NULL),
(16691, 1322, 'Padamukti', 1, NULL, NULL),
(16692, 1322, 'Cibodas', 1, NULL, NULL),
(16693, 1322, 'Langensari', 1, NULL, NULL),
(16694, 1322, 'Solokanjeruk', 1, NULL, NULL),
(16695, 1322, 'Rancakasumba', 1, NULL, NULL),
(16696, 1322, 'Bojongemas', 1, NULL, NULL),
(16697, 1323, 'Babakan', 1, NULL, NULL),
(16698, 1323, 'Cikoneng', 1, NULL, NULL),
(16699, 1323, 'Sigaracipta', 1, NULL, NULL),
(16700, 1323, 'Pakutandang', 1, NULL, NULL),
(16701, 1323, 'Manggungharja', 1, NULL, NULL),
(16702, 1323, 'Mekarsari', 1, NULL, NULL),
(16703, 1323, 'Ciparay', 1, NULL, NULL),
(16704, 1323, 'Sumbersari', 1, NULL, NULL),
(16705, 1323, 'Sarimahi', 1, NULL, NULL),
(16706, 1323, 'Serangmekar', 1, NULL, NULL),
(16707, 1323, 'Gunungleutik', 1, NULL, NULL),
(16708, 1323, 'Ciheulang', 1, NULL, NULL),
(16709, 1324, 'Jelekong', 1, NULL, NULL),
(16710, 1324, 'Manggahang', 1, NULL, NULL),
(16711, 1324, 'Baleendah', 1, NULL, NULL),
(16712, 1324, 'Andir', 1, NULL, NULL),
(16713, 1324, 'Malakasari', 1, NULL, NULL),
(16714, 1324, 'Bojongmalaka', 1, NULL, NULL),
(16715, 1324, 'Rancamanyar', 1, NULL, NULL),
(16716, 1325, 'Batukarut', 1, NULL, NULL),
(16717, 1325, 'Mangunjaya', 1, NULL, NULL),
(16718, 1325, 'Mekarjaya', 1, NULL, NULL),
(16719, 1325, 'Baros', 1, NULL, NULL),
(16720, 1325, 'Lebakwangi', 1, NULL, NULL),
(16721, 1325, 'Wargaluyu', 1, NULL, NULL),
(16722, 1325, 'Arjasari', 1, NULL, NULL),
(16723, 1325, 'Pinggirsari', 1, NULL, NULL),
(16724, 1325, 'Patrolsari', 1, NULL, NULL),
(16725, 1325, 'Rancakole', 1, NULL, NULL),
(16726, 1325, 'Ancolmekar', 1, NULL, NULL),
(16727, 1326, 'Mekarjaya', 1, NULL, NULL),
(16728, 1326, 'Banjaran Wetan', 1, NULL, NULL),
(16729, 1326, 'Ciapus', 1, NULL, NULL);
INSERT INTO `desa` (`id`, `kecamatan_id`, `desa_name`, `publication_status`, `created_at`, `updated_at`) VALUES
(16730, 1326, 'Sindangpanon', 1, NULL, NULL),
(16731, 1326, 'Neglasari', 1, NULL, NULL),
(16732, 1326, 'Margahurip', 1, NULL, NULL),
(16733, 1326, 'Kiangroke', 1, NULL, NULL),
(16734, 1326, 'Kamasan', 1, NULL, NULL),
(16735, 1326, 'Banjaran', 1, NULL, NULL),
(16736, 1326, 'Tarajusari', 1, NULL, NULL),
(16737, 1326, 'Pasirmulya', 1, NULL, NULL),
(16744, 1327, 'Bojongmanggu', 1, NULL, NULL),
(16745, 1327, 'Langonsari', 1, NULL, NULL),
(16746, 1327, 'Sukasari', 1, NULL, NULL),
(16747, 1327, 'Rancamulya', 1, NULL, NULL),
(16748, 1327, 'Rancatungku', 1, NULL, NULL),
(16749, 1327, 'Bojongkunci', 1, NULL, NULL),
(16753, 1328, 'Gandasari', 1, NULL, NULL),
(16754, 1328, 'Katapang', 1, NULL, NULL),
(16755, 1328, 'Cilampeni', 1, NULL, NULL),
(16756, 1328, 'Pangauban', 1, NULL, NULL),
(16757, 1328, 'Banyusari', 1, NULL, NULL),
(16758, 1328, 'Sangkanhurip', 1, NULL, NULL),
(16759, 1328, 'Sukamukti', 1, NULL, NULL),
(16761, 1329, 'Sadu', 1, NULL, NULL),
(16762, 1329, 'Sukajadi', 1, NULL, NULL),
(16763, 1329, 'Sukanagara', 1, NULL, NULL),
(16764, 1329, 'Panyirapan', 1, NULL, NULL),
(16765, 1329, 'Karamatmulya', 1, NULL, NULL),
(16766, 1329, 'Soreang', 1, NULL, NULL),
(16767, 1329, 'Pamekaran', 1, NULL, NULL),
(16854, 1336, 'Nanjung', 1, NULL, NULL),
(16855, 1336, 'Mekar Rahayu', 1, NULL, NULL),
(16856, 1336, 'Rahayu', 1, NULL, NULL),
(16857, 1336, 'Cigondewah Hilir', 1, NULL, NULL),
(16858, 1336, 'Margaasih', 1, NULL, NULL),
(16859, 1336, 'Lagadar', 1, NULL, NULL),
(16860, 1337, 'Sulaeman', 1, NULL, NULL),
(16861, 1337, 'Sukamenak', 1, NULL, NULL),
(16862, 1337, 'Sayati', 1, NULL, NULL),
(16863, 1337, 'Margahayu Selatan', 1, NULL, NULL),
(16864, 1337, 'Margahayu Tengah', 1, NULL, NULL),
(16865, 1338, 'Cangkuang Kulon', 1, NULL, NULL),
(16866, 1338, 'Cangkuang Wetan', 1, NULL, NULL),
(16867, 1338, 'Pasawahan', 1, NULL, NULL),
(16868, 1338, 'Dayeuhkolot', 1, NULL, NULL),
(16869, 1338, 'Citeureup', 1, NULL, NULL),
(16870, 1338, 'Sukapura', 1, NULL, NULL),
(16871, 1339, 'Bojongsari', 1, NULL, NULL),
(16872, 1339, 'Bojongsoang', 1, NULL, NULL),
(16873, 1339, 'Lengkong', 1, NULL, NULL),
(16874, 1339, 'Cipagalo', 1, NULL, NULL),
(16875, 1339, 'Buahbatu', 1, NULL, NULL),
(16876, 1339, 'Tegalluar', 1, NULL, NULL),
(16877, 1340, 'Cibiru Hilir', 1, NULL, NULL),
(16878, 1340, 'Cinunuk', 1, NULL, NULL),
(16879, 1340, 'Cimekar', 1, NULL, NULL),
(16880, 1340, 'Cileunyi Kulon', 1, NULL, NULL),
(16881, 1340, 'Cileunyi Wetan', 1, NULL, NULL),
(16882, 1340, 'Cibiru Wetan', 1, NULL, NULL),
(16883, 1341, 'Girimekar', 1, NULL, NULL),
(16884, 1341, 'Jatiendah', 1, NULL, NULL),
(16885, 1341, 'Melatiwangi', 1, NULL, NULL),
(16886, 1341, 'Cipanjalu', 1, NULL, NULL),
(16887, 1341, 'Ciporeat', 1, NULL, NULL),
(16888, 1341, 'Cilengkrang', 1, NULL, NULL),
(16889, 1342, 'Cibeunying', 1, NULL, NULL),
(16890, 1342, 'Padasuka', 1, NULL, NULL),
(16891, 1342, 'Mandalamekar', 1, NULL, NULL),
(16892, 1342, 'Cikadut', 1, NULL, NULL),
(16893, 1342, 'Sindanglaya', 1, NULL, NULL),
(16894, 1342, 'Mekarmanik', 1, NULL, NULL),
(16895, 1342, 'Cimenyan', 1, NULL, NULL),
(16896, 1342, 'Mekarsaluyu', 1, NULL, NULL),
(16897, 1342, 'Ciburial', 1, NULL, NULL),
(16987, 1351, 'Sukajaya', 1, NULL, NULL),
(16988, 1351, 'Cikarang', 1, NULL, NULL),
(16989, 1351, 'Pamalayan', 1, NULL, NULL),
(16990, 1351, 'Cisewu', 1, NULL, NULL),
(16991, 1351, 'Girimukti', 1, NULL, NULL),
(16992, 1351, 'Nyalindung', 1, NULL, NULL),
(16993, 1352, 'Cimahi', 1, NULL, NULL),
(16994, 1352, 'Indralayang', 1, NULL, NULL),
(16995, 1352, 'Purbayani', 1, NULL, NULL),
(16996, 1352, 'Caringin', 1, NULL, NULL),
(16997, 1352, 'Sukarame', 1, NULL, NULL),
(16998, 1353, 'Selaawi', 1, NULL, NULL),
(16999, 1353, 'Mekarmukti', 1, NULL, NULL),
(17000, 1353, 'Mekarmulya', 1, NULL, NULL),
(17001, 1353, 'Sukamulya', 1, NULL, NULL),
(17002, 1353, 'Sukamaju', 1, NULL, NULL),
(17003, 1353, 'Sukalaksana', 1, NULL, NULL),
(17004, 1354, 'Sinarjaya', 1, NULL, NULL),
(17008, 1354, 'Tegalega', 1, NULL, NULL),
(17009, 1354, 'Wangunjaya', 1, NULL, NULL),
(17010, 1354, 'Mekarjaya', 1, NULL, NULL),
(17011, 1354, 'Hanjuang', 1, NULL, NULL),
(17012, 1354, 'Margalaksana', 1, NULL, NULL),
(17013, 1354, 'Gunamekar', 1, NULL, NULL),
(17014, 1354, 'Bungbulang', 1, NULL, NULL),
(17015, 1354, 'Cihikeu', 1, NULL, NULL),
(17016, 1354, 'Bojong', 1, NULL, NULL),
(17017, 1354, 'Mekarbakti', 1, NULL, NULL),
(17018, 1354, 'Gunung Jampang', 1, NULL, NULL),
(17019, 1355, 'Linggarjati', 1, NULL, NULL),
(17020, 1355, 'Garumukti', 1, NULL, NULL),
(17021, 1355, 'Panawa', 1, NULL, NULL),
(17022, 1355, 'Pakenjeng', 1, NULL, NULL),
(17023, 1355, 'Pananjung', 1, NULL, NULL),
(17024, 1356, 'Karangsari', 1, NULL, NULL),
(17025, 1356, 'Tanjungmulya', 1, NULL, NULL),
(17026, 1356, 'Tanjungjaya', 1, NULL, NULL),
(17027, 1356, 'Tegalgede', 1, NULL, NULL),
(17028, 1356, 'Neglasari', 1, NULL, NULL),
(17029, 1356, 'Sukamulya', 1, NULL, NULL),
(17030, 1356, 'Depok', 1, NULL, NULL),
(17031, 1356, 'Pasirlangu', 1, NULL, NULL),
(17032, 1356, 'Panyindangan', 1, NULL, NULL),
(17033, 1356, 'Wangunjaya', 1, NULL, NULL),
(17034, 1356, 'Jatiwangi', 1, NULL, NULL),
(17035, 1356, 'Talagawangi', 1, NULL, NULL),
(17036, 1357, 'Cigadog', 1, NULL, NULL),
(17037, 1357, 'Cijambe', 1, NULL, NULL),
(17038, 1357, 'Cikelet', 1, NULL, NULL),
(17039, 1357, 'Pamalayan', 1, NULL, NULL),
(17040, 1357, 'Linggamanik', 1, NULL, NULL),
(17041, 1357, 'Karangsari', 1, NULL, NULL),
(17042, 1357, 'Kertamukti', 1, NULL, NULL),
(17043, 1358, 'Mancagahar', 1, NULL, NULL),
(17044, 1358, 'Pameungpeuk', 1, NULL, NULL),
(17045, 1358, 'Mandalakasih', 1, NULL, NULL),
(17046, 1358, 'Sirnabakti', 1, NULL, NULL),
(17047, 1358, 'Paas', 1, NULL, NULL),
(17048, 1358, 'Bojong', 1, NULL, NULL),
(17049, 1358, 'Jatimulya', 1, NULL, NULL),
(17050, 1359, 'Mekarsari', 1, NULL, NULL),
(17051, 1359, 'Karyasari', 1, NULL, NULL),
(17052, 1359, 'Karya Mukti', 1, NULL, NULL),
(17053, 1359, 'Sagara', 1, NULL, NULL),
(17054, 1359, 'Maroko', 1, NULL, NULL),
(17055, 1359, 'Sancang', 1, NULL, NULL),
(17056, 1359, 'Simpang', 1, NULL, NULL),
(17057, 1360, 'Depok', 1, NULL, NULL),
(17058, 1360, 'Sukanagara', 1, NULL, NULL),
(17059, 1360, 'Cihaurkuning', 1, NULL, NULL),
(17060, 1360, 'Cikondang', 1, NULL, NULL),
(17061, 1360, 'Jatisari', 1, NULL, NULL),
(17062, 1360, 'Cisompet', 1, NULL, NULL),
(17063, 1360, 'Sukamukti', 1, NULL, NULL),
(17064, 1360, 'Panyindangan', 1, NULL, NULL),
(17065, 1360, 'Margamulya', 1, NULL, NULL),
(17066, 1360, 'Sindangsari', 1, NULL, NULL),
(17067, 1360, 'Neglasari', 1, NULL, NULL),
(17068, 1361, 'Pangrumasan', 1, NULL, NULL),
(17069, 1361, 'Toblong', 1, NULL, NULL),
(17070, 1361, 'Sukanagara', 1, NULL, NULL),
(17071, 1361, 'Saribakti', 1, NULL, NULL),
(17072, 1361, 'Peundeuy', 1, NULL, NULL),
(17073, 1361, 'Purwajaya', 1, NULL, NULL),
(17074, 1362, 'Singajaya', 1, NULL, NULL),
(17075, 1362, 'Karangagung', 1, NULL, NULL),
(17076, 1362, 'Mekartani', 1, NULL, NULL),
(17077, 1362, 'Cigintung', 1, NULL, NULL),
(17078, 1362, 'Sukawangi', 1, NULL, NULL),
(17079, 1362, 'Pancasura', 1, NULL, NULL),
(17080, 1362, 'Sukamulya', 1, NULL, NULL),
(17081, 1362, 'Girimukti', 1, NULL, NULL),
(17082, 1362, 'Ciudian', 1, NULL, NULL),
(17083, 1363, 'Cisangkal', 1, NULL, NULL),
(17084, 1363, 'Jayamukti', 1, NULL, NULL),
(17085, 1363, 'Cihurip', 1, NULL, NULL),
(17086, 1363, 'Mekarwangi', 1, NULL, NULL),
(17087, 1364, 'Cipangramatan', 1, NULL, NULL),
(17088, 1364, 'Mekarjaya', 1, NULL, NULL),
(17089, 1364, 'Girijaya', 1, NULL, NULL),
(17090, 1364, 'Giriawas', 1, NULL, NULL),
(17091, 1364, 'Cibodas', 1, NULL, NULL),
(17092, 1364, 'Cikajang', 1, NULL, NULL),
(17093, 1364, 'Padasuka', 1, NULL, NULL),
(17094, 1364, 'Mekarsari', 1, NULL, NULL),
(17095, 1364, 'Simpang', 1, NULL, NULL),
(17096, 1364, 'Cikandang', 1, NULL, NULL),
(17097, 1364, 'Margamulya', 1, NULL, NULL),
(17098, 1365, 'Dangiang', 1, NULL, NULL),
(17099, 1365, 'Jayabakti', 1, NULL, NULL),
(17100, 1365, 'Bojong', 1, NULL, NULL),
(17101, 1365, 'Banjarwangi', 1, NULL, NULL),
(17102, 1365, 'Talagasari', 1, NULL, NULL),
(17103, 1365, 'Padahurip', 1, NULL, NULL),
(17104, 1365, 'Kadongdong', 1, NULL, NULL),
(17105, 1365, 'Wangunjaya', 1, NULL, NULL),
(17106, 1365, 'Talagajaya', 1, NULL, NULL),
(17107, 1365, 'Tanjungjaya', 1, NULL, NULL),
(17108, 1365, 'Mulyajaya', 1, NULL, NULL),
(17109, 1366, 'Sukamurni', 1, NULL, NULL),
(17110, 1366, 'Sukamaju', 1, NULL, NULL),
(17111, 1366, 'Sukatani', 1, NULL, NULL),
(17112, 1366, 'Mekarsari', 1, NULL, NULL),
(17113, 1366, 'Dayeuhmanggung', 1, NULL, NULL),
(17114, 1366, 'Karyamekar', 1, NULL, NULL),
(17115, 1366, 'Cilawu', 1, NULL, NULL),
(17116, 1366, 'Pasanggrahan', 1, NULL, NULL),
(17117, 1366, 'Margalaksana', 1, NULL, NULL),
(17118, 1366, 'Dawungsari', 1, NULL, NULL),
(17119, 1366, 'Dangiang', 1, NULL, NULL),
(17120, 1366, 'Sukamukti', 1, NULL, NULL),
(17121, 1366, 'Mekarmukti', 1, NULL, NULL),
(17122, 1366, 'Sukahati', 1, NULL, NULL),
(17123, 1366, 'Mangkurayat', 1, NULL, NULL),
(17124, 1366, 'Desakolot', 1, NULL, NULL),
(17125, 1366, 'Ngamplang', 1, NULL, NULL),
(17126, 1366, 'Ngamplangsari', 1, NULL, NULL),
(17132, 1367, 'Pamalayan', 1, NULL, NULL),
(17133, 1367, 'Ciburuy', 1, NULL, NULL),
(17134, 1367, 'Mulyasari', 1, NULL, NULL),
(17135, 1367, 'Bayongbong', 1, NULL, NULL),
(17136, 1367, 'Cinisti', 1, NULL, NULL),
(17137, 1367, 'Ciela', 1, NULL, NULL),
(17138, 1367, 'Karyajaya', 1, NULL, NULL),
(17139, 1367, 'Panembong', 1, NULL, NULL),
(17140, 1367, 'Sukarame', 1, NULL, NULL),
(17141, 1367, 'Hegarmanah', 1, NULL, NULL),
(17142, 1367, 'Sirnagalih', 1, NULL, NULL),
(17143, 1367, 'Salakuray', 1, NULL, NULL),
(17144, 1367, 'Sukasenang', 1, NULL, NULL),
(17145, 1367, 'Cikedokan', 1, NULL, NULL),
(17146, 1367, 'Mekarsari', 1, NULL, NULL),
(17147, 1367, 'Banjarsari', 1, NULL, NULL),
(17148, 1367, 'Mekarjaya', 1, NULL, NULL),
(17149, 1368, 'Sukawargi', 1, NULL, NULL),
(17150, 1368, 'Sukatani', 1, NULL, NULL),
(17151, 1368, 'Cidatar', 1, NULL, NULL),
(17152, 1368, 'Cisero', 1, NULL, NULL),
(17153, 1368, 'Cisurupan', 1, NULL, NULL),
(17154, 1368, 'Karamatwangi', 1, NULL, NULL),
(17155, 1368, 'Balewangi', 1, NULL, NULL),
(17156, 1368, 'Tambakbaya', 1, NULL, NULL),
(17157, 1368, 'Sirnajaya', 1, NULL, NULL),
(17158, 1368, 'Sirnagalih', 1, NULL, NULL),
(17159, 1368, 'Pakuwon', 1, NULL, NULL),
(17160, 1368, 'Simpangsari', 1, NULL, NULL),
(17161, 1368, 'Pangauban', 1, NULL, NULL),
(17162, 1368, 'Cipaganti', 1, NULL, NULL),
(17163, 1368, 'Pamulihan', 1, NULL, NULL),
(17164, 1368, 'Situsari', 1, NULL, NULL),
(17165, 1369, 'Sukamulya', 1, NULL, NULL),
(17166, 1369, 'Sukaresmi', 1, NULL, NULL),
(17167, 1369, 'Padamukti', 1, NULL, NULL),
(17168, 1369, 'Cintadamai', 1, NULL, NULL),
(17169, 1369, 'Sukajaya', 1, NULL, NULL),
(17170, 1369, 'Mekarjaya', 1, NULL, NULL),
(17171, 1370, 'Cisarua', 1, NULL, NULL),
(17172, 1370, 'Parakan', 1, NULL, NULL),
(17173, 1370, 'Sukalaksana', 1, NULL, NULL),
(17174, 1370, 'Sirnasari', 1, NULL, NULL),
(17175, 1370, 'Cintakarya', 1, NULL, NULL),
(17176, 1370, 'Cintarasa', 1, NULL, NULL),
(17177, 1370, 'Cintarayat', 1, NULL, NULL),
(17178, 1370, 'Cintaasih', 1, NULL, NULL),
(17179, 1370, 'Samarang', 1, NULL, NULL),
(17180, 1370, 'Sukarasa', 1, NULL, NULL),
(17181, 1370, 'Sukakarya', 1, NULL, NULL),
(17182, 1370, 'Tanjung Karya', 1, NULL, NULL),
(17183, 1371, 'Karyamekar', 1, NULL, NULL),
(17184, 1371, 'Sarimukti', 1, NULL, NULL),
(17185, 1371, 'Talaga', 1, NULL, NULL),
(17186, 1371, 'Pasirkiamis', 1, NULL, NULL),
(17187, 1371, 'Padamukti', 1, NULL, NULL),
(17188, 1371, 'Padaasih', 1, NULL, NULL),
(17189, 1371, 'Padasuka', 1, NULL, NULL),
(17190, 1371, 'Sirnajaya', 1, NULL, NULL),
(17191, 1371, 'Padamulya', 1, NULL, NULL),
(17192, 1371, 'Pasirwangi', 1, NULL, NULL),
(17193, 1371, 'Padaawas', 1, NULL, NULL),
(17194, 1371, 'Barusari', 1, NULL, NULL),
(17195, 1372, 'Kersamenak', 1, NULL, NULL),
(17196, 1372, 'Cibunar', 1, NULL, NULL),
(17197, 1372, 'Sukabakti', 1, NULL, NULL),
(17198, 1372, 'Sukakarya', 1, NULL, NULL),
(17199, 1372, 'Sukajaya', 1, NULL, NULL),
(17200, 1372, 'Jayawaras', 1, NULL, NULL),
(17201, 1372, 'Haurpanggung', 1, NULL, NULL),
(17202, 1372, 'Jayaraga', 1, NULL, NULL),
(17203, 1372, 'Pataruman', 1, NULL, NULL),
(17204, 1372, 'Sukagalih', 1, NULL, NULL),
(17205, 1372, 'Mekargalih', 1, NULL, NULL),
(17206, 1372, 'Tarogong', 1, NULL, NULL),
(17207, 1373, 'Sirnajaya', 1, NULL, NULL),
(17208, 1373, 'Mekarwangi', 1, NULL, NULL),
(17209, 1373, 'Sukajadi', 1, NULL, NULL),
(17210, 1373, 'Sukawangi', 1, NULL, NULL),
(17211, 1373, 'Panjiwangi', 1, NULL, NULL),
(17212, 1373, 'Mekarjaya', 1, NULL, NULL),
(17213, 1373, 'Rancabango', 1, NULL, NULL),
(17214, 1373, 'Langensari', 1, NULL, NULL),
(17215, 1373, 'Cimanganten', 1, NULL, NULL),
(17216, 1373, 'Jati', 1, NULL, NULL),
(17217, 1373, 'Tanjungkamuning', 1, NULL, NULL),
(17218, 1373, 'Pananjung', 1, NULL, NULL),
(17219, 1374, 'Margawati', 1, NULL, NULL),
(17220, 1374, 'Sukanegla', 1, NULL, NULL),
(17221, 1374, 'Cimuncang', 1, NULL, NULL),
(17222, 1374, 'Kotawetan', 1, NULL, NULL),
(17223, 1374, 'Kotakulon', 1, NULL, NULL),
(17224, 1374, 'Muara Sanding', 1, NULL, NULL),
(17225, 1374, 'Paminggir', 1, NULL, NULL),
(17226, 1374, 'Regol', 1, NULL, NULL),
(17227, 1374, 'Ciwalen', 1, NULL, NULL),
(17228, 1374, 'Pakuwon', 1, NULL, NULL),
(17229, 1374, 'Sukamantri', 1, NULL, NULL),
(17230, 1375, 'Lebakagung', 1, NULL, NULL),
(17231, 1375, 'Suci', 1, NULL, NULL),
(17232, 1375, 'Lebakjaya', 1, NULL, NULL),
(17233, 1375, 'Tanjungsari', 1, NULL, NULL),
(17234, 1375, 'Godog', 1, NULL, NULL),
(17235, 1375, 'Sindanggalih', 1, NULL, NULL),
(17236, 1375, 'Sindangpalay', 1, NULL, NULL),
(17237, 1375, 'Karangpawitan', 1, NULL, NULL),
(17238, 1375, 'Situgede', 1, NULL, NULL),
(17239, 1375, 'Situsari', 1, NULL, NULL),
(17240, 1375, 'Situjaya', 1, NULL, NULL),
(17241, 1375, 'Situsaeur', 1, NULL, NULL),
(17242, 1375, 'Karangsari', 1, NULL, NULL),
(17243, 1375, 'Cimurah', 1, NULL, NULL),
(17244, 1375, 'Sindanglaya', 1, NULL, NULL),
(17245, 1375, 'Mekarsari', 1, NULL, NULL),
(17246, 1375, 'Jatisari', 1, NULL, NULL),
(17247, 1375, 'Karangmulya', 1, NULL, NULL),
(17254, 1376, 'Sukamenak', 1, NULL, NULL),
(17256, 1376, 'Sindangmekar', 1, NULL, NULL),
(17257, 1376, 'Sindangratu', 1, NULL, NULL),
(17261, 1376, 'Cinunuk', 1, NULL, NULL),
(17262, 1376, 'Wanamekar', 1, NULL, NULL),
(17263, 1376, 'Wanaraja', 1, NULL, NULL),
(17264, 1376, 'Wanasari', 1, NULL, NULL),
(17265, 1376, 'Wanajaya', 1, NULL, NULL),
(17273, 1377, 'Pasanggrahan', 1, NULL, NULL),
(17274, 1377, 'Sukamukti', 1, NULL, NULL),
(17275, 1377, 'Mekarluyu', 1, NULL, NULL),
(17276, 1377, 'Sukawening', 1, NULL, NULL),
(17277, 1377, 'Sudalarang', 1, NULL, NULL),
(17278, 1377, 'Maripari', 1, NULL, NULL),
(17279, 1377, 'Sukahaji', 1, NULL, NULL),
(17280, 1377, 'Sukasono', 1, NULL, NULL),
(17281, 1377, 'Sukaluyu', 1, NULL, NULL),
(17282, 1378, 'Sindanggalih', 1, NULL, NULL),
(17283, 1378, 'Cinta', 1, NULL, NULL),
(17284, 1378, 'Cintamanik', 1, NULL, NULL),
(17285, 1378, 'Caringin', 1, NULL, NULL),
(17286, 1379, 'Sukaraja', 1, NULL, NULL),
(17287, 1379, 'Sukakarya', 1, NULL, NULL),
(17288, 1379, 'Pamekarsari', 1, NULL, NULL),
(17289, 1379, 'Sukasenang', 1, NULL, NULL),
(17290, 1379, 'Sukaratu', 1, NULL, NULL),
(17291, 1379, 'Cipicung', 1, NULL, NULL),
(17292, 1379, 'Bagendit', 1, NULL, NULL),
(17293, 1379, 'Sukamukti', 1, NULL, NULL),
(17294, 1379, 'Banyuresmi', 1, NULL, NULL),
(17295, 1379, 'Binakarya', 1, NULL, NULL),
(17296, 1379, 'Dangdeur', 1, NULL, NULL),
(17297, 1379, 'Karyasari', 1, NULL, NULL),
(17298, 1379, 'Karyamukti', 1, NULL, NULL),
(17299, 1379, 'Cimareme', 1, NULL, NULL),
(17300, 1380, 'Dano', 1, NULL, NULL),
(17301, 1380, 'Jangkurang', 1, NULL, NULL),
(17302, 1380, 'Lembang', 1, NULL, NULL),
(17303, 1380, 'Cipancar', 1, NULL, NULL),
(17304, 1380, 'Kandangmukti', 1, NULL, NULL),
(17305, 1380, 'Ciburial', 1, NULL, NULL),
(17306, 1380, 'Salamnunggal', 1, NULL, NULL),
(17307, 1380, 'Leles', 1, NULL, NULL),
(17308, 1380, 'Haruman', 1, NULL, NULL),
(17309, 1380, 'Margaluyu', 1, NULL, NULL),
(17310, 1380, 'Cangkuang', 1, NULL, NULL),
(17311, 1380, 'Sukarame', 1, NULL, NULL),
(17312, 1381, 'Margahayu', 1, NULL, NULL),
(17313, 1381, 'Margacinta', 1, NULL, NULL),
(17314, 1381, 'Dungusiku', 1, NULL, NULL),
(17315, 1381, 'Tambaksari', 1, NULL, NULL),
(17316, 1381, 'Karangsari', 1, NULL, NULL),
(17317, 1381, 'Karanganyar', 1, NULL, NULL),
(17318, 1381, 'Sindangsari', 1, NULL, NULL),
(17319, 1381, 'Leuwigoong', 1, NULL, NULL),
(17320, 1382, 'Cibatu', 1, NULL, NULL),
(17321, 1382, 'Kertajaya', 1, NULL, NULL),
(17322, 1382, 'Wanakerta', 1, NULL, NULL),
(17323, 1382, 'Karyamukti', 1, NULL, NULL),
(17324, 1382, 'Padasuka', 1, NULL, NULL),
(17325, 1382, 'Keresek', 1, NULL, NULL),
(17326, 1382, 'Cibunar', 1, NULL, NULL),
(17327, 1382, 'Sukalilah', 1, NULL, NULL),
(17328, 1382, 'Girimukti', 1, NULL, NULL),
(17329, 1382, 'Mekarsari', 1, NULL, NULL),
(17330, 1382, 'Sindangsuka', 1, NULL, NULL),
(17331, 1383, 'Sukamaju', 1, NULL, NULL),
(17332, 1383, 'Girijaya', 1, NULL, NULL),
(17333, 1383, 'Kersamanah', 1, NULL, NULL),
(17334, 1383, 'Nanjungjaya', 1, NULL, NULL),
(17335, 1383, 'Sukamerang', 1, NULL, NULL),
(17336, 1384, 'Cipareuan', 1, NULL, NULL),
(17337, 1384, 'Cibiuk Kidul', 1, NULL, NULL),
(17338, 1384, 'Cibiuk Kaler', 1, NULL, NULL),
(17339, 1384, 'Majasari', 1, NULL, NULL),
(17340, 1384, 'Lingkungpasir', 1, NULL, NULL),
(17341, 1385, 'Rancasalak', 1, NULL, NULL),
(17342, 1385, 'Mandalasari', 1, NULL, NULL),
(17343, 1385, 'Hegarsari', 1, NULL, NULL),
(17344, 1385, 'Talagasari', 1, NULL, NULL),
(17345, 1385, 'Karangmulya', 1, NULL, NULL),
(17346, 1385, 'Karangtengah', 1, NULL, NULL),
(17347, 1385, 'Gandamekar', 1, NULL, NULL),
(17348, 1385, 'Kadungora', 1, NULL, NULL),
(17349, 1385, 'Neglasari', 1, NULL, NULL),
(17350, 1385, 'Cikembulan', 1, NULL, NULL),
(17351, 1385, 'Cisaat', 1, NULL, NULL),
(17352, 1385, 'Mekarbakti', 1, NULL, NULL),
(17353, 1385, 'Tanggulun', 1, NULL, NULL),
(17354, 1385, 'Harumansari', 1, NULL, NULL),
(17356, 1386, 'Cijolang', 1, NULL, NULL),
(17357, 1386, 'Cigagade', 1, NULL, NULL),
(17358, 1386, 'Pasirwaru', 1, NULL, NULL),
(17359, 1386, 'Limbanganbarat', 1, NULL, NULL),
(17360, 1386, 'Limbangantengah', 1, NULL, NULL),
(17361, 1386, 'Limbangantimur', 1, NULL, NULL),
(17362, 1386, 'Dunguswiru', 1, NULL, NULL),
(17363, 1386, 'Galihpakuwon', 1, NULL, NULL),
(17364, 1386, 'Neglasari', 1, NULL, NULL),
(17365, 1386, 'Surabaya', 1, NULL, NULL),
(17366, 1386, 'Ciwangi', 1, NULL, NULL),
(17367, 1386, 'Pangeureunan', 1, NULL, NULL),
(17368, 1387, 'Cigawir', 1, NULL, NULL),
(17369, 1387, 'Putrajawa', 1, NULL, NULL),
(17370, 1387, 'Mekarsari', 1, NULL, NULL),
(17371, 1387, 'Selaawi', 1, NULL, NULL),
(17372, 1387, 'Cirapuhan', 1, NULL, NULL),
(17373, 1387, 'Samida', 1, NULL, NULL),
(17374, 1387, 'Pelitaasih', 1, NULL, NULL),
(17375, 1388, 'Kutanagara', 1, NULL, NULL),
(17376, 1388, 'Sanding', 1, NULL, NULL),
(17377, 1388, 'Karangmulya', 1, NULL, NULL),
(17378, 1388, 'Cinagara', 1, NULL, NULL),
(17379, 1388, 'Cikarag', 1, NULL, NULL),
(17380, 1388, 'Campaka', 1, NULL, NULL),
(17381, 1388, 'Sukamanah', 1, NULL, NULL),
(17382, 1388, 'Cihaurkuning', 1, NULL, NULL),
(17383, 1388, 'Citeras', 1, NULL, NULL),
(17384, 1388, 'Lewobaru', 1, NULL, NULL),
(17385, 1388, 'Sukaratu', 1, NULL, NULL),
(17386, 1388, 'Sukarasa', 1, NULL, NULL),
(17387, 1388, 'Cibunar', 1, NULL, NULL),
(17388, 1388, 'Malangbong', 1, NULL, NULL),
(17389, 1388, 'Cisitu', 1, NULL, NULL),
(17390, 1388, 'Sakawayana', 1, NULL, NULL),
(17391, 1388, 'Sekarwangi', 1, NULL, NULL),
(17392, 1388, 'Mekarasih', 1, NULL, NULL),
(17394, 1389, 'Ciheras', 1, NULL, NULL),
(17395, 1389, 'Cipanas', 1, NULL, NULL),
(17396, 1389, 'Ciandum', 1, NULL, NULL),
(17397, 1389, 'Cipatujah', 1, NULL, NULL),
(17398, 1389, 'Sindangkerta', 1, NULL, NULL),
(17399, 1389, 'Cikawungading', 1, NULL, NULL),
(17400, 1389, 'Kertasari', 1, NULL, NULL),
(17401, 1389, 'Padawaras', 1, NULL, NULL),
(17402, 1389, 'Darawati', 1, NULL, NULL),
(17403, 1389, 'Bantarkalong', 1, NULL, NULL),
(17404, 1389, 'Tobongjaya', 1, NULL, NULL),
(17405, 1389, 'Nangelasari', 1, NULL, NULL),
(17406, 1389, 'Nagrog', 1, NULL, NULL),
(17407, 1389, 'Pameutingan', 1, NULL, NULL),
(17408, 1390, 'Cidadap', 1, NULL, NULL),
(17409, 1390, 'Kujang', 1, NULL, NULL),
(17410, 1390, 'Sarimukti', 1, NULL, NULL),
(17411, 1390, 'Ciawi', 1, NULL, NULL),
(17412, 1390, 'Cikapinis', 1, NULL, NULL),
(17413, 1390, 'Cikupa', 1, NULL, NULL),
(17414, 1390, 'Karangnunggal', 1, NULL, NULL),
(17415, 1390, 'Karangmekar', 1, NULL, NULL),
(17416, 1390, 'Cibatuireng', 1, NULL, NULL),
(17417, 1390, 'Cibatu', 1, NULL, NULL),
(17418, 1390, 'Sukawangun', 1, NULL, NULL),
(17419, 1390, 'Cintawangi', 1, NULL, NULL),
(17420, 1390, 'Cikukulu', 1, NULL, NULL),
(17421, 1390, 'Sarimanggu', 1, NULL, NULL),
(17422, 1391, 'Mandalajaya', 1, NULL, NULL),
(17423, 1391, 'Cikalong', 1, NULL, NULL),
(17424, 1391, 'Cikancra', 1, NULL, NULL),
(17425, 1391, 'Tonjongsari', 1, NULL, NULL),
(17426, 1391, 'Singkir', 1, NULL, NULL),
(17427, 1391, 'Panyiaran', 1, NULL, NULL),
(17428, 1391, 'Cibeber', 1, NULL, NULL),
(17429, 1391, 'Cidadali', 1, NULL, NULL),
(17430, 1391, 'Kubangsari', 1, NULL, NULL),
(17431, 1391, 'Cikadu', 1, NULL, NULL),
(17432, 1391, 'Sindangjaya', 1, NULL, NULL),
(17433, 1391, 'Kalapagenep', 1, NULL, NULL),
(17434, 1391, 'Cimanuk', 1, NULL, NULL),
(17435, 1392, 'Margaluyu', 1, NULL, NULL),
(17436, 1392, 'Cibuniasih', 1, NULL, NULL),
(17437, 1392, 'Pangliaran', 1, NULL, NULL),
(17438, 1392, 'Pancawangi', 1, NULL, NULL),
(17439, 1392, 'Jayamukti', 1, NULL, NULL),
(17440, 1392, 'Tonjong', 1, NULL, NULL),
(17441, 1392, 'Cibongas', 1, NULL, NULL),
(17442, 1392, 'Cikawung', 1, NULL, NULL),
(17443, 1392, 'Tawang', 1, NULL, NULL),
(17444, 1392, 'Mekarsari', 1, NULL, NULL),
(17445, 1392, 'Neglasari', 1, NULL, NULL),
(17446, 1393, 'Gunungsari', 1, NULL, NULL),
(17447, 1393, 'Cilumba', 1, NULL, NULL),
(17448, 1393, 'Linggalaksana', 1, NULL, NULL),
(17449, 1393, 'Pakemitan', 1, NULL, NULL),
(17450, 1393, 'Cogreg', 1, NULL, NULL),
(17451, 1393, 'Lengkongbarang', 1, NULL, NULL),
(17452, 1393, 'Tanjungbarang', 1, NULL, NULL),
(17453, 1393, 'Cayur', 1, NULL, NULL),
(17454, 1393, 'Sindangasih', 1, NULL, NULL),
(17455, 1394, 'Eureunpalay', 1, NULL, NULL),
(17456, 1394, 'Setiawaras', 1, NULL, NULL),
(17457, 1394, 'Cisempur', 1, NULL, NULL),
(17458, 1394, 'Parung', 1, NULL, NULL),
(17459, 1394, 'Cibalong', 1, NULL, NULL),
(17460, 1394, 'Singajaya', 1, NULL, NULL),
(17461, 1395, 'Karyabakti', 1, NULL, NULL),
(17462, 1395, 'Cigunung', 1, NULL, NULL),
(17463, 1395, 'Cibungur', 1, NULL, NULL),
(17464, 1395, 'Parungponteng', 1, NULL, NULL),
(17465, 1395, 'Girikencana', 1, NULL, NULL),
(17466, 1395, 'Barumekar', 1, NULL, NULL),
(17467, 1395, 'Cibanteng', 1, NULL, NULL),
(17468, 1395, 'Burujuljaya', 1, NULL, NULL),
(17469, 1396, 'Sirnagalih', 1, NULL, NULL),
(17470, 1396, 'Simpang', 1, NULL, NULL),
(17471, 1396, 'Hegarwangi', 1, NULL, NULL),
(17472, 1396, 'Wangunsari', 1, NULL, NULL),
(17473, 1396, 'Pamijahan', 1, NULL, NULL),
(17474, 1396, 'Parakanhonje', 1, NULL, NULL),
(17475, 1396, 'Sukamaju', 1, NULL, NULL),
(17476, 1396, 'Wakap', 1, NULL, NULL),
(17477, 1397, 'Girijaya', 1, NULL, NULL),
(17478, 1397, 'Bojongasih', 1, NULL, NULL),
(17479, 1397, 'Sindangsari', 1, NULL, NULL),
(17480, 1397, 'Cikadongdong', 1, NULL, NULL),
(17481, 1397, 'Mertajaya', 1, NULL, NULL),
(17482, 1398, 'Bojongsari', 1, NULL, NULL),
(17483, 1398, 'Cintabodas', 1, NULL, NULL),
(17484, 1398, 'Cikuya', 1, NULL, NULL),
(17485, 1398, 'Cipicung', 1, NULL, NULL),
(17486, 1399, 'Campakasari', 1, NULL, NULL),
(17487, 1399, 'Bojongkapol', 1, NULL, NULL),
(17488, 1399, 'Wandasari', 1, NULL, NULL),
(17489, 1399, 'Pedangkamulyan', 1, NULL, NULL),
(17490, 1399, 'Kertanegla', 1, NULL, NULL),
(17491, 1399, 'Bojonggambir', 1, NULL, NULL),
(17492, 1399, 'Mangkonjaya', 1, NULL, NULL),
(17493, 1399, 'Ciroyom', 1, NULL, NULL),
(17494, 1399, 'Purwaraharja', 1, NULL, NULL),
(17495, 1400, 'Cukangjayaguna', 1, NULL, NULL),
(17496, 1400, 'Sukabakti', 1, NULL, NULL),
(17497, 1400, 'Parumasan', 1, NULL, NULL),
(17498, 1400, 'Sepatnunggal', 1, NULL, NULL),
(17499, 1400, 'Raksajaya', 1, NULL, NULL),
(17500, 1400, 'Sodonghilir', 1, NULL, NULL),
(17501, 1400, 'Cukangkawung', 1, NULL, NULL),
(17502, 1400, 'Cikalong', 1, NULL, NULL),
(17503, 1400, 'Cipaingeun', 1, NULL, NULL),
(17504, 1400, 'Pakalongan', 1, NULL, NULL),
(17505, 1400, 'Leuwidulang', 1, NULL, NULL),
(17506, 1400, 'Muncang', 1, NULL, NULL),
(17507, 1401, 'Banyuasih', 1, NULL, NULL),
(17508, 1401, 'Taraju', 1, NULL, NULL),
(17509, 1401, 'Raksasari', 1, NULL, NULL),
(17510, 1401, 'Singasari', 1, NULL, NULL),
(17511, 1401, 'Cikubang', 1, NULL, NULL),
(17512, 1401, 'Deudeul', 1, NULL, NULL),
(17513, 1401, 'Kertaraharja', 1, NULL, NULL),
(17514, 1401, 'Purwarahayu', 1, NULL, NULL),
(17515, 1401, 'Pageralam', 1, NULL, NULL),
(17516, 1402, 'Sukarasa', 1, NULL, NULL),
(17517, 1402, 'Jahiang', 1, NULL, NULL),
(17518, 1402, 'Sundawenang', 1, NULL, NULL),
(17519, 1402, 'Kawungsari', 1, NULL, NULL),
(17520, 1402, 'Tenjowaringin', 1, NULL, NULL),
(17521, 1402, 'Kutawaringin', 1, NULL, NULL),
(17522, 1402, 'Tanjungsari', 1, NULL, NULL),
(17523, 1402, 'Neglasari', 1, NULL, NULL),
(17524, 1402, 'Karangmukti', 1, NULL, NULL),
(17525, 1402, 'Salawu', 1, NULL, NULL),
(17526, 1402, 'Margalaksana', 1, NULL, NULL),
(17527, 1402, 'Serang', 1, NULL, NULL),
(17528, 1403, 'Mandalasari', 1, NULL, NULL),
(17529, 1403, 'Sukasari', 1, NULL, NULL),
(17530, 1403, 'Puspasari', 1, NULL, NULL),
(17531, 1403, 'Puspahiang', 1, NULL, NULL),
(17532, 1403, 'Pusparahayu', 1, NULL, NULL),
(17533, 1403, 'Luyubakti', 1, NULL, NULL),
(17534, 1403, 'Cimanggu', 1, NULL, NULL),
(17535, 1403, 'Puspajaya', 1, NULL, NULL),
(17536, 1404, 'Cikeusal', 1, NULL, NULL),
(17537, 1404, 'Sukanagara', 1, NULL, NULL),
(17538, 1404, 'Sukasenang', 1, NULL, NULL),
(17539, 1404, 'Tanjungjaya', 1, NULL, NULL),
(17540, 1404, 'Cintajaya', 1, NULL, NULL),
(17541, 1404, 'Cibalanarik', 1, NULL, NULL),
(17542, 1404, 'Cilolohan', 1, NULL, NULL),
(17543, 1405, 'Mekarjaya', 1, NULL, NULL),
(17544, 1405, 'Sirnajaya', 1, NULL, NULL),
(17545, 1405, 'Janggala', 1, NULL, NULL),
(17546, 1405, 'Sukapura', 1, NULL, NULL),
(17547, 1405, 'Tarunajaya', 1, NULL, NULL),
(17548, 1405, 'Leuwibudah', 1, NULL, NULL),
(17549, 1405, 'Linggaraja', 1, NULL, NULL),
(17550, 1405, 'Margalaksana', 1, NULL, NULL),
(17551, 1406, 'Mandalahayu', 1, NULL, NULL),
(17552, 1406, 'Karyamandala', 1, NULL, NULL),
(17553, 1406, 'Mulyasari', 1, NULL, NULL),
(17554, 1406, 'Tanjungsari', 1, NULL, NULL),
(17555, 1406, 'Mandalaguna', 1, NULL, NULL),
(17556, 1406, 'Kawitan', 1, NULL, NULL),
(17557, 1406, 'Mandalawangi', 1, NULL, NULL),
(17558, 1406, 'Banjarwaringin', 1, NULL, NULL),
(17559, 1406, 'Karyawangi', 1, NULL, NULL),
(17560, 1407, 'Mandalamekar', 1, NULL, NULL),
(17561, 1407, 'Kersagalih', 1, NULL, NULL),
(17562, 1407, 'Ciwarak', 1, NULL, NULL),
(17563, 1407, 'Jatiwaras', 1, NULL, NULL),
(17564, 1407, 'Papayan', 1, NULL, NULL),
(17565, 1407, 'Neglasari', 1, NULL, NULL),
(17566, 1407, 'Kaputihan', 1, NULL, NULL),
(17567, 1407, 'Setiawangi', 1, NULL, NULL),
(17568, 1407, 'Sukakerta', 1, NULL, NULL),
(17569, 1408, 'Cisarua', 1, NULL, NULL),
(17570, 1408, 'Pasirmukti', 1, NULL, NULL),
(17571, 1408, 'Cikondang', 1, NULL, NULL),
(17572, 1408, 'Cijulang', 1, NULL, NULL),
(17573, 1408, 'Nagaratengah', 1, NULL, NULL),
(17574, 1408, 'Ciampanan', 1, NULL, NULL),
(17575, 1408, 'Cineam', 1, NULL, NULL),
(17576, 1408, 'Madiasari', 1, NULL, NULL),
(17577, 1408, 'Rajadatu', 1, NULL, NULL),
(17578, 1408, 'Ancol', 1, NULL, NULL),
(17579, 1409, 'Citalahab', 1, NULL, NULL),
(17580, 1409, 'Sirnajaya', 1, NULL, NULL),
(17581, 1409, 'Karangjaya', 1, NULL, NULL),
(17582, 1409, 'Karanglayung', 1, NULL, NULL),
(17583, 1410, 'Batusumur', 1, NULL, NULL),
(17584, 1410, 'Cihaur', 1, NULL, NULL),
(17585, 1410, 'Pasirpanjang', 1, NULL, NULL),
(17586, 1410, 'Kalimanggis', 1, NULL, NULL),
(17587, 1410, 'Cibeber', 1, NULL, NULL),
(17588, 1410, 'Gunajaya', 1, NULL, NULL),
(17589, 1410, 'Margahayu', 1, NULL, NULL),
(17590, 1410, 'Kamulyan', 1, NULL, NULL),
(17591, 1410, 'Manonjaya', 1, NULL, NULL),
(17592, 1410, 'Margaluyu', 1, NULL, NULL),
(17593, 1410, 'Cilangkap', 1, NULL, NULL),
(17594, 1410, 'Pasirbatang', 1, NULL, NULL),
(17595, 1411, 'Cinunjang', 1, NULL, NULL),
(17596, 1411, 'Malatisuka', 1, NULL, NULL),
(17597, 1411, 'Giriwangi', 1, NULL, NULL),
(17598, 1411, 'Jatijaya', 1, NULL, NULL),
(17599, 1411, 'Gunungtanjung', 1, NULL, NULL),
(17600, 1411, 'Tanjungsari', 1, NULL, NULL),
(17601, 1411, 'Bojongsari', 1, NULL, NULL),
(17603, 1412, 'Sukaasih', 1, NULL, NULL),
(17604, 1412, 'Cikunten', 1, NULL, NULL),
(17605, 1412, 'Sukaherang', 1, NULL, NULL),
(17606, 1412, 'Singasari', 1, NULL, NULL),
(17607, 1412, 'Singaparna', 1, NULL, NULL),
(17608, 1412, 'Sukamulya', 1, NULL, NULL),
(17609, 1412, 'Cipakat', 1, NULL, NULL),
(17610, 1412, 'Cintaraja', 1, NULL, NULL),
(17611, 1412, 'Cikunir', 1, NULL, NULL),
(17612, 1412, 'Cikadongdong', 1, NULL, NULL),
(17613, 1413, 'Sukarapih', 1, NULL, NULL),
(17614, 1413, 'Wargakerta', 1, NULL, NULL),
(17615, 1413, 'Suka Menak', 1, NULL, NULL),
(17616, 1413, 'Padasuka', 1, NULL, NULL),
(17617, 1413, 'Sukakarsa', 1, NULL, NULL),
(17618, 1413, 'Sukarame', 1, NULL, NULL),
(17619, 1414, 'Pasirsalam', 1, NULL, NULL),
(17620, 1414, 'Sukaluyu', 1, NULL, NULL),
(17621, 1414, 'Sukasukur', 1, NULL, NULL),
(17622, 1414, 'Salebu', 1, NULL, NULL),
(17623, 1414, 'Mangunreja', 1, NULL, NULL),
(17624, 1415, 'Sirnagalih', 1, NULL, NULL),
(17625, 1415, 'Kersamaju', 1, NULL, NULL),
(17626, 1415, 'Tanjungkarang', 1, NULL, NULL),
(17627, 1415, 'Nangtang', 1, NULL, NULL),
(17628, 1415, 'Pusparaja', 1, NULL, NULL),
(17629, 1415, 'Jayapura', 1, NULL, NULL),
(17630, 1415, 'Lengkongjaya', 1, NULL, NULL),
(17631, 1415, 'Tenjonagara', 1, NULL, NULL),
(17632, 1415, 'Nanggerang', 1, NULL, NULL),
(17633, 1415, 'Sukamanah', 1, NULL, NULL),
(17634, 1415, 'Sirnaputra', 1, NULL, NULL),
(17635, 1415, 'Sirnaraja', 1, NULL, NULL),
(17636, 1415, 'Cigalontang', 1, NULL, NULL),
(17637, 1415, 'Puspamukti', 1, NULL, NULL),
(17638, 1415, 'Cidugaleun', 1, NULL, NULL),
(17639, 1415, 'Parentas', 1, NULL, NULL),
(17640, 1416, 'Arjasari', 1, NULL, NULL),
(17641, 1416, 'Ciawang', 1, NULL, NULL),
(17642, 1416, 'Jayamukti', 1, NULL, NULL),
(17643, 1416, 'Linggawangi', 1, NULL, NULL),
(17644, 1416, 'Linggamulya', 1, NULL, NULL),
(17645, 1416, 'Cigadog', 1, NULL, NULL),
(17646, 1416, 'Mandalagiri', 1, NULL, NULL),
(17647, 1417, 'Sirnasari', 1, NULL, NULL),
(17648, 1417, 'Linggasirna', 1, NULL, NULL),
(17649, 1417, 'Selawangi', 1, NULL, NULL),
(17650, 1417, 'Sariwangi', 1, NULL, NULL),
(17651, 1417, 'Jayaputra', 1, NULL, NULL),
(17652, 1417, 'Jayaratu', 1, NULL, NULL),
(17653, 1417, 'Sukamulih', 1, NULL, NULL),
(17654, 1417, 'Sukaharja', 1, NULL, NULL),
(17655, 1418, 'Cilampunghilir', 1, NULL, NULL),
(17656, 1418, 'Rancapaku', 1, NULL, NULL),
(17657, 1418, 'Cisaruni', 1, NULL, NULL),
(17658, 1418, 'Padakembang', 1, NULL, NULL),
(17659, 1418, 'Mekarjaya', 1, NULL, NULL),
(17660, 1419, 'Tawangbanteng', 1, NULL, NULL),
(17661, 1419, 'Gunungsari', 1, NULL, NULL),
(17662, 1419, 'Sukamahi', 1, NULL, NULL),
(17663, 1419, 'Sukagalih', 1, NULL, NULL),
(17664, 1419, 'Indrajaya', 1, NULL, NULL),
(17665, 1419, 'Sukaratu', 1, NULL, NULL),
(17666, 1419, 'Sinagar', 1, NULL, NULL),
(17667, 1419, 'Linggajati', 1, NULL, NULL),
(17668, 1420, 'Santanamekar', 1, NULL, NULL),
(17669, 1420, 'Cisayong', 1, NULL, NULL),
(17670, 1420, 'Sukajadi', 1, NULL, NULL),
(17671, 1420, 'Sukasukur', 1, NULL, NULL),
(17672, 1420, 'Jatihurip', 1, NULL, NULL),
(17673, 1420, 'Sukaraharja', 1, NULL, NULL),
(17674, 1420, 'Mekarwangi', 1, NULL, NULL),
(17675, 1420, 'Nusawangi', 1, NULL, NULL),
(17676, 1420, 'Cikadu', 1, NULL, NULL),
(17677, 1420, 'Purwasari', 1, NULL, NULL),
(17678, 1420, 'Cileuleus', 1, NULL, NULL),
(17679, 1420, 'Sukasetia', 1, NULL, NULL),
(17680, 1420, 'Sukamukti', 1, NULL, NULL),
(17681, 1421, 'Banyurasa', 1, NULL, NULL),
(17682, 1421, 'Banyuresmi', 1, NULL, NULL),
(17683, 1421, 'Calingcing', 1, NULL, NULL),
(17684, 1421, 'Kudadepa', 1, NULL, NULL),
(17685, 1421, 'Sundakerta', 1, NULL, NULL),
(17686, 1421, 'Sukahening', 1, NULL, NULL),
(17687, 1421, 'Kiarajangkung', 1, NULL, NULL),
(17688, 1422, 'Rajamandala', 1, NULL, NULL),
(17689, 1422, 'Dawagung', 1, NULL, NULL),
(17690, 1422, 'Rajapolah', 1, NULL, NULL),
(17691, 1422, 'Manggungjaya', 1, NULL, NULL),
(17692, 1422, 'Sukanagalih', 1, NULL, NULL),
(17693, 1422, 'Sukaraja', 1, NULL, NULL),
(17694, 1422, 'Manggungsari', 1, NULL, NULL),
(17695, 1422, 'Tanjungpura', 1, NULL, NULL),
(17696, 1423, 'Karangsembung', 1, NULL, NULL),
(17697, 1423, 'Condong', 1, NULL, NULL),
(17698, 1423, 'Bojonggaok', 1, NULL, NULL),
(17699, 1423, 'Sindangraja', 1, NULL, NULL),
(17700, 1423, 'Tanjungmekar', 1, NULL, NULL),
(17701, 1423, 'Karangmulya', 1, NULL, NULL),
(17702, 1423, 'Karangresik', 1, NULL, NULL),
(17703, 1423, 'Geresik', 1, NULL, NULL),
(17704, 1424, 'Kertamukti', 1, NULL, NULL),
(17705, 1424, 'Gombong', 1, NULL, NULL),
(17706, 1424, 'Bugel', 1, NULL, NULL),
(17707, 1424, 'Margasari', 1, NULL, NULL),
(17708, 1424, 'Pakemitankidul', 1, NULL, NULL),
(17709, 1424, 'Ciawi', 1, NULL, NULL),
(17710, 1424, 'Citamba', 1, NULL, NULL),
(17711, 1424, 'Kurniabakti', 1, NULL, NULL),
(17712, 1424, 'Pakemitan', 1, NULL, NULL),
(17713, 1424, 'Sukamantri', 1, NULL, NULL),
(17714, 1424, 'Pasirhuni', 1, NULL, NULL),
(17715, 1425, 'Pamoyanan', 1, NULL, NULL),
(17716, 1425, 'Buniasih', 1, NULL, NULL),
(17717, 1425, 'Mekarsari', 1, NULL, NULL),
(17718, 1425, 'Dirgahayu', 1, NULL, NULL),
(17719, 1425, 'Cibahayu', 1, NULL, NULL),
(17720, 1425, 'Kadipaten', 1, NULL, NULL),
(17721, 1426, 'Cipacing', 1, NULL, NULL),
(17722, 1426, 'Sukamaju', 1, NULL, NULL),
(17723, 1426, 'Pagersari', 1, NULL, NULL),
(17724, 1426, 'Pagerageung', 1, NULL, NULL),
(17725, 1426, 'Sukadana', 1, NULL, NULL),
(17726, 1426, 'Puteran', 1, NULL, NULL),
(17727, 1426, 'Tanjungkerta', 1, NULL, NULL),
(17728, 1426, 'Guranteng', 1, NULL, NULL),
(17729, 1426, 'Nanggewer', 1, NULL, NULL),
(17730, 1426, 'Sukapada', 1, NULL, NULL),
(17731, 1427, 'Margamulya', 1, NULL, NULL),
(17732, 1427, 'Cipondok', 1, NULL, NULL),
(17733, 1427, 'Sukamenak', 1, NULL, NULL),
(17734, 1427, 'Sukaresik', 1, NULL, NULL),
(17735, 1427, 'Sukaratu', 1, NULL, NULL),
(17736, 1427, 'Banjarsari', 1, NULL, NULL),
(17737, 1427, 'Sukapancar', 1, NULL, NULL),
(17738, 1427, 'Tanjungsari', 1, NULL, NULL),
(17739, 1428, 'Kertamukti', 1, NULL, NULL),
(17740, 1428, 'Ciparanti', 1, NULL, NULL),
(17741, 1428, 'Legokjawa', 1, NULL, NULL),
(17742, 1428, 'Masawah', 1, NULL, NULL),
(17743, 1428, 'Batumalang', 1, NULL, NULL),
(17744, 1428, 'Cimerak', 1, NULL, NULL),
(17745, 1428, 'Limusgede', 1, NULL, NULL),
(17746, 1428, 'Kertaharja', 1, NULL, NULL),
(17747, 1428, 'Mekarsari', 1, NULL, NULL),
(17748, 1428, 'Sindangsari', 1, NULL, NULL),
(17749, 1428, 'Sukajaya', 1, NULL, NULL),
(17750, 1429, 'Ciakar', 1, NULL, NULL),
(17751, 1429, 'Cibanten', 1, NULL, NULL),
(17752, 1429, 'Kertayasa', 1, NULL, NULL),
(17753, 1429, 'Batukaras', 1, NULL, NULL),
(17754, 1429, 'Cijulang', 1, NULL, NULL),
(17755, 1429, 'Kondangjajar', 1, NULL, NULL),
(17756, 1429, 'Margacinta', 1, NULL, NULL),
(17757, 1430, 'Kertajaya', 1, NULL, NULL),
(17758, 1430, 'Bunisari', 1, NULL, NULL),
(17759, 1430, 'Cimindi', 1, NULL, NULL),
(17760, 1430, 'Cigugur', 1, NULL, NULL),
(17761, 1430, 'Campaka', 1, NULL, NULL),
(17762, 1430, 'Pagerbumi', 1, NULL, NULL),
(17763, 1430, 'Harum Mandala', 1, NULL, NULL),
(17764, 1431, 'Sukamulya', 1, NULL, NULL),
(17765, 1431, 'Jadimulya', 1, NULL, NULL),
(17766, 1431, 'Bangunkarya', 1, NULL, NULL),
(17767, 1431, 'Jadikarya', 1, NULL, NULL),
(17768, 1431, 'Bojong', 1, NULL, NULL),
(17769, 1431, 'Karangkamiri', 1, NULL, NULL),
(17770, 1431, 'Cimanggu', 1, NULL, NULL),
(17771, 1431, 'Bangunjaya', 1, NULL, NULL),
(17772, 1431, 'Bojongkondang', 1, NULL, NULL),
(17773, 1431, 'Pangkalan', 1, NULL, NULL),
(17774, 1431, 'Jayasari', 1, NULL, NULL),
(17775, 1431, 'Langkaplancar', 1, NULL, NULL),
(17776, 1432, 'Parigi', 1, NULL, NULL),
(17777, 1432, 'Karangjaladri', 1, NULL, NULL),
(17778, 1432, 'Karangbenda', 1, NULL, NULL),
(17779, 1432, 'Ciliang', 1, NULL, NULL),
(17780, 1432, 'Cibenda', 1, NULL, NULL),
(17781, 1432, 'Bojong', 1, NULL, NULL),
(17782, 1432, 'Selasari', 1, NULL, NULL),
(17783, 1432, 'Cintaratu', 1, NULL, NULL),
(17784, 1432, 'Cintakarya', 1, NULL, NULL),
(17785, 1432, 'Parakanmanggu', 1, NULL, NULL),
(17786, 1433, 'Sukaresik', 1, NULL, NULL),
(17787, 1433, 'Cikembulan', 1, NULL, NULL),
(17788, 1433, 'Pajaten', 1, NULL, NULL),
(17789, 1433, 'Sidamulih', 1, NULL, NULL),
(17790, 1433, 'Cikalong', 1, NULL, NULL),
(17791, 1433, 'Kersaratu', 1, NULL, NULL),
(17792, 1433, 'Kalijati', 1, NULL, NULL),
(17793, 1434, 'Wonoharjo', 1, NULL, NULL),
(17794, 1434, 'Pananjung', 1, NULL, NULL),
(17795, 1434, 'Pangandaran', 1, NULL, NULL),
(17796, 1434, 'Babakan', 1, NULL, NULL),
(17797, 1434, 'Sukahurip', 1, NULL, NULL),
(17798, 1434, 'Purbahayu', 1, NULL, NULL),
(17799, 1434, 'Sidomulyo', 1, NULL, NULL),
(17800, 1434, 'Pagergunung', 1, NULL, NULL),
(17801, 1435, 'Putrapinggan', 1, NULL, NULL),
(17802, 1435, 'Emplak', 1, NULL, NULL),
(17803, 1435, 'Bagolo', 1, NULL, NULL),
(17804, 1435, 'Pamotan', 1, NULL, NULL),
(17805, 1435, 'Kalipucang', 1, NULL, NULL),
(17806, 1435, 'Cibuluh', 1, NULL, NULL),
(17807, 1435, 'Banjarharja', 1, NULL, NULL),
(17808, 1435, 'Tunggilis', 1, NULL, NULL),
(17809, 1435, 'Ciparakan', 1, NULL, NULL),
(17810, 1436, 'Panyutran', 1, NULL, NULL),
(17811, 1436, 'Bojongsari', 1, NULL, NULL),
(17812, 1436, 'Ciganjeng', 1, NULL, NULL),
(17813, 1436, 'Sukanagara', 1, NULL, NULL),
(17814, 1436, 'Sindangwangi', 1, NULL, NULL),
(17815, 1436, 'Karangsari', 1, NULL, NULL),
(17816, 1436, 'Kedungwuluh', 1, NULL, NULL),
(17817, 1436, 'Padaherang', 1, NULL, NULL),
(17818, 1436, 'Karangpawitan', 1, NULL, NULL),
(17819, 1436, 'Paledah', 1, NULL, NULL),
(17820, 1436, 'Maruyung Sari', 1, NULL, NULL),
(17821, 1436, 'Cibogo', 1, NULL, NULL),
(17822, 1436, 'Karangmulya', 1, NULL, NULL),
(17823, 1436, 'Pasirgeulis', 1, NULL, NULL),
(17829, 1437, 'Cikupa', 1, NULL, NULL),
(17830, 1437, 'Karyamukti', 1, NULL, NULL),
(17831, 1437, 'Cigayam', 1, NULL, NULL),
(17832, 1437, 'Banjaranyar', 1, NULL, NULL),
(17833, 1437, 'Kalijaya', 1, NULL, NULL),
(17834, 1437, 'Pasawahan', 1, NULL, NULL),
(17835, 1437, 'Cikaso', 1, NULL, NULL),
(17836, 1437, 'Sindangrasa', 1, NULL, NULL),
(17837, 1437, 'Sukasari', 1, NULL, NULL),
(17838, 1437, 'Langkapsari', 1, NULL, NULL),
(17839, 1437, 'Kawasen', 1, NULL, NULL),
(17840, 1437, 'Cibadak', 1, NULL, NULL),
(17841, 1437, 'Banjarsari', 1, NULL, NULL),
(17842, 1437, 'Sindangsari', 1, NULL, NULL),
(17843, 1437, 'Sindanghayu', 1, NULL, NULL),
(17844, 1437, 'Sindangasih', 1, NULL, NULL),
(17845, 1437, 'Purwasari', 1, NULL, NULL),
(17846, 1437, 'Ciherang', 1, NULL, NULL),
(17850, 1438, 'Sindangangin', 1, NULL, NULL),
(17851, 1438, 'Puloerang', 1, NULL, NULL),
(17852, 1438, 'Kalapasawit', 1, NULL, NULL),
(17853, 1438, 'Sukanagara', 1, NULL, NULL),
(17854, 1438, 'Kertajaya', 1, NULL, NULL),
(17855, 1438, 'Sidaharja', 1, NULL, NULL),
(17856, 1438, 'Baregbeg', 1, NULL, NULL),
(17857, 1438, 'Cintajaya', 1, NULL, NULL),
(17858, 1438, 'Tambakreja', 1, NULL, NULL),
(17859, 1438, 'Cintaratu', 1, NULL, NULL),
(17869, 1439, 'Sidamulih', 1, NULL, NULL),
(17870, 1439, 'Margajaya', 1, NULL, NULL),
(17871, 1439, 'Neglasari', 1, NULL, NULL),
(17872, 1439, 'Pamarican', 1, NULL, NULL),
(17873, 1439, 'Sukahurip', 1, NULL, NULL),
(17874, 1439, 'Kertahayu', 1, NULL, NULL),
(17875, 1439, 'Sukajadi', 1, NULL, NULL),
(17876, 1439, 'Sukamukti', 1, NULL, NULL),
(17877, 1439, 'Sidaharja', 1, NULL, NULL),
(17878, 1439, 'Bangunsari', 1, NULL, NULL),
(17879, 1439, 'Sukajaya', 1, NULL, NULL),
(17880, 1439, 'Bantarsari', 1, NULL, NULL),
(17881, 1439, 'Pasirnagara', 1, NULL, NULL),
(17882, 1440, 'Jelegong', 1, NULL, NULL),
(17883, 1440, 'Ciparay', 1, NULL, NULL),
(17884, 1440, 'Cidolog', 1, NULL, NULL),
(17885, 1440, 'Janggala', 1, NULL, NULL),
(17886, 1440, 'Hegarmanah', 1, NULL, NULL),
(17887, 1441, 'Bojongmalang', 1, NULL, NULL),
(17888, 1441, 'Raksabaya', 1, NULL, NULL),
(17889, 1441, 'Beber', 1, NULL, NULL),
(17890, 1441, 'Cimaragas', 1, NULL, NULL),
(17891, 1442, 'Handapherang', 1, NULL, NULL),
(17892, 1442, 'Ciharalang', 1, NULL, NULL),
(17893, 1442, 'Bojongmengger', 1, NULL, NULL),
(17894, 1442, 'Karangkamulyan', 1, NULL, NULL),
(17895, 1442, 'Kertabumi', 1, NULL, NULL),
(17896, 1442, 'Cijeungjing', 1, NULL, NULL),
(17897, 1442, 'Pamalayan', 1, NULL, NULL),
(17898, 1442, 'Dewasari', 1, NULL, NULL),
(17899, 1442, 'Utama', 1, NULL, NULL),
(17900, 1442, 'Kertaharja', 1, NULL, NULL),
(17901, 1442, 'Karanganyar', 1, NULL, NULL),
(17902, 1443, 'Danasari', 1, NULL, NULL),
(17903, 1443, 'Sidamulya', 1, NULL, NULL),
(17904, 1443, 'Kepel', 1, NULL, NULL),
(17905, 1443, 'Mekarmukti', 1, NULL, NULL),
(17906, 1443, 'Cisaga', 1, NULL, NULL),
(17907, 1443, 'Wangunjaya', 1, NULL, NULL),
(17908, 1443, 'Tanjungjaya', 1, NULL, NULL),
(17909, 1443, 'Sukahurip', 1, NULL, NULL),
(17910, 1443, 'Bangunharja', 1, NULL, NULL),
(17911, 1443, 'Girimukti', 1, NULL, NULL),
(17912, 1444, 'Tambaksari', 1, NULL, NULL),
(17913, 1444, 'Karangpaningal', 1, NULL, NULL),
(17914, 1444, 'Kaso', 1, NULL, NULL),
(17915, 1444, 'Mekarsari', 1, NULL, NULL),
(17916, 1444, 'Sukasari', 1, NULL, NULL),
(17917, 1444, 'Kadupandak', 1, NULL, NULL),
(17918, 1445, 'Karangpari', 1, NULL, NULL),
(17919, 1445, 'Bojonggedang', 1, NULL, NULL),
(17920, 1445, 'Cisontrol', 1, NULL, NULL),
(17921, 1445, 'Cileungsir', 1, NULL, NULL),
(17922, 1445, 'Kiarapayung', 1, NULL, NULL),
(17923, 1445, 'Kawunglarang', 1, NULL, NULL),
(17924, 1445, 'Rancah', 1, NULL, NULL),
(17925, 1445, 'Situmandala', 1, NULL, NULL),
(17926, 1445, 'Patakaharja', 1, NULL, NULL),
(17927, 1445, 'Dadiharja', 1, NULL, NULL),
(17928, 1445, 'Jangalaharja', 1, NULL, NULL),
(17929, 1445, 'Giriharja', 1, NULL, NULL),
(17930, 1446, 'Tanjungsukur', 1, NULL, NULL),
(17931, 1446, 'Tanjungsari', 1, NULL, NULL),
(17932, 1446, 'Tanjungjaya', 1, NULL, NULL),
(17933, 1446, 'Rajadesa', 1, NULL, NULL),
(17934, 1446, 'Sirnabaya', 1, NULL, NULL),
(17935, 1446, 'Sirnajaya', 1, NULL, NULL),
(17936, 1446, 'Purwaraja', 1, NULL, NULL),
(17937, 1446, 'Andapraja', 1, NULL, NULL),
(17938, 1446, 'Sukaharja', 1, NULL, NULL),
(17939, 1446, 'Tigaherang', 1, NULL, NULL),
(17940, 1446, 'Sukajaya', 1, NULL, NULL),
(17941, 1447, 'Ciparigi', 1, NULL, NULL),
(17942, 1447, 'Bunter', 1, NULL, NULL),
(17943, 1447, 'Margaharja', 1, NULL, NULL),
(17944, 1447, 'Margajaya', 1, NULL, NULL),
(17945, 1447, 'Sukadana', 1, NULL, NULL),
(17946, 1447, 'Salakaria', 1, NULL, NULL),
(17947, 1448, 'Imbanagara Raya', 1, NULL, NULL),
(17948, 1448, 'Cisadap', 1, NULL, NULL),
(17949, 1448, 'Imbanagara', 1, NULL, NULL),
(17950, 1448, 'Sindangrasa', 1, NULL, NULL),
(17951, 1448, 'Panyingkiran', 1, NULL, NULL),
(17952, 1448, 'Pawindan', 1, NULL, NULL),
(17953, 1448, 'Linggasari', 1, NULL, NULL),
(17954, 1448, 'Ciamis', 1, NULL, NULL),
(17955, 1448, 'Benteng', 1, NULL, NULL),
(17956, 1448, 'Cigembor', 1, NULL, NULL),
(17957, 1448, 'Kertasari', 1, NULL, NULL),
(17958, 1448, 'Maleber', 1, NULL, NULL),
(17968, 1449, 'Panaragan', 1, NULL, NULL),
(17969, 1449, 'Margaluyu', 1, NULL, NULL),
(17970, 1449, 'Cikoneng', 1, NULL, NULL),
(17971, 1449, 'Kujang', 1, NULL, NULL),
(17972, 1449, 'Darmacaang', 1, NULL, NULL),
(17973, 1449, 'Nasol', 1, NULL, NULL),
(17974, 1449, 'Sindangsari', 1, NULL, NULL),
(17975, 1449, 'Cimari', 1, NULL, NULL),
(17976, 1449, 'Gegempalan', 1, NULL, NULL),
(17986, 1450, 'Sukamulya', 1, NULL, NULL),
(17987, 1450, 'Sukahaji', 1, NULL, NULL),
(17988, 1450, 'Sukahurip', 1, NULL, NULL),
(17989, 1450, 'Sukamaju', 1, NULL, NULL),
(17990, 1450, 'Cijulang', 1, NULL, NULL),
(17991, 1450, 'Sukasetia', 1, NULL, NULL),
(17992, 1450, 'Sumberjaya', 1, NULL, NULL),
(17993, 1450, 'Cihaurbeuti', 1, NULL, NULL),
(17994, 1450, 'Pasirtamiang', 1, NULL, NULL),
(17995, 1450, 'Padamulya', 1, NULL, NULL),
(17996, 1450, 'Pamokolan', 1, NULL, NULL),
(17997, 1451, 'Mekarjadi', 1, NULL, NULL),
(17998, 1451, 'Sukajadi', 1, NULL, NULL),
(17999, 1451, 'Werasari', 1, NULL, NULL),
(18000, 1451, 'Mangkubumi', 1, NULL, NULL),
(18001, 1451, 'Bendasari', 1, NULL, NULL),
(18002, 1451, 'Sadananya', 1, NULL, NULL),
(18003, 1451, 'Tanjungsari', 1, NULL, NULL),
(18004, 1451, 'Gunungsari', 1, NULL, NULL),
(18005, 1452, 'Muktisari', 1, NULL, NULL),
(18006, 1452, 'Mekarsari', 1, NULL, NULL),
(18007, 1452, 'Buniseuri', 1, NULL, NULL),
(18008, 1452, 'Pusakasari', 1, NULL, NULL),
(18009, 1452, 'Jalatrang', 1, NULL, NULL),
(18010, 1452, 'Sukawening', 1, NULL, NULL),
(18011, 1452, 'Cipaku', 1, NULL, NULL),
(18012, 1452, 'Bangbayang', 1, NULL, NULL),
(18013, 1452, 'Cieurih', 1, NULL, NULL),
(18014, 1452, 'Selamanik', 1, NULL, NULL),
(18015, 1452, 'Selacai', 1, NULL, NULL),
(18016, 1452, 'Gereba', 1, NULL, NULL),
(18017, 1452, 'Ciakar', 1, NULL, NULL),
(18018, 1453, 'Cintanagara', 1, NULL, NULL),
(18019, 1453, 'Bayasari', 1, NULL, NULL),
(18020, 1453, 'Jatinagara', 1, NULL, NULL),
(18021, 1453, 'Dayeuhluhur', 1, NULL, NULL),
(18022, 1453, 'Sukanagara', 1, NULL, NULL),
(18023, 1453, 'Mulyasari', 1, NULL, NULL),
(18024, 1454, 'Kertayasa', 1, NULL, NULL),
(18025, 1454, 'Karangpaningal', 1, NULL, NULL),
(18026, 1454, 'Indragiri', 1, NULL, NULL),
(18027, 1454, 'Panawangan', 1, NULL, NULL),
(18028, 1454, 'Sagalaherang', 1, NULL, NULL),
(18029, 1454, 'Nagarapageuh', 1, NULL, NULL),
(18030, 1454, 'Nagarajaya', 1, NULL, NULL),
(18031, 1454, 'Nagarajati', 1, NULL, NULL),
(18032, 1454, 'Jagabaya', 1, NULL, NULL),
(18033, 1454, 'Cinyasag', 1, NULL, NULL),
(18034, 1454, 'Gardujaya', 1, NULL, NULL),
(18035, 1454, 'Sadapaingan', 1, NULL, NULL),
(18036, 1455, 'Sindangsari', 1, NULL, NULL),
(18037, 1455, 'Kawali', 1, NULL, NULL),
(18038, 1455, 'Karangpawitan', 1, NULL, NULL),
(18039, 1455, 'Kawalimukti', 1, NULL, NULL),
(18040, 1455, 'Talagasari', 1, NULL, NULL),
(18041, 1455, 'Selasari', 1, NULL, NULL),
(18042, 1455, 'Margamulya', 1, NULL, NULL),
(18043, 1455, 'Winduraja', 1, NULL, NULL),
(18044, 1455, 'Purwasari', 1, NULL, NULL),
(18045, 1455, 'Citeureup', 1, NULL, NULL),
(18046, 1455, 'Linggapura', 1, NULL, NULL),
(18054, 1456, 'Mandalare', 1, NULL, NULL),
(18055, 1456, 'Kertamandala', 1, NULL, NULL),
(18056, 1456, 'Ciomas', 1, NULL, NULL),
(18057, 1456, 'Sandingtaman', 1, NULL, NULL),
(18058, 1456, 'Maparah', 1, NULL, NULL),
(18059, 1456, 'Panjalu', 1, NULL, NULL),
(18060, 1456, 'Bahara', 1, NULL, NULL),
(18061, 1456, 'Hujungtiwu', 1, NULL, NULL),
(18067, 1457, 'Medanglayang', 1, NULL, NULL),
(18068, 1457, 'Panumbangan', 1, NULL, NULL),
(18069, 1457, 'Tanjungmulya', 1, NULL, NULL),
(18070, 1457, 'Kertaraharja', 1, NULL, NULL),
(18071, 1457, 'Sukakerta', 1, NULL, NULL),
(18072, 1457, 'Golat', 1, NULL, NULL),
(18073, 1457, 'Sindangherang', 1, NULL, NULL),
(18074, 1457, 'Sindangmukti', 1, NULL, NULL),
(18075, 1457, 'Jayagiri', 1, NULL, NULL),
(18076, 1457, 'Banjarangsana', 1, NULL, NULL),
(18077, 1457, 'Payungsari', 1, NULL, NULL),
(18078, 1457, 'Payungagung', 1, NULL, NULL),
(18079, 1457, 'Sindangbarang', 1, NULL, NULL),
(18080, 1458, 'Cimenga', 1, NULL, NULL),
(18081, 1458, 'Tugumulya', 1, NULL, NULL),
(18082, 1458, 'Cageur', 1, NULL, NULL),
(18083, 1458, 'Sakerta Timur', 1, NULL, NULL),
(18084, 1458, 'Sakerta Barat', 1, NULL, NULL),
(18085, 1458, 'Sukarasa', 1, NULL, NULL),
(18086, 1458, 'Paninggaran', 1, NULL, NULL),
(18087, 1458, 'Cipasung', 1, NULL, NULL),
(18088, 1458, 'Kawahmanuk', 1, NULL, NULL),
(18089, 1458, 'Cikupa', 1, NULL, NULL),
(18090, 1458, 'Parung', 1, NULL, NULL),
(18091, 1458, 'Darma', 1, NULL, NULL),
(18092, 1458, 'Jagara', 1, NULL, NULL),
(18093, 1458, 'Bakom', 1, NULL, NULL),
(18094, 1458, 'Karanganyar', 1, NULL, NULL),
(18095, 1458, 'Gunungsirah', 1, NULL, NULL),
(18096, 1458, 'Situsari', 1, NULL, NULL),
(18097, 1458, 'Karangsari', 1, NULL, NULL),
(18099, 1459, 'Margabakti', 1, NULL, NULL),
(18100, 1459, 'Sindangjawa', 1, NULL, NULL),
(18101, 1459, 'Kadugede', 1, NULL, NULL),
(18102, 1459, 'Ciketak', 1, NULL, NULL),
(18103, 1459, 'Nangka', 1, NULL, NULL),
(18104, 1459, 'Windujanten', 1, NULL, NULL),
(18105, 1459, 'Cipondok', 1, NULL, NULL),
(18106, 1459, 'Babatan', 1, NULL, NULL),
(18107, 1459, 'Bayuning', 1, NULL, NULL),
(18108, 1459, 'Ciherang', 1, NULL, NULL),
(18109, 1459, 'Tinggar', 1, NULL, NULL),
(18110, 1459, 'Cisukadana', 1, NULL, NULL),
(18111, 1460, 'Haurkuning', 1, NULL, NULL),
(18112, 1460, 'Kertayuga', 1, NULL, NULL),
(18113, 1460, 'Windusari', 1, NULL, NULL),
(18114, 1460, 'Nusaherang', 1, NULL, NULL),
(18115, 1460, 'Kertawirama', 1, NULL, NULL),
(18116, 1460, 'Cikadu', 1, NULL, NULL),
(18117, 1460, 'Jambar', 1, NULL, NULL),
(18118, 1461, 'Gunungmanik', 1, NULL, NULL),
(18119, 1461, 'Pinara', 1, NULL, NULL),
(18120, 1461, 'Cipedes', 1, NULL, NULL),
(18121, 1461, 'Pamupukan', 1, NULL, NULL),
(18122, 1461, 'Cijemit', 1, NULL, NULL),
(18123, 1461, 'Ciniru', 1, NULL, NULL),
(18124, 1461, 'Rambatan', 1, NULL, NULL),
(18125, 1461, 'Longkewang', 1, NULL, NULL),
(18126, 1461, 'Mungkaldatar', 1, NULL, NULL),
(18127, 1462, 'Tundagan', 1, NULL, NULL),
(18128, 1462, 'Bunigeulis', 1, NULL, NULL),
(18129, 1462, 'Hantara', 1, NULL, NULL),
(18130, 1462, 'Cikondang', 1, NULL, NULL),
(18131, 1462, 'Pasiragung', 1, NULL, NULL),
(18132, 1462, 'Citapen', 1, NULL, NULL),
(18133, 1462, 'Pakapasan Hilir', 1, NULL, NULL),
(18134, 1462, 'Pakapasan Girang', 1, NULL, NULL),
(18135, 1463, 'Cantilan', 1, NULL, NULL),
(18136, 1463, 'Selajambe', 1, NULL, NULL),
(18137, 1463, 'Ciberung', 1, NULL, NULL),
(18138, 1463, 'Kutawaringin', 1, NULL, NULL),
(18139, 1463, 'Bagawat', 1, NULL, NULL),
(18140, 1463, 'Jamberama', 1, NULL, NULL),
(18141, 1463, 'Padahurip', 1, NULL, NULL),
(18142, 1464, 'Tangkolo', 1, NULL, NULL),
(18143, 1464, 'Pamulihan', 1, NULL, NULL),
(18144, 1464, 'Jatisari', 1, NULL, NULL),
(18145, 1464, 'Subang', 1, NULL, NULL),
(18146, 1464, 'Bangunjaya', 1, NULL, NULL),
(18147, 1464, 'Gunungaci', 1, NULL, NULL),
(18148, 1464, 'Situgede', 1, NULL, NULL),
(18149, 1465, 'Mandapajaya', 1, NULL, NULL),
(18150, 1465, 'Legokherang', 1, NULL, NULL),
(18151, 1465, 'Bungurberes', 1, NULL, NULL),
(18152, 1465, 'Cilebak', 1, NULL, NULL),
(18153, 1465, 'Jalatrang', 1, NULL, NULL),
(18154, 1465, 'Patala', 1, NULL, NULL),
(18155, 1465, 'Cilimusari', 1, NULL, NULL),
(18156, 1466, 'Citundun', 1, NULL, NULL),
(18157, 1466, 'Sagaranten', 1, NULL, NULL),
(18158, 1466, 'Sumberjaya', 1, NULL, NULL),
(18159, 1466, 'Lebakherang', 1, NULL, NULL),
(18160, 1466, 'Cilayung', 1, NULL, NULL),
(18161, 1466, 'Ciwaru', 1, NULL, NULL),
(18162, 1466, 'Karangbaru', 1, NULL, NULL),
(18163, 1466, 'Garajati', 1, NULL, NULL),
(18164, 1466, 'Baok', 1, NULL, NULL),
(18165, 1466, 'Andamui', 1, NULL, NULL),
(18166, 1467, 'Margacina', 1, NULL, NULL),
(18167, 1467, 'Jabranti', 1, NULL, NULL),
(18168, 1467, 'Karangkancana', 1, NULL, NULL),
(18169, 1467, 'Kaduagung', 1, NULL, NULL),
(18170, 1467, 'Segong', 1, NULL, NULL),
(18171, 1467, 'Tanjungkerta', 1, NULL, NULL),
(18172, 1467, 'Sukasari', 1, NULL, NULL),
(18173, 1468, 'Ciangir', 1, NULL, NULL),
(18174, 1468, 'Cipondok', 1, NULL, NULL),
(18175, 1468, 'Sukaharja', 1, NULL, NULL),
(18176, 1468, 'Sindangjawa', 1, NULL, NULL),
(18177, 1468, 'Sukamaju', 1, NULL, NULL),
(18178, 1468, 'Cibingbin', 1, NULL, NULL),
(18179, 1468, 'Citenjo', 1, NULL, NULL),
(18180, 1468, 'Dukuhbadag', 1, NULL, NULL),
(18181, 1468, 'Cisaat', 1, NULL, NULL),
(18182, 1468, 'Bantarpanjang', 1, NULL, NULL),
(18183, 1469, 'Cimara', 1, NULL, NULL),
(18184, 1469, 'Kawungsari', 1, NULL, NULL),
(18185, 1469, 'Sukarapih', 1, NULL, NULL),
(18186, 1469, 'Sumurwiru', 1, NULL, NULL),
(18187, 1469, 'Cibeureum', 1, NULL, NULL),
(18188, 1469, 'Randusari', 1, NULL, NULL),
(18189, 1469, 'Sukadana', 1, NULL, NULL),
(18190, 1469, 'Tarikolot', 1, NULL, NULL),
(18191, 1470, 'Walaharcageur', 1, NULL, NULL),
(18192, 1470, 'Dukuhpicung', 1, NULL, NULL),
(18193, 1470, 'Wilanagara', 1, NULL, NULL),
(18194, 1470, 'Sindangsari', 1, NULL, NULL),
(18195, 1470, 'Cigedang', 1, NULL, NULL),
(18196, 1470, 'Luragungtonggoh', 1, NULL, NULL),
(18197, 1470, 'Margasari', 1, NULL, NULL),
(18198, 1470, 'Cirahayu', 1, NULL, NULL),
(18199, 1470, 'Sindangsuka', 1, NULL, NULL),
(18200, 1470, 'Cikandang', 1, NULL, NULL);
INSERT INTO `desa` (`id`, `kecamatan_id`, `desa_name`, `publication_status`, `created_at`, `updated_at`) VALUES
(18201, 1470, 'Panyosogan', 1, NULL, NULL),
(18202, 1470, 'Gunungkarung', 1, NULL, NULL),
(18203, 1470, 'Dukuhmaja', 1, NULL, NULL),
(18204, 1470, 'Luragunglandeuh', 1, NULL, NULL),
(18205, 1471, 'Cileuya', 1, NULL, NULL),
(18206, 1471, 'Cikaduwetan', 1, NULL, NULL),
(18207, 1471, 'Benda', 1, NULL, NULL),
(18208, 1471, 'Margamukti', 1, NULL, NULL),
(18209, 1471, 'Cimulya', 1, NULL, NULL),
(18210, 1471, 'Gunungsari', 1, NULL, NULL),
(18211, 1471, 'Cimahi', 1, NULL, NULL),
(18212, 1471, 'Kananga', 1, NULL, NULL),
(18213, 1471, 'Cikeusal', 1, NULL, NULL),
(18214, 1471, 'Mulyajaya', 1, NULL, NULL),
(18215, 1471, 'Sukajaya', 1, NULL, NULL),
(18216, 1471, 'Mekarjaya', 1, NULL, NULL),
(18217, 1472, 'Cihideunggirang', 1, NULL, NULL),
(18218, 1472, 'Cihideunghilir', 1, NULL, NULL),
(18219, 1472, 'Cidahu', 1, NULL, NULL),
(18220, 1472, 'Kertawinangun', 1, NULL, NULL),
(18221, 1472, 'Datar', 1, NULL, NULL),
(18222, 1472, 'Bunder', 1, NULL, NULL),
(18223, 1472, 'Legok', 1, NULL, NULL),
(18224, 1472, 'Cieurih', 1, NULL, NULL),
(18225, 1472, 'Nanggela', 1, NULL, NULL),
(18226, 1472, 'Cibulan', 1, NULL, NULL),
(18227, 1472, 'Cikeusik', 1, NULL, NULL),
(18228, 1472, 'Jatimulya', 1, NULL, NULL),
(18229, 1473, 'Kalimanggis Kulon', 1, NULL, NULL),
(18230, 1473, 'Kalimanggis Wetan', 1, NULL, NULL),
(18231, 1473, 'Cipancur', 1, NULL, NULL),
(18232, 1473, 'Partawangunan', 1, NULL, NULL),
(18233, 1473, 'Kertawana', 1, NULL, NULL),
(18234, 1473, 'Wanasaraya', 1, NULL, NULL),
(18235, 1474, 'Cijagamulya', 1, NULL, NULL),
(18236, 1474, 'Ciomas', 1, NULL, NULL),
(18237, 1474, 'Sidaraja', 1, NULL, NULL),
(18238, 1474, 'Pajawanlor', 1, NULL, NULL),
(18239, 1474, 'Lebaksiuh', 1, NULL, NULL),
(18240, 1474, 'Keramatmulya', 1, NULL, NULL),
(18241, 1474, 'Geresik', 1, NULL, NULL),
(18242, 1474, 'Ciputat', 1, NULL, NULL),
(18243, 1474, 'Kapandayan', 1, NULL, NULL),
(18244, 1474, 'Dukuhdalem', 1, NULL, NULL),
(18245, 1474, 'Pangkalan', 1, NULL, NULL),
(18246, 1474, 'Ciawigebang', 1, NULL, NULL),
(18247, 1474, 'Kadurama', 1, NULL, NULL),
(18248, 1474, 'Pamijahan', 1, NULL, NULL),
(18249, 1474, 'Karangkamulyan', 1, NULL, NULL),
(18250, 1474, 'Ciawilor', 1, NULL, NULL),
(18251, 1474, 'Cihaur', 1, NULL, NULL),
(18252, 1474, 'Cigarukgak', 1, NULL, NULL),
(18259, 1475, 'Muncangela', 1, NULL, NULL),
(18260, 1475, 'Karoya', 1, NULL, NULL),
(18261, 1475, 'Susukan', 1, NULL, NULL),
(18262, 1475, 'Sukamukti', 1, NULL, NULL),
(18263, 1475, 'Cipicung', 1, NULL, NULL),
(18264, 1475, 'Mekarsari', 1, NULL, NULL),
(18265, 1475, 'Cimaranten', 1, NULL, NULL),
(18266, 1475, 'Pamulihan', 1, NULL, NULL),
(18267, 1475, 'Salareuma', 1, NULL, NULL),
(18268, 1475, 'Suganangan', 1, NULL, NULL),
(18282, 1476, 'Cinagara', 1, NULL, NULL),
(18283, 1476, 'Cineumbeuy', 1, NULL, NULL),
(18284, 1476, 'Cipetir', 1, NULL, NULL),
(18285, 1476, 'Lebakwangi', 1, NULL, NULL),
(18286, 1476, 'Mancagar', 1, NULL, NULL),
(18287, 1476, 'Langseb', 1, NULL, NULL),
(18291, 1476, 'Pajawankidul', 1, NULL, NULL),
(18292, 1476, 'Pagundan', 1, NULL, NULL),
(18293, 1476, 'Manggari', 1, NULL, NULL),
(18294, 1476, 'Pasayangan', 1, NULL, NULL),
(18295, 1476, 'Sindang', 1, NULL, NULL),
(18296, 1476, 'Bendungan', 1, NULL, NULL),
(18297, 1476, 'Mekarwangi', 1, NULL, NULL),
(18298, 1477, 'Cirukem', 1, NULL, NULL),
(18299, 1477, 'Gewok', 1, NULL, NULL),
(18300, 1477, 'Kutakembaran', 1, NULL, NULL),
(18301, 1477, 'Pakembangan', 1, NULL, NULL),
(18302, 1477, 'Kadatuan', 1, NULL, NULL),
(18303, 1477, 'Tembong', 1, NULL, NULL),
(18304, 1477, 'Lengkong', 1, NULL, NULL),
(18305, 1477, 'Purwasari', 1, NULL, NULL),
(18306, 1477, 'Garawangi', 1, NULL, NULL),
(18307, 1477, 'Karamatwangi', 1, NULL, NULL),
(18308, 1477, 'Sukaimut', 1, NULL, NULL),
(18309, 1477, 'Cikananga', 1, NULL, NULL),
(18310, 1477, 'Tambakbaya', 1, NULL, NULL),
(18311, 1477, 'Mekarmulya', 1, NULL, NULL),
(18312, 1477, 'Sukamulya', 1, NULL, NULL),
(18313, 1477, 'Mancagar', 1, NULL, NULL),
(18314, 1477, 'Citiusari', 1, NULL, NULL),
(18327, 1478, 'Cibinuang', 1, NULL, NULL),
(18328, 1478, 'Citangtu', 1, NULL, NULL),
(18329, 1478, 'Karangtawang', 1, NULL, NULL),
(18330, 1478, 'Winduhaji', 1, NULL, NULL),
(18331, 1478, 'Kuningan', 1, NULL, NULL),
(18332, 1478, 'Purwawinangun', 1, NULL, NULL),
(18333, 1478, 'Cigintung', 1, NULL, NULL),
(18334, 1478, 'Cijoho', 1, NULL, NULL),
(18335, 1478, 'Windusengkahan', 1, NULL, NULL),
(18336, 1478, 'Ciporang', 1, NULL, NULL),
(18337, 1478, 'Ancaran', 1, NULL, NULL),
(18338, 1478, 'Kedungarum', 1, NULL, NULL),
(18339, 1478, 'Cirendang', 1, NULL, NULL),
(18340, 1478, 'Awirarangan', 1, NULL, NULL),
(18341, 1479, 'Cigadung', 1, NULL, NULL),
(18342, 1479, 'Sukamulya', 1, NULL, NULL),
(18343, 1479, 'Cileuleuy', 1, NULL, NULL),
(18344, 1479, 'Puncak', 1, NULL, NULL),
(18345, 1479, 'Babakanmulya', 1, NULL, NULL),
(18346, 1479, 'Cisantana', 1, NULL, NULL),
(18347, 1479, 'Cigugur', 1, NULL, NULL),
(18348, 1479, 'Winduherang', 1, NULL, NULL),
(18349, 1479, 'Gunungkeling', 1, NULL, NULL),
(18350, 1480, 'Pajambon', 1, NULL, NULL),
(18351, 1480, 'Ragawacana', 1, NULL, NULL),
(18352, 1480, 'Cilowa', 1, NULL, NULL),
(18353, 1480, 'Kasturi', 1, NULL, NULL),
(18354, 1480, 'Gereba', 1, NULL, NULL),
(18355, 1480, 'Padarek', 1, NULL, NULL),
(18356, 1480, 'Cikubangsari', 1, NULL, NULL),
(18357, 1480, 'Widarasari', 1, NULL, NULL),
(18358, 1480, 'Cilaja', 1, NULL, NULL),
(18359, 1480, 'Bojong', 1, NULL, NULL),
(18360, 1480, 'Cikaso', 1, NULL, NULL),
(18361, 1480, 'Kramatmulya', 1, NULL, NULL),
(18362, 1480, 'Cibentang', 1, NULL, NULL),
(18363, 1480, 'Gandasoli', 1, NULL, NULL),
(18364, 1480, 'Kalapagunung', 1, NULL, NULL),
(18365, 1480, 'Nanggerang', 1, NULL, NULL),
(18366, 1480, 'Karangmangu', 1, NULL, NULL),
(18367, 1481, 'Sukamukti', 1, NULL, NULL),
(18368, 1481, 'Sidamulya', 1, NULL, NULL),
(18369, 1481, 'Jalaksana', 1, NULL, NULL),
(18370, 1481, 'Babakanmulya', 1, NULL, NULL),
(18371, 1481, 'Sangkanerang', 1, NULL, NULL),
(18372, 1481, 'Sayana', 1, NULL, NULL),
(18373, 1481, 'Peusing', 1, NULL, NULL),
(18374, 1481, 'Sembawa', 1, NULL, NULL),
(18375, 1481, 'Sadamantra', 1, NULL, NULL),
(18376, 1481, 'Maniskidul', 1, NULL, NULL),
(18377, 1481, 'Manislor', 1, NULL, NULL),
(18378, 1481, 'Padamenak', 1, NULL, NULL),
(18379, 1481, 'Ciniru', 1, NULL, NULL),
(18380, 1481, 'Sindangbarang', 1, NULL, NULL),
(18381, 1482, 'Rajadanu', 1, NULL, NULL),
(18382, 1482, 'Dukuhdalem', 1, NULL, NULL),
(18383, 1482, 'Garatengah', 1, NULL, NULL),
(18384, 1482, 'Japara', 1, NULL, NULL),
(18385, 1482, 'Singkup', 1, NULL, NULL),
(18386, 1482, 'Wano', 1, NULL, NULL),
(18387, 1482, 'Citapen', 1, NULL, NULL),
(18388, 1482, 'Cengal', 1, NULL, NULL),
(18389, 1482, 'Cikeleng', 1, NULL, NULL),
(18390, 1482, 'Kalimati', 1, NULL, NULL),
(18391, 1483, 'Bandorasa Kulon', 1, NULL, NULL),
(18392, 1483, 'Bandorasa Wetan', 1, NULL, NULL),
(18402, 1483, 'Bojong', 1, NULL, NULL),
(18403, 1483, 'Linggamekar', 1, NULL, NULL),
(18404, 1483, 'Linggasana', 1, NULL, NULL),
(18405, 1483, 'Linggajati', 1, NULL, NULL),
(18406, 1483, 'Linggaindah', 1, NULL, NULL),
(18407, 1483, 'Cilimus', 1, NULL, NULL),
(18410, 1483, 'Caracas', 1, NULL, NULL),
(18411, 1483, 'Sampora', 1, NULL, NULL),
(18412, 1483, 'Kaliaren', 1, NULL, NULL),
(18413, 1483, 'Setianegara', 1, NULL, NULL),
(18414, 1483, 'Cibeureum', 1, NULL, NULL),
(18415, 1484, 'Trijaya', 1, NULL, NULL),
(18416, 1484, 'Randobawagirang', 1, NULL, NULL),
(18417, 1484, 'Salakadomas', 1, NULL, NULL),
(18418, 1484, 'Pakembangan', 1, NULL, NULL),
(18419, 1484, 'Randobawailir', 1, NULL, NULL),
(18420, 1484, 'Kertawinangun', 1, NULL, NULL),
(18421, 1484, 'Seda', 1, NULL, NULL),
(18422, 1484, 'Nanggerangjaya', 1, NULL, NULL),
(18423, 1484, 'Sukasari', 1, NULL, NULL),
(18424, 1484, 'Cirea', 1, NULL, NULL),
(18425, 1484, 'Nanggela', 1, NULL, NULL),
(18426, 1484, 'Mandirancan', 1, NULL, NULL),
(18427, 1485, 'Silebu', 1, NULL, NULL),
(18428, 1485, 'Kahiyangan', 1, NULL, NULL),
(18429, 1485, 'Patalagan', 1, NULL, NULL),
(18430, 1485, 'Sumbakeling', 1, NULL, NULL),
(18431, 1485, 'Danalampah', 1, NULL, NULL),
(18432, 1485, 'Sindangkempeng', 1, NULL, NULL),
(18433, 1485, 'Pancalang', 1, NULL, NULL),
(18434, 1485, 'Tajurbuntu', 1, NULL, NULL),
(18435, 1485, 'Rajawetan', 1, NULL, NULL),
(18436, 1485, 'Mekarjaya', 1, NULL, NULL),
(18437, 1485, 'Tenjolayar', 1, NULL, NULL),
(18438, 1485, 'Tarikolot', 1, NULL, NULL),
(18439, 1485, 'Sarewu', 1, NULL, NULL),
(18440, 1486, 'Cibuntu', 1, NULL, NULL),
(18441, 1486, 'Paniis', 1, NULL, NULL),
(18442, 1486, 'Singkup', 1, NULL, NULL),
(18443, 1486, 'Cidahu', 1, NULL, NULL),
(18444, 1486, 'Pasawahan', 1, NULL, NULL),
(18445, 1486, 'Padabeunghar', 1, NULL, NULL),
(18446, 1486, 'Kaduela', 1, NULL, NULL),
(18447, 1486, 'Padamatang', 1, NULL, NULL),
(18448, 1486, 'Ciwiru', 1, NULL, NULL),
(18449, 1486, 'Cimara', 1, NULL, NULL),
(18457, 1487, 'Waled Desa', 1, NULL, NULL),
(18458, 1487, 'Waled Kota', 1, NULL, NULL),
(18459, 1487, 'Mekarsari', 1, NULL, NULL),
(18460, 1487, 'Waled Asem', 1, NULL, NULL),
(18461, 1487, 'Ambit', 1, NULL, NULL),
(18462, 1487, 'Ciuyah', 1, NULL, NULL),
(18463, 1487, 'Gunungsari', 1, NULL, NULL),
(18464, 1487, 'Karangsari', 1, NULL, NULL),
(18465, 1487, 'Cikulak Kidul', 1, NULL, NULL),
(18466, 1487, 'Cikulak', 1, NULL, NULL),
(18467, 1487, 'Cibogo', 1, NULL, NULL),
(18468, 1487, 'Cisaat', 1, NULL, NULL),
(18476, 1488, 'Leuweunggajah', 1, NULL, NULL),
(18477, 1488, 'Tenjomaya', 1, NULL, NULL),
(18478, 1488, 'Damarguna', 1, NULL, NULL),
(18479, 1488, 'Jatiseeng', 1, NULL, NULL),
(18480, 1488, 'Jatiseeng Kidul', 1, NULL, NULL),
(18481, 1488, 'Ciledug Kulon', 1, NULL, NULL),
(18482, 1488, 'Ciledug Wetan', 1, NULL, NULL),
(18483, 1488, 'Ciledug Lor', 1, NULL, NULL),
(18484, 1488, 'Ciledug Tengah', 1, NULL, NULL),
(18485, 1488, 'Bojongnegara', 1, NULL, NULL),
(18491, 1489, 'Astanalanggar', 1, NULL, NULL),
(18492, 1489, 'Barisan', 1, NULL, NULL),
(18493, 1489, 'Losari Kidul', 1, NULL, NULL),
(18494, 1489, 'Panggangsari', 1, NULL, NULL),
(18495, 1489, 'Losari Lor', 1, NULL, NULL),
(18496, 1489, 'Mulyasari', 1, NULL, NULL),
(18497, 1489, 'Kalirahayu', 1, NULL, NULL),
(18498, 1489, 'Kalisari', 1, NULL, NULL),
(18499, 1489, 'Ambulu', 1, NULL, NULL),
(18500, 1489, 'Tawangsari', 1, NULL, NULL),
(18501, 1490, 'Babakan Losari', 1, NULL, NULL),
(18502, 1490, 'Sidaresmi', 1, NULL, NULL),
(18503, 1490, 'Kalibuntu', 1, NULL, NULL),
(18504, 1490, 'Dukuhwidara', 1, NULL, NULL),
(18505, 1490, 'Pasuruan', 1, NULL, NULL),
(18506, 1490, 'Kalimukti', 1, NULL, NULL),
(18507, 1490, 'Pabedilan Kaler', 1, NULL, NULL),
(18508, 1490, 'Babakan Losari Lor', 1, NULL, NULL),
(18509, 1491, 'Cangkuang', 1, NULL, NULL),
(18510, 1491, 'Serang Wetan', 1, NULL, NULL),
(18511, 1491, 'Bojonggebang', 1, NULL, NULL),
(18512, 1491, 'Kudukeras', 1, NULL, NULL),
(18513, 1491, 'Sumber Kidul', 1, NULL, NULL),
(18514, 1491, 'Kudumulya', 1, NULL, NULL),
(18515, 1491, 'Sumber Lor', 1, NULL, NULL),
(18516, 1491, 'Babakan', 1, NULL, NULL),
(18517, 1491, 'Pakusamben', 1, NULL, NULL),
(18518, 1491, 'Karangwangun', 1, NULL, NULL),
(18519, 1491, 'Babakan Gebang', 1, NULL, NULL),
(18520, 1491, 'Gembongan', 1, NULL, NULL),
(18521, 1491, 'Serang Kulon', 1, NULL, NULL),
(18522, 1491, 'Gembongan Mekar', 1, NULL, NULL),
(18523, 1492, 'Dompyong Kulon', 1, NULL, NULL),
(18524, 1492, 'Dompyong Wetan', 1, NULL, NULL),
(18525, 1492, 'Kalimekar', 1, NULL, NULL),
(18526, 1492, 'Kalimaro', 1, NULL, NULL),
(18527, 1492, 'Gagasari', 1, NULL, NULL),
(18528, 1492, 'Kalipasung', 1, NULL, NULL),
(18529, 1492, 'Gebang Kulon', 1, NULL, NULL),
(18530, 1492, 'Gebang', 1, NULL, NULL),
(18531, 1492, 'Gebang Udik', 1, NULL, NULL),
(18532, 1492, 'Gebang Ilir', 1, NULL, NULL),
(18533, 1492, 'Gebang Mekar', 1, NULL, NULL),
(18534, 1492, 'Pelayangan', 1, NULL, NULL),
(18535, 1492, 'Melakasari', 1, NULL, NULL),
(18543, 1493, 'Tambelang', 1, NULL, NULL),
(18550, 1493, 'Karangsuwung', 1, NULL, NULL),
(18551, 1493, 'Karangtengah', 1, NULL, NULL),
(18552, 1493, 'Kalimeang', 1, NULL, NULL),
(18553, 1493, 'Karangmalang', 1, NULL, NULL),
(18554, 1493, 'Karangmekar', 1, NULL, NULL),
(18555, 1493, 'Kubangkarang', 1, NULL, NULL),
(18556, 1493, 'Karangsembung', 1, NULL, NULL),
(18558, 1494, 'Leuwidingding', 1, NULL, NULL),
(18559, 1494, 'Asem', 1, NULL, NULL),
(18560, 1494, 'Cipeujeuh Kulon', 1, NULL, NULL),
(18561, 1494, 'Sindanglaut', 1, NULL, NULL),
(18562, 1494, 'Cipeujeuh Wetan', 1, NULL, NULL),
(18563, 1494, 'Lemahabang Kulon', 1, NULL, NULL),
(18564, 1494, 'Lemahabang Wetan', 1, NULL, NULL),
(18565, 1494, 'Sigong', 1, NULL, NULL),
(18566, 1494, 'Sarajaya', 1, NULL, NULL),
(18567, 1495, 'Karangmangu', 1, NULL, NULL),
(18568, 1495, 'Kaligawe', 1, NULL, NULL),
(18569, 1495, 'Kaligawe Wetan', 1, NULL, NULL),
(18570, 1495, 'Curug Wetan', 1, NULL, NULL),
(18571, 1495, 'Curug', 1, NULL, NULL),
(18572, 1495, 'Wilulang', 1, NULL, NULL),
(18573, 1495, 'Susukan Agung', 1, NULL, NULL),
(18574, 1495, 'Susukan Lebak', 1, NULL, NULL),
(18575, 1495, 'Susukan Tonggoh', 1, NULL, NULL),
(18576, 1495, 'Sampih', 1, NULL, NULL),
(18577, 1496, 'Karangwuni', 1, NULL, NULL),
(18578, 1496, 'Sedong Kidul', 1, NULL, NULL),
(18579, 1496, 'Sedong Lor', 1, NULL, NULL),
(18580, 1496, 'Windujaya', 1, NULL, NULL),
(18581, 1496, 'Winduhaji', 1, NULL, NULL),
(18582, 1496, 'Kertawangun', 1, NULL, NULL),
(18583, 1496, 'Panambangan', 1, NULL, NULL),
(18584, 1496, 'Putat', 1, NULL, NULL),
(18585, 1496, 'Panongan', 1, NULL, NULL),
(18586, 1496, 'Panongan Lor', 1, NULL, NULL),
(18592, 1497, 'Munjul', 1, NULL, NULL),
(18593, 1497, 'Sidamulya', 1, NULL, NULL),
(18594, 1497, 'Mertapada Kulon', 1, NULL, NULL),
(18595, 1497, 'Mertapada Wetan', 1, NULL, NULL),
(18596, 1497, 'Buntet', 1, NULL, NULL),
(18597, 1497, 'Kanci Kulon', 1, NULL, NULL),
(18598, 1497, 'Kanci', 1, NULL, NULL),
(18599, 1497, 'Astanajapura', 1, NULL, NULL),
(18601, 1497, 'Kendal', 1, NULL, NULL),
(18602, 1497, 'Japura Kidul', 1, NULL, NULL),
(18603, 1497, 'Japurabakti', 1, NULL, NULL),
(18604, 1498, 'Astanamukti', 1, NULL, NULL),
(18605, 1498, 'Pengarengan', 1, NULL, NULL),
(18606, 1498, 'Japura Lor', 1, NULL, NULL),
(18607, 1498, 'Beringin', 1, NULL, NULL),
(18608, 1498, 'Rawaurip', 1, NULL, NULL),
(18609, 1498, 'Bendungan', 1, NULL, NULL),
(18610, 1498, 'Pangenan', 1, NULL, NULL),
(18611, 1498, 'Getrakmoyan', 1, NULL, NULL),
(18612, 1499, 'Setupatok', 1, NULL, NULL),
(18613, 1499, 'Penpen', 1, NULL, NULL),
(18614, 1499, 'Mundu Mesigit', 1, NULL, NULL),
(18615, 1499, 'Luwung', 1, NULL, NULL),
(18616, 1499, 'Waruduwur', 1, NULL, NULL),
(18617, 1499, 'Citemu', 1, NULL, NULL),
(18618, 1499, 'Bandengan', 1, NULL, NULL),
(18619, 1499, 'Mundu Pesisir', 1, NULL, NULL),
(18620, 1499, 'Suci', 1, NULL, NULL),
(18621, 1499, 'Banjarwangunan', 1, NULL, NULL),
(18622, 1499, 'Pamengkang', 1, NULL, NULL),
(18623, 1500, 'Wanayasa', 1, NULL, NULL),
(18624, 1500, 'Sindangkasih', 1, NULL, NULL),
(18625, 1500, 'Sindanghayu', 1, NULL, NULL),
(18626, 1500, 'Ciawigajah', 1, NULL, NULL),
(18630, 1500, 'Cikancas', 1, NULL, NULL),
(18631, 1500, 'Halimpu', 1, NULL, NULL),
(18632, 1500, 'Cipinang', 1, NULL, NULL),
(18633, 1500, 'Beber', 1, NULL, NULL),
(18634, 1500, 'Patapan', 1, NULL, NULL),
(18635, 1500, 'Kondangsari', 1, NULL, NULL),
(18655, 1502, 'Matangaji', 1, NULL, NULL),
(18656, 1502, 'Sidawangi', 1, NULL, NULL),
(18659, 1502, 'Babakan', 1, NULL, NULL),
(18660, 1502, 'Sumber', 1, NULL, NULL),
(18661, 1502, 'Perbutulan', 1, NULL, NULL),
(18662, 1503, 'Bobos', 1, NULL, NULL),
(18663, 1503, 'Cikalahang', 1, NULL, NULL),
(18664, 1503, 'Mandala', 1, NULL, NULL),
(18665, 1503, 'Cisaat', 1, NULL, NULL),
(18666, 1503, 'Sindangjawa', 1, NULL, NULL),
(18667, 1503, 'Sindangmekar', 1, NULL, NULL),
(18668, 1503, 'Cangkoak', 1, NULL, NULL),
(18669, 1503, 'Kepunduan', 1, NULL, NULL),
(18672, 1504, 'Kepuh', 1, NULL, NULL),
(18675, 1504, 'Cilukrak', 1, NULL, NULL),
(18676, 1504, 'Balerante', 1, NULL, NULL),
(18677, 1504, 'Panongan', 1, NULL, NULL),
(18678, 1504, 'Beberan', 1, NULL, NULL),
(18679, 1504, 'Semplo', 1, NULL, NULL),
(18680, 1504, 'Palimanan Timur', 1, NULL, NULL),
(18683, 1504, 'Pegagan', 1, NULL, NULL),
(18684, 1504, 'Lungbenda', 1, NULL, NULL),
(18685, 1504, 'Ciawi', 1, NULL, NULL),
(18686, 1504, 'Cengkuang', 1, NULL, NULL),
(18687, 1504, 'Tegalkarang', 1, NULL, NULL),
(18690, 1505, 'Cempaka', 1, NULL, NULL),
(18691, 1505, 'Pamijahan', 1, NULL, NULL),
(18692, 1505, 'Lurah', 1, NULL, NULL),
(18693, 1505, 'Marikangen', 1, NULL, NULL),
(18694, 1505, 'Bode Lor', 1, NULL, NULL),
(18695, 1505, 'Bodesari', 1, NULL, NULL),
(18696, 1505, 'Gombang', 1, NULL, NULL),
(18697, 1505, 'Karangmulya', 1, NULL, NULL),
(18698, 1505, 'Karangasem', 1, NULL, NULL),
(18699, 1505, 'Plumbon', 1, NULL, NULL),
(18700, 1505, 'Purbawinangun', 1, NULL, NULL),
(18701, 1505, 'Kebarepan', 1, NULL, NULL),
(18702, 1505, 'Pasanggrahan', 1, NULL, NULL),
(18703, 1505, 'Kedungsana', 1, NULL, NULL),
(18704, 1505, 'Danamulya', 1, NULL, NULL),
(18705, 1506, 'Cikeduk', 1, NULL, NULL),
(18706, 1506, 'Warugede', 1, NULL, NULL),
(18707, 1506, 'Karangwangi', 1, NULL, NULL),
(18708, 1506, 'Getasan', 1, NULL, NULL),
(18709, 1506, 'Kejuden', 1, NULL, NULL),
(18710, 1506, 'Keduanan', 1, NULL, NULL),
(18711, 1506, 'Waruroyom', 1, NULL, NULL),
(18712, 1506, 'Warukawung', 1, NULL, NULL),
(18713, 1506, 'Warujaya', 1, NULL, NULL),
(18714, 1506, 'Depok', 1, NULL, NULL),
(18715, 1506, 'Kasugengan Kidul', 1, NULL, NULL),
(18716, 1506, 'Kasugengan Lor', 1, NULL, NULL),
(18721, 1507, 'Karangsari', 1, NULL, NULL),
(18722, 1507, 'Kertasari', 1, NULL, NULL),
(18723, 1507, 'Megu Cilik', 1, NULL, NULL),
(18724, 1507, 'Megu Gede', 1, NULL, NULL),
(18725, 1507, 'Setu Wetan', 1, NULL, NULL),
(18726, 1507, 'Weru Kidul', 1, NULL, NULL),
(18727, 1507, 'Setu Kulon', 1, NULL, NULL),
(18728, 1507, 'Tegalwangi', 1, NULL, NULL),
(18731, 1507, 'Weru Lor', 1, NULL, NULL),
(18780, 1510, 'Bungko', 1, NULL, NULL),
(18781, 1510, 'Kertasura', 1, NULL, NULL),
(18782, 1510, 'Pegagan Kidul', 1, NULL, NULL),
(18785, 1510, 'Pegagan Lor', 1, NULL, NULL),
(18786, 1510, 'Dukuh', 1, NULL, NULL),
(18787, 1510, 'Karangkendal', 1, NULL, NULL),
(18788, 1510, 'Grogol', 1, NULL, NULL),
(18790, 1510, 'Kapetakan', 1, NULL, NULL),
(18791, 1510, 'Bungko Lor', 1, NULL, NULL),
(18792, 1511, 'Serang', 1, NULL, NULL),
(18793, 1511, 'Klangenan', 1, NULL, NULL),
(18794, 1511, 'Danawinangun', 1, NULL, NULL),
(18798, 1511, 'Pekantingan', 1, NULL, NULL),
(18799, 1511, 'Jemaras Kidul', 1, NULL, NULL),
(18800, 1511, 'Jemaras Lor', 1, NULL, NULL),
(18802, 1511, 'Slangit', 1, NULL, NULL),
(18803, 1511, 'Kreyo', 1, NULL, NULL),
(18804, 1511, 'Bangodua', 1, NULL, NULL),
(18810, 1512, 'Sende', 1, NULL, NULL),
(18811, 1512, 'Jungjang Wetan', 1, NULL, NULL),
(18812, 1512, 'Jungjang', 1, NULL, NULL),
(18813, 1512, 'Arjawinangun', 1, NULL, NULL),
(18814, 1512, 'Tegalgubug', 1, NULL, NULL),
(18815, 1512, 'Rawagatel', 1, NULL, NULL),
(18816, 1512, 'Tegalgubug Lor', 1, NULL, NULL),
(18817, 1512, 'Karangsambung', 1, NULL, NULL),
(18818, 1513, 'Kalianyar', 1, NULL, NULL),
(18819, 1513, 'Panguragan Kulon', 1, NULL, NULL),
(18820, 1513, 'Panguragan Wetan', 1, NULL, NULL),
(18821, 1513, 'Panguragan Lor', 1, NULL, NULL),
(18822, 1513, 'Panguragan', 1, NULL, NULL),
(18823, 1513, 'Gujeg', 1, NULL, NULL),
(18824, 1513, 'Lemahtamba', 1, NULL, NULL),
(18828, 1514, 'Ciwaringin', 1, NULL, NULL),
(18829, 1514, 'Babakan', 1, NULL, NULL),
(18830, 1514, 'Budur', 1, NULL, NULL),
(18831, 1514, 'Gintungranjeng', 1, NULL, NULL),
(18832, 1514, 'Gintung Kidul', 1, NULL, NULL),
(18833, 1514, 'Gintung Tengah', 1, NULL, NULL),
(18834, 1514, 'Bringin', 1, NULL, NULL),
(18835, 1514, 'Galagamba', 1, NULL, NULL),
(18840, 1515, 'Tangkil', 1, NULL, NULL),
(18841, 1515, 'Wiyong', 1, NULL, NULL),
(18842, 1515, 'Kedongdong', 1, NULL, NULL),
(18843, 1515, 'Gintung Lor', 1, NULL, NULL),
(18844, 1515, 'Bojong Kulon', 1, NULL, NULL),
(18845, 1515, 'Kejiwan', 1, NULL, NULL),
(18846, 1515, 'Susukan', 1, NULL, NULL),
(18847, 1515, 'Luwung Kencana', 1, NULL, NULL),
(18848, 1515, 'Bunder', 1, NULL, NULL),
(18849, 1515, 'Jatipura', 1, NULL, NULL),
(18850, 1515, 'Ujunggebang', 1, NULL, NULL),
(18851, 1515, 'Jatianom', 1, NULL, NULL),
(18852, 1516, 'Kedungdalem', 1, NULL, NULL),
(18853, 1516, 'Panunggul', 1, NULL, NULL),
(18854, 1516, 'Gegesik Wetan', 1, NULL, NULL),
(18855, 1516, 'Gegesik Kidul', 1, NULL, NULL),
(18858, 1516, 'Slendra', 1, NULL, NULL),
(18859, 1516, 'Jagapura Kidul', 1, NULL, NULL),
(18860, 1516, 'Gegesik Lor', 1, NULL, NULL),
(18861, 1516, 'Gegesik Kulon', 1, NULL, NULL),
(18862, 1516, 'Jagapura Wetan', 1, NULL, NULL),
(18863, 1516, 'Jagapura Kulon', 1, NULL, NULL),
(18864, 1516, 'Jagapura Lor', 1, NULL, NULL),
(18865, 1517, 'Kalideres', 1, NULL, NULL),
(18866, 1517, 'Prajawinangun Wetan', 1, NULL, NULL),
(18867, 1517, 'Prajawinangun Kulon', 1, NULL, NULL),
(18868, 1517, 'Kaliwedi Kidul', 1, NULL, NULL),
(18869, 1517, 'Kaliwedi Lor', 1, NULL, NULL),
(18870, 1517, 'Ujungsemi', 1, NULL, NULL),
(18871, 1517, 'Wargabinangun', 1, NULL, NULL),
(18872, 1517, 'Guwa Kidul', 1, NULL, NULL),
(18873, 1517, 'Guwa Lor', 1, NULL, NULL),
(18874, 1518, 'Cipasung', 1, NULL, NULL),
(18875, 1518, 'Borogojol', 1, NULL, NULL),
(18876, 1518, 'Bangbayang', 1, NULL, NULL),
(18877, 1518, 'Cibulan', 1, NULL, NULL),
(18878, 1518, 'Lemah Putih', 1, NULL, NULL),
(18879, 1518, 'Sadawangi', 1, NULL, NULL),
(18880, 1518, 'Margajaya', 1, NULL, NULL),
(18881, 1518, 'Kalapadua', 1, NULL, NULL),
(18882, 1518, 'Cigaleuh', 1, NULL, NULL),
(18883, 1518, 'Mekarmulya', 1, NULL, NULL),
(18884, 1518, 'Sinargalih', 1, NULL, NULL),
(18885, 1518, 'Padarek', 1, NULL, NULL),
(18886, 1518, 'Sukajadi', 1, NULL, NULL),
(18887, 1518, 'Kepuh', 1, NULL, NULL),
(18888, 1518, 'Mekar Wangi', 1, NULL, NULL),
(18897, 1519, 'Sindanghurip', 1, NULL, NULL),
(18898, 1519, 'Cipeundeuy', 1, NULL, NULL),
(18900, 1519, 'Cimangguhilir', 1, NULL, NULL),
(18901, 1519, 'Salawangi', 1, NULL, NULL),
(18902, 1519, 'Silihwangi', 1, NULL, NULL),
(18903, 1519, 'Wadowetan', 1, NULL, NULL),
(18904, 1519, 'Bantarujeg', 1, NULL, NULL),
(18905, 1519, 'Babakansari', 1, NULL, NULL),
(18906, 1519, 'Gununglarang', 1, NULL, NULL),
(18907, 1519, 'Cikidang', 1, NULL, NULL),
(18908, 1519, 'Cinambo', 1, NULL, NULL),
(18909, 1519, 'Haurgeulis', 1, NULL, NULL),
(18910, 1519, 'Sukamenak', 1, NULL, NULL),
(18911, 1520, 'Cisoka', 1, NULL, NULL),
(18912, 1520, 'Sindangpanji', 1, NULL, NULL),
(18913, 1520, 'Cikijing', 1, NULL, NULL),
(18914, 1520, 'Cidulang', 1, NULL, NULL),
(18915, 1520, 'Sukamukti', 1, NULL, NULL),
(18916, 1520, 'Kasturi', 1, NULL, NULL),
(18917, 1520, 'Banjaransari', 1, NULL, NULL),
(18918, 1520, 'Sindang', 1, NULL, NULL),
(18919, 1520, 'Sukasari', 1, NULL, NULL),
(18920, 1520, 'Sunalari', 1, NULL, NULL),
(18921, 1520, 'Bagjasari', 1, NULL, NULL),
(18922, 1520, 'Jagasari', 1, NULL, NULL),
(18923, 1520, 'Cilangcang', 1, NULL, NULL),
(18924, 1520, 'Kancana', 1, NULL, NULL),
(18925, 1520, 'Cipulus', 1, NULL, NULL),
(18926, 1521, 'Sedaraja', 1, NULL, NULL),
(18927, 1521, 'Cintaasih', 1, NULL, NULL),
(18928, 1521, 'Cidadap', 1, NULL, NULL),
(18929, 1521, 'Maniis', 1, NULL, NULL),
(18930, 1521, 'Rawa', 1, NULL, NULL),
(18931, 1521, 'Nagarakembang', 1, NULL, NULL),
(18932, 1521, 'Wangkelang', 1, NULL, NULL),
(18933, 1521, 'Cimanggugirang', 1, NULL, NULL),
(18934, 1521, 'Ciranjeng', 1, NULL, NULL),
(18935, 1521, 'Cingambul', 1, NULL, NULL),
(18936, 1521, 'Muktisari', 1, NULL, NULL),
(18937, 1521, 'Cikondang', 1, NULL, NULL),
(18938, 1521, 'Kondangmekar', 1, NULL, NULL),
(18939, 1522, 'Margamukti', 1, NULL, NULL),
(18940, 1522, 'Cibeureum', 1, NULL, NULL),
(18941, 1522, 'Cikeusal', 1, NULL, NULL),
(18942, 1522, 'Jatipamor', 1, NULL, NULL),
(18943, 1522, 'Cicanir', 1, NULL, NULL),
(18944, 1522, 'Campaga', 1, NULL, NULL),
(18945, 1522, 'Lampuyang', 1, NULL, NULL),
(18946, 1522, 'Mekarraharja', 1, NULL, NULL),
(18947, 1522, 'Talagakulon', 1, NULL, NULL),
(18948, 1522, 'Talagawetan', 1, NULL, NULL),
(18949, 1522, 'Salado', 1, NULL, NULL),
(18950, 1522, 'Argasari', 1, NULL, NULL),
(18951, 1522, 'Gunungmanik', 1, NULL, NULL),
(18952, 1522, 'Ganeas', 1, NULL, NULL),
(18955, 1523, 'Genteng', 1, NULL, NULL),
(18956, 1523, 'Hegarmanah', 1, NULL, NULL),
(18957, 1523, 'Sindangpala', 1, NULL, NULL),
(18958, 1523, 'Darmalarang', 1, NULL, NULL),
(18959, 1523, 'Suniabaru', 1, NULL, NULL),
(18960, 1523, 'Sangiang', 1, NULL, NULL),
(18961, 1523, 'Sunia', 1, NULL, NULL),
(18962, 1523, 'Kareo', 1, NULL, NULL),
(18963, 1523, 'Banjaran', 1, NULL, NULL),
(18964, 1523, 'Kagok', 1, NULL, NULL),
(18965, 1523, 'Cimeong', 1, NULL, NULL),
(18966, 1523, 'Panyindangan', 1, NULL, NULL),
(18967, 1523, 'Girimulya', 1, NULL, NULL),
(18968, 1524, 'Sagara', 1, NULL, NULL),
(18969, 1524, 'Cibunut', 1, NULL, NULL),
(18970, 1524, 'Tejamulya', 1, NULL, NULL),
(18971, 1524, 'Sukasari Kidul', 1, NULL, NULL),
(18972, 1524, 'Sukasari Kaler', 1, NULL, NULL),
(18973, 1524, 'Sadasari', 1, NULL, NULL),
(18974, 1524, 'Sukadana', 1, NULL, NULL),
(18975, 1524, 'Argamukti', 1, NULL, NULL),
(18976, 1524, 'Argalingga', 1, NULL, NULL),
(18977, 1524, 'Haurseah', 1, NULL, NULL),
(18978, 1524, 'Gunungwangi', 1, NULL, NULL),
(18979, 1524, 'Mekarwangi', 1, NULL, NULL),
(18980, 1524, 'Heubeulisuk', 1, NULL, NULL),
(18981, 1524, 'Cikaracak', 1, NULL, NULL),
(18982, 1525, 'Cihaur', 1, NULL, NULL),
(18983, 1525, 'Wanahayu', 1, NULL, NULL),
(18984, 1525, 'Cengal', 1, NULL, NULL),
(18985, 1525, 'Anggrawati', 1, NULL, NULL),
(18986, 1525, 'Cipicung', 1, NULL, NULL),
(18987, 1525, 'Malongpong', 1, NULL, NULL),
(18988, 1525, 'Tegalsari', 1, NULL, NULL),
(18989, 1525, 'Maja Selatan', 1, NULL, NULL),
(18990, 1525, 'Maja Utara', 1, NULL, NULL),
(18991, 1525, 'Pasanggrahan', 1, NULL, NULL),
(18992, 1525, 'Cieurih', 1, NULL, NULL),
(18993, 1525, 'Kertabasuki', 1, NULL, NULL),
(18994, 1525, 'Sindangkerta', 1, NULL, NULL),
(18995, 1525, 'Banjaran', 1, NULL, NULL),
(18996, 1525, 'Paniis', 1, NULL, NULL),
(18997, 1525, 'Cicalung', 1, NULL, NULL),
(18998, 1525, 'Pageraji', 1, NULL, NULL),
(18999, 1526, 'Babakan Jawa', 1, NULL, NULL),
(19000, 1526, 'Cibodas', 1, NULL, NULL),
(19001, 1526, 'Kulur', 1, NULL, NULL),
(19002, 1526, 'Kawunggirang', 1, NULL, NULL),
(19003, 1526, 'Sindangkasih', 1, NULL, NULL),
(19004, 1526, 'Cicurug', 1, NULL, NULL),
(19005, 1526, 'Majalengka Wetan', 1, NULL, NULL),
(19006, 1526, 'Tonjong', 1, NULL, NULL),
(19007, 1526, 'Tarikolot', 1, NULL, NULL),
(19008, 1526, 'Cikasarung', 1, NULL, NULL),
(19009, 1526, 'Cijati', 1, NULL, NULL),
(19010, 1526, 'Majalengka Kulon', 1, NULL, NULL),
(19011, 1526, 'Munjul', 1, NULL, NULL),
(19012, 1526, 'Sidamukti', 1, NULL, NULL),
(19013, 1527, 'Kawunghilir', 1, NULL, NULL),
(19014, 1527, 'Tajur', 1, NULL, NULL),
(19015, 1527, 'Cigasong', 1, NULL, NULL),
(19016, 1527, 'Simpeureum', 1, NULL, NULL),
(19017, 1527, 'Tenjolayar', 1, NULL, NULL),
(19018, 1527, 'Kutamanggu', 1, NULL, NULL),
(19019, 1527, 'Cicenang', 1, NULL, NULL),
(19020, 1527, 'Baribis', 1, NULL, NULL),
(19021, 1527, 'Batujaya', 1, NULL, NULL),
(19022, 1527, 'Karayunan', 1, NULL, NULL),
(19023, 1528, 'Candrajaya', 1, NULL, NULL),
(19024, 1528, 'Ciomas', 1, NULL, NULL),
(19032, 1528, 'Padahanten', 1, NULL, NULL),
(19033, 1528, 'Sukahaji', 1, NULL, NULL),
(19034, 1528, 'Cikalong', 1, NULL, NULL),
(19035, 1528, 'Babakan Manjeti', 1, NULL, NULL),
(19036, 1528, 'Cikoneng', 1, NULL, NULL),
(19037, 1528, 'Palabuan', 1, NULL, NULL),
(19038, 1528, 'Cikeusik', 1, NULL, NULL),
(19039, 1528, 'Salagedang', 1, NULL, NULL),
(19040, 1528, 'Tanjungsari', 1, NULL, NULL),
(19041, 1528, 'Jayi', 1, NULL, NULL),
(19042, 1528, 'Nanggewer', 1, NULL, NULL),
(19043, 1529, 'Pajajar', 1, NULL, NULL),
(19044, 1529, 'Teja', 1, NULL, NULL),
(19045, 1529, 'Payung', 1, NULL, NULL),
(19046, 1529, 'Sindangpano', 1, NULL, NULL),
(19047, 1529, 'Babakankareo', 1, NULL, NULL),
(19048, 1529, 'Sadomas', 1, NULL, NULL),
(19049, 1529, 'Kumbung', 1, NULL, NULL),
(19050, 1529, 'Rajagaluh Kidul', 1, NULL, NULL),
(19051, 1529, 'Singawada', 1, NULL, NULL),
(19052, 1529, 'Rajagaluh', 1, NULL, NULL),
(19053, 1529, 'Rajagaluh Lor', 1, NULL, NULL),
(19054, 1529, 'Cipinang', 1, NULL, NULL),
(19055, 1529, 'Cisetu', 1, NULL, NULL),
(19056, 1530, 'Bantar Agung', 1, NULL, NULL),
(19057, 1530, 'Padaherang', 1, NULL, NULL),
(19058, 1530, 'Lengkongwetan', 1, NULL, NULL),
(19059, 1530, 'Lengkongkulon', 1, NULL, NULL),
(19060, 1530, 'Jerukleueut', 1, NULL, NULL),
(19061, 1530, 'Sindangwangi', 1, NULL, NULL),
(19062, 1530, 'Buahkapas', 1, NULL, NULL),
(19063, 1530, 'Ujungberung', 1, NULL, NULL),
(19064, 1530, 'Leuwilaja', 1, NULL, NULL),
(19065, 1530, 'Balagedog', 1, NULL, NULL),
(19066, 1531, 'Parakan', 1, NULL, NULL),
(19067, 1531, 'Lame', 1, NULL, NULL),
(19068, 1531, 'Mindi', 1, NULL, NULL),
(19069, 1531, 'Rajawangi', 1, NULL, NULL),
(19070, 1531, 'Leuwikujang', 1, NULL, NULL),
(19071, 1531, 'Nanggerang', 1, NULL, NULL),
(19072, 1531, 'Patuanan', 1, NULL, NULL),
(19073, 1531, 'Tanjungsari', 1, NULL, NULL),
(19074, 1531, 'Karangasem', 1, NULL, NULL),
(19075, 1531, 'Heuleut', 1, NULL, NULL),
(19076, 1531, 'Ciparay', 1, NULL, NULL),
(19077, 1531, 'Leuwimunding', 1, NULL, NULL),
(19078, 1531, 'Mirat', 1, NULL, NULL),
(19079, 1531, 'Parungjaya', 1, NULL, NULL),
(19080, 1532, 'Weragati', 1, NULL, NULL),
(19081, 1532, 'Trajaya', 1, NULL, NULL),
(19082, 1532, 'Tarikolot', 1, NULL, NULL),
(19083, 1532, 'Sindanghaji', 1, NULL, NULL),
(19084, 1532, 'Enggalwangi', 1, NULL, NULL),
(19085, 1532, 'Buniwangi', 1, NULL, NULL),
(19086, 1532, 'Palasah', 1, NULL, NULL),
(19087, 1532, 'Pasir', 1, NULL, NULL),
(19088, 1532, 'Waringin', 1, NULL, NULL),
(19089, 1532, 'Karamat', 1, NULL, NULL),
(19090, 1532, 'Sindangwasa', 1, NULL, NULL),
(19091, 1532, 'Cisambeng', 1, NULL, NULL),
(19092, 1532, 'Majasuka', 1, NULL, NULL),
(19093, 1533, 'Pinangraja', 1, NULL, NULL),
(19094, 1533, 'Sukaraja Kulon', 1, NULL, NULL),
(19095, 1533, 'Sukaraja Wetan', 1, NULL, NULL),
(19096, 1533, 'Cibentar', 1, NULL, NULL),
(19097, 1533, 'Leuwenggede', 1, NULL, NULL),
(19098, 1533, 'Andir', 1, NULL, NULL),
(19099, 1533, 'Cicadas', 1, NULL, NULL),
(19100, 1533, 'Burujul Wetan', 1, NULL, NULL),
(19101, 1533, 'Burujul Kulon', 1, NULL, NULL),
(19102, 1533, 'Mekarsari', 1, NULL, NULL),
(19103, 1533, 'Jatiwangi', 1, NULL, NULL),
(19104, 1533, 'Surawangi', 1, NULL, NULL),
(19105, 1533, 'Jatisura', 1, NULL, NULL),
(19106, 1533, 'Sutawangi', 1, NULL, NULL),
(19107, 1533, 'Ciborelang', 1, NULL, NULL),
(19108, 1533, 'Loji', 1, NULL, NULL),
(19119, 1534, 'Bojongcideres', 1, NULL, NULL),
(19120, 1534, 'Dawuan', 1, NULL, NULL),
(19121, 1534, 'Genteng', 1, NULL, NULL),
(19122, 1534, 'Gandu', 1, NULL, NULL),
(19123, 1534, 'Sinarjati', 1, NULL, NULL),
(19124, 1534, 'Baturuyuk', 1, NULL, NULL),
(19125, 1534, 'Mandapa', 1, NULL, NULL),
(19126, 1534, 'Balida', 1, NULL, NULL),
(19127, 1534, 'Pasirmalati', 1, NULL, NULL),
(19128, 1534, 'Karanganyar', 1, NULL, NULL),
(19129, 1534, 'Salawana', 1, NULL, NULL),
(19130, 1535, 'Cijurey', 1, NULL, NULL),
(19131, 1535, 'Pasirmuncang', 1, NULL, NULL),
(19132, 1535, 'Jatipamor', 1, NULL, NULL),
(19133, 1535, 'Bantrangsana', 1, NULL, NULL),
(19134, 1535, 'Jatiserang', 1, NULL, NULL),
(19135, 1535, 'Bonang', 1, NULL, NULL),
(19136, 1535, 'Leuwiseeng', 1, NULL, NULL),
(19137, 1535, 'Karyamukti', 1, NULL, NULL),
(19138, 1535, 'Panyingkiran', 1, NULL, NULL),
(19139, 1536, 'Liangjulang', 1, NULL, NULL),
(19140, 1536, 'Heuleut', 1, NULL, NULL),
(19141, 1536, 'Cipaku', 1, NULL, NULL),
(19142, 1536, 'Kadipaten', 1, NULL, NULL),
(19143, 1536, 'Babakan Anyar', 1, NULL, NULL),
(19144, 1536, 'Karangsambung', 1, NULL, NULL),
(19145, 1536, 'Pagandon', 1, NULL, NULL),
(19146, 1537, 'Mekarjaya', 1, NULL, NULL),
(19147, 1537, 'Palasah', 1, NULL, NULL),
(19148, 1537, 'Pakubeureum', 1, NULL, NULL),
(19149, 1537, 'Sukawana', 1, NULL, NULL),
(19150, 1537, 'Kertawinangun', 1, NULL, NULL),
(19151, 1537, 'Babakan', 1, NULL, NULL),
(19152, 1537, 'Kertajati', 1, NULL, NULL),
(19153, 1537, 'Kertasari', 1, NULL, NULL),
(19154, 1537, 'Mekarmulya', 1, NULL, NULL),
(19155, 1537, 'Sukamulya', 1, NULL, NULL),
(19156, 1537, 'Bantarjati', 1, NULL, NULL),
(19157, 1537, 'Pasiripis', 1, NULL, NULL),
(19158, 1537, 'Sukakerta', 1, NULL, NULL),
(19159, 1538, 'Biyawak', 1, NULL, NULL),
(19160, 1538, 'Pasindangan', 1, NULL, NULL),
(19161, 1538, 'Panongan', 1, NULL, NULL),
(19162, 1538, 'Panyingkiran', 1, NULL, NULL),
(19163, 1538, 'Randegan Kulon', 1, NULL, NULL),
(19164, 1538, 'Randegan Wetan', 1, NULL, NULL),
(19165, 1538, 'Putridalem', 1, NULL, NULL),
(19166, 1538, 'Jatitengah', 1, NULL, NULL),
(19167, 1538, 'Jatitujuh', 1, NULL, NULL),
(19168, 1538, 'Babajurang', 1, NULL, NULL),
(19169, 1538, 'Pilangsari', 1, NULL, NULL),
(19170, 1538, 'Jatiraga', 1, NULL, NULL),
(19171, 1538, 'Sumber Kulon', 1, NULL, NULL),
(19172, 1538, 'Sumber Wetan', 1, NULL, NULL),
(19173, 1538, 'Pangkalanpari', 1, NULL, NULL),
(19174, 1539, 'Cibogor', 1, NULL, NULL),
(19175, 1539, 'Kertasari', 1, NULL, NULL),
(19176, 1539, 'Gandawesi', 1, NULL, NULL),
(19177, 1539, 'Beusi', 1, NULL, NULL),
(19178, 1539, 'Tegalaren', 1, NULL, NULL),
(19179, 1539, 'Buntu', 1, NULL, NULL),
(19180, 1539, 'Beber', 1, NULL, NULL),
(19181, 1539, 'Wanasalam', 1, NULL, NULL),
(19182, 1539, 'Ligung Lor', 1, NULL, NULL),
(19183, 1539, 'Ligung', 1, NULL, NULL),
(19184, 1539, 'Majasari', 1, NULL, NULL),
(19185, 1539, 'Sukawera', 1, NULL, NULL),
(19186, 1539, 'Bantarwaru', 1, NULL, NULL),
(19187, 1539, 'Ampel', 1, NULL, NULL),
(19188, 1539, 'Leuweunghapit', 1, NULL, NULL),
(19189, 1539, 'Kodasari', 1, NULL, NULL),
(19190, 1539, 'Kedungkancana', 1, NULL, NULL),
(19191, 1539, 'Leuwiliang Baru', 1, NULL, NULL),
(19192, 1540, 'Sumberjaya', 1, NULL, NULL),
(19193, 1540, 'Garawangi', 1, NULL, NULL),
(19194, 1540, 'Banjaran', 1, NULL, NULL),
(19195, 1540, 'Sepat', 1, NULL, NULL),
(19196, 1540, 'Paningkiran', 1, NULL, NULL),
(19197, 1540, 'Parapatan', 1, NULL, NULL),
(19198, 1540, 'Panjalin Kidul', 1, NULL, NULL),
(19199, 1540, 'Rancaputat', 1, NULL, NULL),
(19200, 1540, 'Bongas Wetan', 1, NULL, NULL),
(19201, 1540, 'Bongas Kulon', 1, NULL, NULL),
(19202, 1540, 'Panjalin Lor', 1, NULL, NULL),
(19203, 1540, 'Cidenok', 1, NULL, NULL),
(19204, 1540, 'Loji Kobong', 1, NULL, NULL),
(19205, 1541, 'Cipacing', 1, NULL, NULL),
(19206, 1541, 'Sayang', 1, NULL, NULL),
(19207, 1541, 'Mekargalih', 1, NULL, NULL),
(19208, 1541, 'Cinta Mulya', 1, NULL, NULL),
(19209, 1541, 'Cisempur', 1, NULL, NULL),
(19210, 1541, 'Jatimukti', 1, NULL, NULL),
(19211, 1541, 'Jatiroke', 1, NULL, NULL),
(19212, 1541, 'Hegarmanah', 1, NULL, NULL),
(19213, 1541, 'Cikeruh', 1, NULL, NULL),
(19214, 1541, 'Cibeusi', 1, NULL, NULL),
(19215, 1541, 'Cileles', 1, NULL, NULL),
(19216, 1541, 'Cilayung', 1, NULL, NULL),
(19217, 1542, 'Mangunarga', 1, NULL, NULL),
(19218, 1542, 'Sawahdadap', 1, NULL, NULL),
(19219, 1542, 'Sukadana', 1, NULL, NULL),
(19220, 1542, 'Cihanjuang', 1, NULL, NULL),
(19221, 1542, 'Cikahuripan', 1, NULL, NULL),
(19222, 1542, 'Sindanggalih', 1, NULL, NULL),
(19223, 1542, 'Sindangpakuon', 1, NULL, NULL),
(19224, 1542, 'Cimanggung', 1, NULL, NULL),
(19225, 1542, 'Tegalmanggung', 1, NULL, NULL),
(19226, 1542, 'Sindulang', 1, NULL, NULL),
(19227, 1543, 'Cinanjung', 1, NULL, NULL),
(19228, 1543, 'Raharja', 1, NULL, NULL),
(19229, 1543, 'Gunungmanik', 1, NULL, NULL),
(19230, 1543, 'Marga Jaya', 1, NULL, NULL),
(19231, 1543, 'Tanjungsari', 1, NULL, NULL),
(19232, 1543, 'Jatisari', 1, NULL, NULL),
(19233, 1543, 'Kutamandiri', 1, NULL, NULL),
(19234, 1543, 'Margaluyu', 1, NULL, NULL),
(19235, 1543, 'Gudang', 1, NULL, NULL),
(19236, 1543, 'Pasigaran', 1, NULL, NULL),
(19237, 1543, 'Kadakajaya', 1, NULL, NULL),
(19238, 1543, 'Cijambu', 1, NULL, NULL),
(19239, 1544, 'Sukarapih', 1, NULL, NULL),
(19240, 1544, 'Sukasari', 1, NULL, NULL),
(19241, 1544, 'Mekarsari', 1, NULL, NULL),
(19242, 1544, 'Sindangsari', 1, NULL, NULL),
(19243, 1544, 'Nanggerang', 1, NULL, NULL),
(19244, 1544, 'Banyuresmi', 1, NULL, NULL),
(19245, 1544, 'Genteng', 1, NULL, NULL),
(19246, 1545, 'Mekarbakti', 1, NULL, NULL),
(19247, 1545, 'Cilembu', 1, NULL, NULL),
(19248, 1545, 'Cimarias', 1, NULL, NULL),
(19249, 1545, 'Cinanggerang', 1, NULL, NULL),
(19250, 1545, 'Cijeruk', 1, NULL, NULL),
(19251, 1545, 'Cigendel', 1, NULL, NULL),
(19252, 1545, 'Haurngombong', 1, NULL, NULL),
(19253, 1545, 'Ciptasari', 1, NULL, NULL),
(19254, 1545, 'Citali', 1, NULL, NULL),
(19255, 1545, 'Pamulihan', 1, NULL, NULL),
(19256, 1545, 'Sukawangi', 1, NULL, NULL),
(19257, 1546, 'Sukasirnarasa', 1, NULL, NULL),
(19258, 1546, 'Pasir Biru', 1, NULL, NULL),
(19259, 1546, 'Rancakalong', 1, NULL, NULL),
(19260, 1546, 'Pamekaran', 1, NULL, NULL),
(19261, 1546, 'Sukamaju', 1, NULL, NULL),
(19262, 1546, 'Sukahayu', 1, NULL, NULL),
(19263, 1546, 'Nagarawangi', 1, NULL, NULL),
(19264, 1546, 'Cibunar', 1, NULL, NULL),
(19265, 1546, 'Pangadegan', 1, NULL, NULL),
(19266, 1546, 'Cibungur', 1, NULL, NULL),
(19267, 1547, 'Sukajaya', 1, NULL, NULL),
(19268, 1547, 'Margamekar', 1, NULL, NULL),
(19269, 1547, 'Cipancar', 1, NULL, NULL),
(19270, 1547, 'Citengah', 1, NULL, NULL),
(19271, 1547, 'Gunasari', 1, NULL, NULL),
(19272, 1547, 'Baginda', 1, NULL, NULL),
(19273, 1547, 'Sukagalih', 1, NULL, NULL),
(19274, 1547, 'Cipameungpeuk', 1, NULL, NULL),
(19275, 1547, 'Regol Wetan', 1, NULL, NULL),
(19276, 1547, 'Kotakulon', 1, NULL, NULL),
(19277, 1547, 'Pasanggrahan Baru', 1, NULL, NULL),
(19278, 1547, 'Ciherang', 1, NULL, NULL),
(19279, 1548, 'Sirnamulya', 1, NULL, NULL),
(19280, 1548, 'Girimukti', 1, NULL, NULL),
(19281, 1548, 'Mulyasari', 1, NULL, NULL),
(19282, 1548, 'Padasuka', 1, NULL, NULL),
(19283, 1548, 'Margamukti', 1, NULL, NULL),
(19284, 1548, 'Mekarjaya', 1, NULL, NULL),
(19285, 1548, 'Jatimulya', 1, NULL, NULL),
(19286, 1548, 'Jatihurip', 1, NULL, NULL),
(19287, 1548, 'Kebonjati', 1, NULL, NULL),
(19288, 1548, 'Situ', 1, NULL, NULL),
(19289, 1548, 'Kotakaler', 1, NULL, NULL),
(19290, 1548, 'Talun', 1, NULL, NULL),
(19291, 1548, 'Rancamulya', 1, NULL, NULL),
(19292, 1549, 'Cikondang', 1, NULL, NULL),
(19293, 1549, 'Tanjunghurip', 1, NULL, NULL),
(19294, 1549, 'Dayeuh Luhur', 1, NULL, NULL),
(19295, 1549, 'Cikoneng', 1, NULL, NULL),
(19296, 1549, 'Sukawening', 1, NULL, NULL),
(19297, 1549, 'Ganeas', 1, NULL, NULL),
(19298, 1549, 'Sukaluyu', 1, NULL, NULL),
(19299, 1550, 'Bangbayang', 1, NULL, NULL),
(19300, 1550, 'Kaduwulung', 1, NULL, NULL),
(19301, 1550, 'Cijati', 1, NULL, NULL),
(19302, 1550, 'Mekarmulya', 1, NULL, NULL),
(19303, 1550, 'Cikadu', 1, NULL, NULL),
(19304, 1550, 'Karangheuleut', 1, NULL, NULL),
(19305, 1550, 'Cijeler', 1, NULL, NULL),
(19306, 1550, 'Ambit', 1, NULL, NULL),
(19307, 1550, 'Sukatali', 1, NULL, NULL),
(19308, 1550, 'Situraja', 1, NULL, NULL),
(19309, 1550, 'Jatimekar', 1, NULL, NULL),
(19310, 1550, 'Situraja Utara', 1, NULL, NULL),
(19311, 1550, 'Malaka', 1, NULL, NULL),
(19312, 1550, 'Wanakerta', 1, NULL, NULL),
(19313, 1551, 'Sundamekar', 1, NULL, NULL),
(19314, 1551, 'Cimarga', 1, NULL, NULL),
(19315, 1551, 'Cinangsi', 1, NULL, NULL),
(19316, 1551, 'Linggajaya', 1, NULL, NULL),
(19317, 1551, 'Situmekar', 1, NULL, NULL),
(19318, 1551, 'Cisitu', 1, NULL, NULL),
(19319, 1551, 'Cigintung', 1, NULL, NULL),
(19320, 1551, 'Ranjeng', 1, NULL, NULL),
(19321, 1551, 'Cilopang', 1, NULL, NULL),
(19322, 1551, 'Pajagan', 1, NULL, NULL),
(19323, 1552, 'Neglasari', 1, NULL, NULL),
(19324, 1552, 'Sukamenak', 1, NULL, NULL),
(19325, 1552, 'Jatibungur', 1, NULL, NULL),
(19326, 1552, 'Darmajaya', 1, NULL, NULL),
(19327, 1552, 'Darmaraja', 1, NULL, NULL),
(19328, 1552, 'Cipeuteuy', 1, NULL, NULL),
(19329, 1552, 'Cikeusi', 1, NULL, NULL),
(19330, 1552, 'Cieunteung', 1, NULL, NULL),
(19331, 1552, 'Tarunajaya', 1, NULL, NULL),
(19332, 1552, 'Sukaratu', 1, NULL, NULL),
(19333, 1552, 'Leuwihideung', 1, NULL, NULL),
(19334, 1552, 'Cibogo', 1, NULL, NULL),
(19335, 1552, 'Cipaku', 1, NULL, NULL),
(19336, 1552, 'Karang Pakuan', 1, NULL, NULL),
(19337, 1552, 'Paku Alam', 1, NULL, NULL),
(19338, 1553, 'Buana Mekar', 1, NULL, NULL),
(19339, 1553, 'Jaya Mekar', 1, NULL, NULL),
(19340, 1553, 'Cibugel', 1, NULL, NULL),
(19341, 1553, 'Tamansari', 1, NULL, NULL),
(19342, 1553, 'Sukaraja', 1, NULL, NULL),
(19343, 1553, 'Cipasang', 1, NULL, NULL),
(19344, 1554, 'Cilengkrang', 1, NULL, NULL),
(19345, 1554, 'Sukajadi', 1, NULL, NULL),
(19346, 1554, 'Ganjaresik', 1, NULL, NULL),
(19347, 1554, 'Cimungkal', 1, NULL, NULL),
(19348, 1554, 'Mulyajaya', 1, NULL, NULL),
(19349, 1554, 'Cikareo Selatan', 1, NULL, NULL),
(19350, 1554, 'Cikareo Utara', 1, NULL, NULL),
(19351, 1554, 'Wado', 1, NULL, NULL),
(19352, 1554, 'Padajaya', 1, NULL, NULL),
(19353, 1554, 'Sukapura', 1, NULL, NULL),
(19354, 1554, 'Cisurat', 1, NULL, NULL),
(19355, 1555, 'Kirisik', 1, NULL, NULL),
(19356, 1555, 'Cipeundeuy', 1, NULL, NULL),
(19357, 1555, 'Cimanintin', 1, NULL, NULL),
(19358, 1555, 'Sukamanah', 1, NULL, NULL),
(19359, 1555, 'Banjarsari', 1, NULL, NULL),
(19360, 1555, 'Sarimekar', 1, NULL, NULL),
(19361, 1555, 'Tarikolot', 1, NULL, NULL),
(19362, 1555, 'Sirnasari', 1, NULL, NULL),
(19363, 1555, 'Pawenang', 1, NULL, NULL),
(19376, 1557, 'Cicarimanah', 1, NULL, NULL),
(19377, 1557, 'Cipeles', 1, NULL, NULL),
(19378, 1557, 'Darmawangi', 1, NULL, NULL),
(19379, 1557, 'Jembarwangi', 1, NULL, NULL),
(19380, 1557, 'Marongge', 1, NULL, NULL),
(19381, 1557, 'Tolengas', 1, NULL, NULL),
(19382, 1557, 'Tomo', 1, NULL, NULL),
(19383, 1557, 'Karyamukti', 1, NULL, NULL),
(19384, 1557, 'Bugel', 1, NULL, NULL),
(19385, 1558, 'Cipelang', 1, NULL, NULL),
(19386, 1558, 'Palabuan', 1, NULL, NULL),
(19387, 1558, 'Kebon Cau', 1, NULL, NULL),
(19388, 1558, 'Kudangwangi', 1, NULL, NULL),
(19389, 1558, 'Sukamulya', 1, NULL, NULL),
(19390, 1558, 'Palasari', 1, NULL, NULL),
(19391, 1558, 'Ujungjaya', 1, NULL, NULL),
(19392, 1558, 'Sakurjaya', 1, NULL, NULL),
(19393, 1558, 'Cibuluh', 1, NULL, NULL),
(19394, 1559, 'Narimbang', 1, NULL, NULL),
(19395, 1559, 'Jambu', 1, NULL, NULL),
(19396, 1559, 'Cipamekar', 1, NULL, NULL),
(19397, 1559, 'Conggeang Kulon', 1, NULL, NULL),
(19398, 1559, 'Conggeang Wetan', 1, NULL, NULL),
(19399, 1559, 'Cibeureuyeuh', 1, NULL, NULL),
(19400, 1559, 'Padaasih', 1, NULL, NULL),
(19401, 1559, 'Babakan Asem', 1, NULL, NULL),
(19402, 1559, 'Ungkal', 1, NULL, NULL),
(19403, 1559, 'Cacaban', 1, NULL, NULL),
(19404, 1559, 'Karanglayung', 1, NULL, NULL),
(19405, 1559, 'Cibubuan', 1, NULL, NULL),
(19406, 1560, 'Legok Kaler', 1, NULL, NULL),
(19407, 1560, 'Legok Kidul', 1, NULL, NULL),
(19408, 1560, 'Paseh Kidul', 1, NULL, NULL),
(19409, 1560, 'Cijambe', 1, NULL, NULL),
(19410, 1560, 'Pasireungit', 1, NULL, NULL),
(19411, 1560, 'Padanaan', 1, NULL, NULL),
(19412, 1560, 'Bongkok', 1, NULL, NULL),
(19413, 1560, 'Paseh Kaler', 1, NULL, NULL),
(19414, 1560, 'Haurkuning', 1, NULL, NULL),
(19415, 1560, 'Citepok', 1, NULL, NULL),
(19416, 1561, 'Cimuja', 1, NULL, NULL),
(19417, 1561, 'Cibeureum Wetan', 1, NULL, NULL),
(19418, 1561, 'Cibeureum Kulon', 1, NULL, NULL),
(19419, 1561, 'Mandalaherang', 1, NULL, NULL),
(19420, 1561, 'Cimalaka', 1, NULL, NULL),
(19421, 1561, 'Serang', 1, NULL, NULL),
(19422, 1561, 'Galudra', 1, NULL, NULL),
(19423, 1561, 'Cikole', 1, NULL, NULL),
(19424, 1561, 'Trunamanggala', 1, NULL, NULL),
(19425, 1561, 'Nyalindung', 1, NULL, NULL),
(19426, 1561, 'Naluk', 1, NULL, NULL),
(19427, 1561, 'Citimun', 1, NULL, NULL),
(19428, 1561, 'Licin', 1, NULL, NULL),
(19429, 1561, 'Padasari', 1, NULL, NULL),
(19430, 1562, 'Cisalak', 1, NULL, NULL),
(19431, 1562, 'Kebonkalapa', 1, NULL, NULL),
(19432, 1562, 'Cisarua', 1, NULL, NULL),
(19433, 1562, 'Bantarmara', 1, NULL, NULL),
(19434, 1562, 'Ciuyah', 1, NULL, NULL),
(19435, 1562, 'Cimara', 1, NULL, NULL),
(19436, 1562, 'Cipandanwangi', 1, NULL, NULL),
(19437, 1563, 'Tanjungmekar', 1, NULL, NULL),
(19438, 1563, 'Cigentur', 1, NULL, NULL),
(19439, 1563, 'Gunturmekar', 1, NULL, NULL),
(19440, 1563, 'Cipanas', 1, NULL, NULL),
(19441, 1563, 'Banyuasih', 1, NULL, NULL),
(19442, 1563, 'Mulyamekar', 1, NULL, NULL),
(19443, 1563, 'Sukamantri', 1, NULL, NULL),
(19444, 1563, 'Kertaharja', 1, NULL, NULL),
(19445, 1563, 'Kertamekar', 1, NULL, NULL),
(19446, 1563, 'Tanjungmulya', 1, NULL, NULL),
(19447, 1563, 'Boros', 1, NULL, NULL),
(19448, 1564, 'Wargaluyu', 1, NULL, NULL),
(19449, 1564, 'Tanjungwangi', 1, NULL, NULL),
(19450, 1564, 'Sukamukti', 1, NULL, NULL),
(19451, 1564, 'Cikaramas', 1, NULL, NULL),
(19452, 1564, 'Kertamukti', 1, NULL, NULL),
(19453, 1564, 'Sukatani', 1, NULL, NULL),
(19454, 1564, 'Kamal', 1, NULL, NULL),
(19455, 1564, 'Jingkang', 1, NULL, NULL),
(19456, 1565, 'Sekarwangi', 1, NULL, NULL),
(19457, 1565, 'Cilangkap', 1, NULL, NULL),
(19458, 1565, 'Cibitung', 1, NULL, NULL),
(19459, 1565, 'Cikurubuk', 1, NULL, NULL),
(19460, 1565, 'Bojongloa', 1, NULL, NULL),
(19461, 1565, 'Nagrak', 1, NULL, NULL),
(19462, 1565, 'Panyindangan', 1, NULL, NULL),
(19463, 1565, 'Buahdua', 1, NULL, NULL),
(19464, 1565, 'Gendereh', 1, NULL, NULL),
(19465, 1565, 'Citaleus', 1, NULL, NULL),
(19466, 1565, 'Mekarmukti', 1, NULL, NULL),
(19467, 1565, 'Hariang', 1, NULL, NULL),
(19468, 1565, 'Karangbungur', 1, NULL, NULL),
(19469, 1566, 'Wanajaya', 1, NULL, NULL),
(19470, 1566, 'Wanasari', 1, NULL, NULL),
(19471, 1566, 'Pamekarsari', 1, NULL, NULL),
(19472, 1566, 'Surian', 1, NULL, NULL),
(19473, 1566, 'Tanjung', 1, NULL, NULL),
(19474, 1567, 'Haurkolot', 1, NULL, NULL),
(19475, 1567, 'Haurgeulis', 1, NULL, NULL),
(19476, 1567, 'Sukajati', 1, NULL, NULL),
(19477, 1567, 'Wanakaya', 1, NULL, NULL),
(19478, 1567, 'Karangtumaritis', 1, NULL, NULL),
(19479, 1567, 'Kertanegara', 1, NULL, NULL),
(19480, 1567, 'Cipancuh', 1, NULL, NULL),
(19481, 1567, 'Mekarjati', 1, NULL, NULL),
(19482, 1567, 'Sidadadi', 1, NULL, NULL),
(19483, 1567, 'Sumbermulya', 1, NULL, NULL),
(19484, 1568, 'Bantarwaru', 1, NULL, NULL),
(19485, 1568, 'Sanca', 1, NULL, NULL),
(19486, 1568, 'Mekarjaya', 1, NULL, NULL),
(19487, 1568, 'Gantar', 1, NULL, NULL),
(19488, 1568, 'Situraja', 1, NULL, NULL),
(19489, 1568, 'Baleraja', 1, NULL, NULL),
(19490, 1569, 'Sukaslamet', 1, NULL, NULL),
(19491, 1569, 'Tanjungkerta', 1, NULL, NULL),
(19492, 1569, 'Kroya', 1, NULL, NULL),
(19493, 1569, 'Sumbon', 1, NULL, NULL),
(19494, 1569, 'Sukamelang', 1, NULL, NULL),
(19495, 1569, 'Temiyang', 1, NULL, NULL),
(19496, 1569, 'Temiyangsari', 1, NULL, NULL),
(19497, 1569, 'Jayamulya', 1, NULL, NULL),
(19498, 1570, 'Kedungdawa', 1, NULL, NULL),
(19499, 1570, 'Babakanjaya', 1, NULL, NULL),
(19500, 1570, 'Gabuskulon', 1, NULL, NULL),
(19501, 1570, 'Sekarmulya', 1, NULL, NULL),
(19502, 1570, 'Kedokangabus', 1, NULL, NULL),
(19503, 1570, 'Rancamulya', 1, NULL, NULL),
(19504, 1570, 'Rancahan', 1, NULL, NULL),
(19505, 1570, 'Gabuswetan', 1, NULL, NULL),
(19506, 1570, 'Drunten Wetan', 1, NULL, NULL),
(19507, 1570, 'Drunten Kulon', 1, NULL, NULL),
(19508, 1571, 'Loyang', 1, NULL, NULL),
(19509, 1571, 'Amis', 1, NULL, NULL),
(19510, 1571, 'Jatisura', 1, NULL, NULL),
(19511, 1571, 'Jambak', 1, NULL, NULL),
(19512, 1571, 'Cikedung', 1, NULL, NULL),
(19514, 1571, 'Cikedung Lor', 1, NULL, NULL),
(19515, 1571, 'Mundakjaya', 1, NULL, NULL),
(19516, 1572, 'Cikawung', 1, NULL, NULL),
(19517, 1572, 'Jatimunggul', 1, NULL, NULL),
(19518, 1572, 'Jatimulya', 1, NULL, NULL),
(19519, 1572, 'Plosokerep', 1, NULL, NULL),
(19520, 1572, 'Rajasinga', 1, NULL, NULL),
(19521, 1572, 'Karangasem', 1, NULL, NULL),
(19522, 1572, 'Cibereng', 1, NULL, NULL),
(19523, 1572, 'Kendayakan', 1, NULL, NULL),
(19524, 1573, 'Tunggulpayung', 1, NULL, NULL),
(19525, 1573, 'Tugu', 1, NULL, NULL),
(19526, 1573, 'Nunuk', 1, NULL, NULL),
(19527, 1573, 'Tempel', 1, NULL, NULL),
(19528, 1573, 'Pangauban', 1, NULL, NULL),
(19529, 1573, 'Telagasari', 1, NULL, NULL),
(19530, 1573, 'Langgengsari', 1, NULL, NULL),
(19531, 1573, 'Tamansari', 1, NULL, NULL),
(19532, 1573, 'Lelea', 1, NULL, NULL),
(19533, 1573, 'Cempeh', 1, NULL, NULL),
(19534, 1573, 'Tempelkulon', 1, NULL, NULL),
(19542, 1574, 'Mulyasari', 1, NULL, NULL),
(19549, 1574, 'Bangodua', 1, NULL, NULL),
(19550, 1574, 'Beduyut', 1, NULL, NULL),
(19556, 1575, 'Bangkaloa Ilir', 1, NULL, NULL),
(19557, 1575, 'Widasari', 1, NULL, NULL),
(19558, 1575, 'Kalensari', 1, NULL, NULL),
(19560, 1575, 'Bunder', 1, NULL, NULL),
(19561, 1575, 'Ujungaris', 1, NULL, NULL),
(19562, 1575, 'Kongsijaya', 1, NULL, NULL),
(19563, 1575, 'Ujungjaya', 1, NULL, NULL),
(19564, 1575, 'Ujungpendokjaya', 1, NULL, NULL),
(19565, 1575, 'Leuwigede', 1, NULL, NULL),
(19566, 1575, 'Kasmaran', 1, NULL, NULL),
(19567, 1576, 'Tulungagung', 1, NULL, NULL),
(19568, 1576, 'Jengkok', 1, NULL, NULL),
(19569, 1576, 'Tegalwirangrong', 1, NULL, NULL),
(19570, 1576, 'Manguntara', 1, NULL, NULL),
(19571, 1576, 'Jambe', 1, NULL, NULL),
(19572, 1576, 'Lemahayu', 1, NULL, NULL),
(19573, 1576, 'Tenajar Kidul', 1, NULL, NULL),
(19574, 1576, 'Kertasemaya', 1, NULL, NULL),
(19575, 1576, 'Kliwed', 1, NULL, NULL),
(19576, 1576, 'Tenajar', 1, NULL, NULL),
(19577, 1576, 'Laranganjambe', 1, NULL, NULL),
(19578, 1576, 'Tenajar Lor', 1, NULL, NULL),
(19579, 1577, 'Cibeber', 1, NULL, NULL),
(19580, 1577, 'Bondan', 1, NULL, NULL),
(19581, 1577, 'Gunungsari', 1, NULL, NULL),
(19582, 1577, 'Sukagumiwang', 1, NULL, NULL),
(19583, 1577, 'Tersana', 1, NULL, NULL),
(19584, 1577, 'Cadangpinggan', 1, NULL, NULL),
(19585, 1578, 'Purwajaya', 1, NULL, NULL),
(19586, 1578, 'Kapringan', 1, NULL, NULL),
(19587, 1578, 'Singakerta', 1, NULL, NULL),
(19588, 1578, 'Dukuhjati', 1, NULL, NULL),
(19589, 1578, 'Tegalmulya', 1, NULL, NULL),
(19590, 1578, 'Kedungwungu', 1, NULL, NULL),
(19591, 1578, 'Srengseng', 1, NULL, NULL),
(19592, 1578, 'Luwunggesik', 1, NULL, NULL),
(19593, 1578, 'Kalianyar', 1, NULL, NULL),
(19594, 1578, 'Krangkeng', 1, NULL, NULL),
(19595, 1578, 'Tanjakan', 1, NULL, NULL),
(19596, 1579, 'Kaplonganlor', 1, NULL, NULL),
(19597, 1579, 'Tanjungpura', 1, NULL, NULL),
(19598, 1579, 'Tanjungsari', 1, NULL, NULL),
(19599, 1579, 'Pringgacala', 1, NULL, NULL),
(19600, 1579, 'Benda', 1, NULL, NULL),
(19601, 1579, 'Sendang', 1, NULL, NULL),
(19602, 1579, 'Karangampel Kidul', 1, NULL, NULL),
(19603, 1579, 'Karangampel', 1, NULL, NULL),
(19604, 1579, 'Dukuhjeruk', 1, NULL, NULL),
(19605, 1579, 'Dukuhtengah', 1, NULL, NULL),
(19606, 1579, 'Mundu', 1, NULL, NULL),
(19607, 1580, 'Kedokanbunder Wetan', 1, NULL, NULL),
(19608, 1580, 'Kaplongan', 1, NULL, NULL),
(19609, 1580, 'Kedokan Agung', 1, NULL, NULL),
(19610, 1580, 'Kedokanbunder', 1, NULL, NULL),
(19611, 1580, 'Jayawinangun', 1, NULL, NULL),
(19612, 1580, 'Cangkingan', 1, NULL, NULL),
(19613, 1580, 'Jayalaksana', 1, NULL, NULL),
(19614, 1581, 'Segeran Kidul', 1, NULL, NULL),
(19615, 1581, 'Segeran', 1, NULL, NULL),
(19616, 1581, 'Juntiweden', 1, NULL, NULL),
(19617, 1581, 'Juntikebon', 1, NULL, NULL),
(19618, 1581, 'Dadap', 1, NULL, NULL),
(19619, 1581, 'Juntinyuat', 1, NULL, NULL),
(19620, 1581, 'Juntikedokan', 1, NULL, NULL),
(19621, 1581, 'Pondoh', 1, NULL, NULL),
(19622, 1581, 'Sambimaya', 1, NULL, NULL),
(19623, 1581, 'Tinumpuk', 1, NULL, NULL),
(19624, 1581, 'Lombang', 1, NULL, NULL),
(19625, 1581, 'Limbangan', 1, NULL, NULL),
(19627, 1582, 'Sleman', 1, NULL, NULL),
(19628, 1582, 'Tambi', 1, NULL, NULL),
(19629, 1582, 'Sudikampiran', 1, NULL, NULL),
(19630, 1582, 'Tambi Lor', 1, NULL, NULL),
(19631, 1582, 'Sleman Lor', 1, NULL, NULL),
(19632, 1582, 'Majasari', 1, NULL, NULL),
(19633, 1582, 'Majasih', 1, NULL, NULL),
(19634, 1582, 'Sliyeg', 1, NULL, NULL),
(19635, 1582, 'Gadingan', 1, NULL, NULL),
(19636, 1582, 'Mekargading', 1, NULL, NULL),
(19637, 1582, 'Sliyeglor', 1, NULL, NULL),
(19638, 1582, 'Tugu Kidul', 1, NULL, NULL),
(19639, 1582, 'Tugu', 1, NULL, NULL),
(19642, 1582, 'Longok', 1, NULL, NULL),
(19643, 1583, 'Sukalila', 1, NULL, NULL),
(19644, 1583, 'Pilangsari', 1, NULL, NULL),
(19645, 1583, 'Jatibarang Baru', 1, NULL, NULL),
(19646, 1583, 'Bulak', 1, NULL, NULL),
(19647, 1583, 'Bulak Lor', 1, NULL, NULL),
(19648, 1583, 'Jatibarang', 1, NULL, NULL),
(19649, 1583, 'Kebulen', 1, NULL, NULL),
(19650, 1583, 'Pawidean', 1, NULL, NULL),
(19651, 1583, 'Jatisawit', 1, NULL, NULL),
(19652, 1583, 'Jatisawit Lor', 1, NULL, NULL),
(19653, 1583, 'Krasak', 1, NULL, NULL),
(19654, 1583, 'Kalimati', 1, NULL, NULL),
(19655, 1583, 'Malangsemirang', 1, NULL, NULL),
(19656, 1583, 'Lobener', 1, NULL, NULL),
(19657, 1583, 'Lobener Lor', 1, NULL, NULL),
(19658, 1584, 'Tegalsembadra', 1, NULL, NULL),
(19659, 1584, 'Sukareja', 1, NULL, NULL),
(19660, 1584, 'Sukaurip', 1, NULL, NULL),
(19661, 1584, 'Rawadalem', 1, NULL, NULL),
(19662, 1584, 'Gelarmendala', 1, NULL, NULL);
INSERT INTO `desa` (`id`, `kecamatan_id`, `desa_name`, `publication_status`, `created_at`, `updated_at`) VALUES
(19663, 1584, 'Tegalurung', 1, NULL, NULL),
(19664, 1584, 'Balongan', 1, NULL, NULL),
(19665, 1585, 'Telukagung', 1, NULL, NULL),
(19666, 1585, 'Plumbon', 1, NULL, NULL),
(19667, 1585, 'Dukuh', 1, NULL, NULL),
(19668, 1585, 'Pekandangan Jaya', 1, NULL, NULL),
(19669, 1585, 'Singaraja', 1, NULL, NULL),
(19670, 1585, 'Singajaya', 1, NULL, NULL),
(19671, 1585, 'Pekandangan', 1, NULL, NULL),
(19672, 1585, 'Bojongsari', 1, NULL, NULL),
(19673, 1585, 'Kepandean', 1, NULL, NULL),
(19674, 1585, 'Karangmalang', 1, NULL, NULL),
(19675, 1585, 'Karanganyar', 1, NULL, NULL),
(19676, 1585, 'Lemahmekar', 1, NULL, NULL),
(19677, 1585, 'Lemahabang', 1, NULL, NULL),
(19678, 1585, 'Margadadi', 1, NULL, NULL),
(19679, 1585, 'Paoman', 1, NULL, NULL),
(19680, 1585, 'Karangsong', 1, NULL, NULL),
(19681, 1585, 'Pabeanudik', 1, NULL, NULL),
(19682, 1585, 'Tambak', 1, NULL, NULL),
(19684, 1586, 'Panyindangan Kulon', 1, NULL, NULL),
(19685, 1586, 'Rambatan Wetan', 1, NULL, NULL),
(19686, 1586, 'Panyindangan Wetan', 1, NULL, NULL),
(19687, 1586, 'Kenanga', 1, NULL, NULL),
(19688, 1586, 'Terusan', 1, NULL, NULL),
(19689, 1586, 'Dermayu', 1, NULL, NULL),
(19690, 1586, 'Sindang', 1, NULL, NULL),
(19691, 1586, 'Penganjang', 1, NULL, NULL),
(19692, 1586, 'Babadan', 1, NULL, NULL),
(19693, 1586, 'Wanantara', 1, NULL, NULL),
(19697, 1587, 'Cangkring', 1, NULL, NULL),
(19698, 1587, 'Cantigi Kulon', 1, NULL, NULL),
(19699, 1587, 'Cantigi Wetan', 1, NULL, NULL),
(19700, 1587, 'Panyingkiran Lor', 1, NULL, NULL),
(19701, 1587, 'Panyingkiran Kidul', 1, NULL, NULL),
(19702, 1587, 'Lamarantarung', 1, NULL, NULL),
(19703, 1588, 'Kiajaran Kulon', 1, NULL, NULL),
(19704, 1588, 'Kijaran Wetan', 1, NULL, NULL),
(19705, 1588, 'Lanjan', 1, NULL, NULL),
(19706, 1588, 'Langut', 1, NULL, NULL),
(19707, 1588, 'Larangan', 1, NULL, NULL),
(19708, 1588, 'Waru', 1, NULL, NULL),
(19709, 1588, 'Legok', 1, NULL, NULL),
(19710, 1588, 'Bojongslawi', 1, NULL, NULL),
(19711, 1588, 'Lohbener', 1, NULL, NULL),
(19712, 1588, 'Pamayahan', 1, NULL, NULL),
(19713, 1588, 'Sindangkerta', 1, NULL, NULL),
(19714, 1588, 'Rambatan Kulon', 1, NULL, NULL),
(19715, 1589, 'Sukasari', 1, NULL, NULL),
(19716, 1589, 'Arahan Kidul', 1, NULL, NULL),
(19717, 1589, 'Arahan Lor', 1, NULL, NULL),
(19718, 1589, 'Linggajati', 1, NULL, NULL),
(19719, 1589, 'Tawangsari', 1, NULL, NULL),
(19720, 1589, 'Sukadadi', 1, NULL, NULL),
(19721, 1589, 'Pranggong', 1, NULL, NULL),
(19722, 1589, 'Cidempet', 1, NULL, NULL),
(19723, 1590, 'Ranjeng', 1, NULL, NULL),
(19724, 1590, 'Krimun', 1, NULL, NULL),
(19725, 1590, 'Puntang', 1, NULL, NULL),
(19726, 1590, 'Pegagan', 1, NULL, NULL),
(19727, 1590, 'Rajaiyang', 1, NULL, NULL),
(19728, 1590, 'Jangga', 1, NULL, NULL),
(19729, 1590, 'Jumbleng', 1, NULL, NULL),
(19730, 1590, 'Pangkalan', 1, NULL, NULL),
(19731, 1590, 'Cemara', 1, NULL, NULL),
(19732, 1590, 'Losarang', 1, NULL, NULL),
(19733, 1590, 'Muntur', 1, NULL, NULL),
(19734, 1590, 'Santing', 1, NULL, NULL),
(19735, 1591, 'Curug', 1, NULL, NULL),
(19736, 1591, 'Pranti', 1, NULL, NULL),
(19737, 1591, 'Wirakanan', 1, NULL, NULL),
(19738, 1591, 'Karangmulya', 1, NULL, NULL),
(19739, 1591, 'Karanganyar', 1, NULL, NULL),
(19740, 1591, 'Wirapanjunan', 1, NULL, NULL),
(19741, 1591, 'Parean Girang', 1, NULL, NULL),
(19742, 1591, 'Bulak', 1, NULL, NULL),
(19743, 1591, 'Ilir', 1, NULL, NULL),
(19744, 1591, 'Soge', 1, NULL, NULL),
(19745, 1591, 'Eretan Wetan', 1, NULL, NULL),
(19746, 1591, 'Eretan Kulon', 1, NULL, NULL),
(19747, 1591, 'Kertawinangun', 1, NULL, NULL),
(19748, 1592, 'Cipedang', 1, NULL, NULL),
(19749, 1592, 'Sidamulya', 1, NULL, NULL),
(19750, 1592, 'Margamulya', 1, NULL, NULL),
(19751, 1592, 'Kertajaya', 1, NULL, NULL),
(19752, 1592, 'Bongas', 1, NULL, NULL),
(19753, 1592, 'Cipaat', 1, NULL, NULL),
(19754, 1592, 'Kertamulya', 1, NULL, NULL),
(19755, 1592, 'Plawangan', 1, NULL, NULL),
(19756, 1593, 'Mangunjaya', 1, NULL, NULL),
(19757, 1593, 'Bugistua', 1, NULL, NULL),
(19758, 1593, 'Bugis', 1, NULL, NULL),
(19759, 1593, 'Salamdarma', 1, NULL, NULL),
(19760, 1593, 'Kedungwungu', 1, NULL, NULL),
(19761, 1593, 'Wanguk', 1, NULL, NULL),
(19762, 1593, 'Lempuyang', 1, NULL, NULL),
(19763, 1593, 'Kopyah', 1, NULL, NULL),
(19764, 1593, 'Anjatan Baru', 1, NULL, NULL),
(19765, 1593, 'Anjatan', 1, NULL, NULL),
(19766, 1593, 'Cilandak', 1, NULL, NULL),
(19767, 1593, 'Cilandak Lor', 1, NULL, NULL),
(19768, 1593, 'Anjatan Utara', 1, NULL, NULL),
(19770, 1594, 'Bogor', 1, NULL, NULL),
(19771, 1594, 'Sukra', 1, NULL, NULL),
(19772, 1594, 'Ujunggebang', 1, NULL, NULL),
(19773, 1594, 'Tegaltaman', 1, NULL, NULL),
(19774, 1594, 'Sukrawetan', 1, NULL, NULL),
(19775, 1594, 'Sumuradem', 1, NULL, NULL),
(19776, 1594, 'Sumuradem Timur', 1, NULL, NULL),
(19777, 1594, 'Karanglayung', 1, NULL, NULL),
(19786, 1595, 'Sukamandi', 1, NULL, NULL),
(19787, 1595, 'Cicadas', 1, NULL, NULL),
(19788, 1595, 'Sagalaherang', 1, NULL, NULL),
(19789, 1595, 'Dayeuhkolot', 1, NULL, NULL),
(19794, 1595, 'Leles', 1, NULL, NULL),
(19795, 1595, 'Sagalaherang Kaler', 1, NULL, NULL),
(19796, 1595, 'Curugagung', 1, NULL, NULL),
(19803, 1596, 'Curugrendeng', 1, NULL, NULL),
(19804, 1596, 'Sarireja', 1, NULL, NULL),
(19809, 1596, 'Kumpay', 1, NULL, NULL),
(19810, 1596, 'Tambakan', 1, NULL, NULL),
(19811, 1596, 'Jalancagak', 1, NULL, NULL),
(19812, 1596, 'Bunihayu', 1, NULL, NULL),
(19813, 1596, 'Tambakmekar', 1, NULL, NULL),
(19814, 1597, 'Cupunagara', 1, NULL, NULL),
(19815, 1597, 'Cimanggu', 1, NULL, NULL),
(19816, 1597, 'Gardusayang', 1, NULL, NULL),
(19817, 1597, 'Mayang', 1, NULL, NULL),
(19818, 1597, 'Sukakerti', 1, NULL, NULL),
(19821, 1597, 'Darmaga', 1, NULL, NULL),
(19822, 1597, 'Cisalak', 1, NULL, NULL),
(19823, 1597, 'Cigadog', 1, NULL, NULL),
(19827, 1598, 'Buniara', 1, NULL, NULL),
(19828, 1598, 'Tanjungsiang', 1, NULL, NULL),
(19829, 1598, 'Cikawung', 1, NULL, NULL),
(19830, 1598, 'Cimeuhmal', 1, NULL, NULL),
(19831, 1598, 'Sirap', 1, NULL, NULL),
(19832, 1598, 'Kawungluwuk', 1, NULL, NULL),
(19834, 1598, 'Cibuluh', 1, NULL, NULL),
(19835, 1598, 'Sindanglaya', 1, NULL, NULL),
(19836, 1598, 'Rancamanggung', 1, NULL, NULL),
(19837, 1598, 'Gandasoli', 1, NULL, NULL),
(19838, 1599, 'Gunungtua', 1, NULL, NULL),
(19839, 1599, 'Cijambe', 1, NULL, NULL),
(19840, 1599, 'Cirangkong', 1, NULL, NULL),
(19841, 1599, 'Cimenteng', 1, NULL, NULL),
(19842, 1599, 'Cikadu', 1, NULL, NULL),
(19843, 1599, 'Sukahurip', 1, NULL, NULL),
(19844, 1599, 'Bantarsari', 1, NULL, NULL),
(19845, 1599, 'Tanjungwangi', 1, NULL, NULL),
(19847, 1600, 'Sadawarna', 1, NULL, NULL),
(19848, 1600, 'Sumurbarang', 1, NULL, NULL),
(19849, 1600, 'Padaasih', 1, NULL, NULL),
(19850, 1600, 'Cibogo', 1, NULL, NULL),
(19851, 1600, 'Cinangsi', 1, NULL, NULL),
(19852, 1600, 'Majasari', 1, NULL, NULL),
(19853, 1601, 'Parung', 1, NULL, NULL),
(19854, 1601, 'Pasirkareumbi', 1, NULL, NULL),
(19855, 1601, 'Soklat', 1, NULL, NULL),
(19856, 1601, 'Karanganyar', 1, NULL, NULL),
(19857, 1601, 'Cigadung', 1, NULL, NULL),
(19858, 1601, 'Dangdeur', 1, NULL, NULL),
(19859, 1601, 'Sukamelang', 1, NULL, NULL),
(19867, 1602, 'Tanggulun Timur', 1, NULL, NULL),
(19868, 1602, 'Tanggulun Barat', 1, NULL, NULL),
(19869, 1602, 'Marengmang', 1, NULL, NULL),
(19870, 1602, 'Kalijati Barat', 1, NULL, NULL),
(19871, 1602, 'Kalijati Timur', 1, NULL, NULL),
(19879, 1602, 'Kaliangsana', 1, NULL, NULL),
(19882, 1603, 'Cimayasari', 1, NULL, NULL),
(19883, 1603, 'Lengkong', 1, NULL, NULL),
(19884, 1603, 'Cipeundeuy', 1, NULL, NULL),
(19885, 1603, 'Wantilan', 1, NULL, NULL),
(19886, 1603, 'Sawangan', 1, NULL, NULL),
(19888, 1604, 'Cihambulu', 1, NULL, NULL),
(19889, 1604, 'Siluman', 1, NULL, NULL),
(19890, 1604, 'Pabuaran', 1, NULL, NULL),
(19891, 1604, 'Salamjaya', 1, NULL, NULL),
(19892, 1604, 'Kadawung', 1, NULL, NULL),
(19893, 1604, 'Pringkasap', 1, NULL, NULL),
(19894, 1604, 'Karanghegar', 1, NULL, NULL),
(19897, 1605, 'Tanjungrasa Kidul', 1, NULL, NULL),
(19898, 1605, 'Tanjungrasa', 1, NULL, NULL),
(19899, 1605, 'Jatiragas Hilir', 1, NULL, NULL),
(19900, 1605, 'Tambakjati', 1, NULL, NULL),
(19901, 1605, 'Ciberes', 1, NULL, NULL),
(19902, 1605, 'Gempolsari', 1, NULL, NULL),
(19903, 1605, 'Rancamulya', 1, NULL, NULL),
(19904, 1605, 'Rancajaya', 1, NULL, NULL),
(19905, 1605, 'Rancabango', 1, NULL, NULL),
(19906, 1605, 'Rancaasih', 1, NULL, NULL),
(19907, 1606, 'Koranji', 1, NULL, NULL),
(19908, 1606, 'Belendung', 1, NULL, NULL),
(19909, 1606, 'Wanakerta', 1, NULL, NULL),
(19911, 1606, 'Pagon', 1, NULL, NULL),
(19912, 1606, 'Parapatan', 1, NULL, NULL),
(19913, 1606, 'Purwadadi Timur', 1, NULL, NULL),
(19914, 1606, 'Purwadadi Barat', 1, NULL, NULL),
(19915, 1606, 'Pasirbungur', 1, NULL, NULL),
(19916, 1606, 'Rancamahi', 1, NULL, NULL),
(19917, 1606, 'Panyingkiran', 1, NULL, NULL),
(19918, 1607, 'Kaunganten', 1, NULL, NULL),
(19919, 1607, 'Sindangsari', 1, NULL, NULL),
(19920, 1607, 'Cikaum Timur', 1, NULL, NULL),
(19921, 1607, 'Cikaum Barat', 1, NULL, NULL),
(19922, 1607, 'Pasirmuncang', 1, NULL, NULL),
(19923, 1607, 'Gandasari', 1, NULL, NULL),
(19924, 1607, 'Mekarsari', 1, NULL, NULL),
(19925, 1607, 'Tanjungsari Barat', 1, NULL, NULL),
(19926, 1607, 'Tanjungsari Timur', 1, NULL, NULL),
(19931, 1608, 'Gunungsembung', 1, NULL, NULL),
(19932, 1608, 'Gembor', 1, NULL, NULL),
(19933, 1608, 'Gunungsari', 1, NULL, NULL),
(19934, 1608, 'Sukamulya', 1, NULL, NULL),
(19940, 1608, 'Sumbersari', 1, NULL, NULL),
(19941, 1608, 'Gambarsari', 1, NULL, NULL),
(19942, 1608, 'Neglasari', 1, NULL, NULL),
(19943, 1608, 'Pagaden', 1, NULL, NULL),
(19944, 1608, 'Kamarung', 1, NULL, NULL),
(19945, 1609, 'Wanasari', 1, NULL, NULL),
(19946, 1609, 'Sidamulya', 1, NULL, NULL),
(19947, 1609, 'Sidajaya', 1, NULL, NULL),
(19948, 1609, 'Tanjung', 1, NULL, NULL),
(19949, 1609, 'Parigimulya', 1, NULL, NULL),
(19950, 1609, 'Manyingsal', 1, NULL, NULL),
(19951, 1609, 'Padamulya', 1, NULL, NULL),
(19952, 1609, 'Jati', 1, NULL, NULL),
(19953, 1609, 'Kosambi', 1, NULL, NULL),
(19954, 1609, 'Simpar', 1, NULL, NULL),
(19955, 1610, 'Sukadana', 1, NULL, NULL),
(19956, 1610, 'Sukatani', 1, NULL, NULL),
(19957, 1610, 'Kiarasari', 1, NULL, NULL),
(19958, 1610, 'Jatireja', 1, NULL, NULL),
(19959, 1610, 'Mekarjaya', 1, NULL, NULL),
(19960, 1610, 'Kalensari', 1, NULL, NULL),
(19961, 1610, 'Compreng', 1, NULL, NULL),
(19962, 1610, 'Jatimulya', 1, NULL, NULL),
(19963, 1611, 'Nangerang', 1, NULL, NULL),
(19964, 1611, 'Cicadas', 1, NULL, NULL),
(19965, 1611, 'Kihiyang', 1, NULL, NULL),
(19966, 1611, 'Karangsari', 1, NULL, NULL),
(19967, 1611, 'Citrajaya', 1, NULL, NULL),
(19968, 1611, 'Binong', 1, NULL, NULL),
(19969, 1611, 'Kediri', 1, NULL, NULL),
(19970, 1611, 'Mulyasari', 1, NULL, NULL),
(19980, 1612, 'Sukamandijaya', 1, NULL, NULL),
(19981, 1612, 'Ciasem Tengah', 1, NULL, NULL),
(19982, 1612, 'Dukuh', 1, NULL, NULL),
(19983, 1612, 'Jatibaru', 1, NULL, NULL),
(19985, 1612, 'Ciasem Hilir', 1, NULL, NULL),
(19986, 1612, 'Ciasem Baru', 1, NULL, NULL),
(19987, 1612, 'Ciasem Girang', 1, NULL, NULL),
(19988, 1612, 'Sukahaji', 1, NULL, NULL),
(19989, 1612, 'Pinangsari', 1, NULL, NULL),
(19995, 1613, 'Rancasari', 1, NULL, NULL),
(19996, 1613, 'Pamanukan', 1, NULL, NULL),
(19997, 1613, 'Pamanukan Hilir', 1, NULL, NULL),
(19998, 1613, 'Lengkongjaya', 1, NULL, NULL),
(19999, 1613, 'Pamanukan Sebrang', 1, NULL, NULL),
(20001, 1613, 'Mulyasari', 1, NULL, NULL),
(20002, 1613, 'Rancahilir', 1, NULL, NULL),
(20003, 1613, 'Bongas', 1, NULL, NULL),
(20012, 1614, 'Pusakaratu', 1, NULL, NULL),
(20013, 1614, 'Gempol', 1, NULL, NULL),
(20014, 1614, 'Kalentambo', 1, NULL, NULL),
(20015, 1614, 'Kotasari', 1, NULL, NULL),
(20017, 1615, 'Tegalurung', 1, NULL, NULL),
(20018, 1615, 'Mayangan', 1, NULL, NULL),
(20019, 1615, 'Legonwetan', 1, NULL, NULL),
(20020, 1615, 'Legonkulon', 1, NULL, NULL),
(20021, 1615, 'Pangarengan', 1, NULL, NULL),
(20022, 1615, 'Bobos', 1, NULL, NULL),
(20023, 1615, 'Karangmulya', 1, NULL, NULL),
(20026, 1616, 'Cilamaya Hilir', 1, NULL, NULL),
(20027, 1616, 'Cilamaya Girang', 1, NULL, NULL),
(20028, 1616, 'Rawamekar', 1, NULL, NULL),
(20029, 1616, 'Rawameneng', 1, NULL, NULL),
(20030, 1616, 'Jayamukti', 1, NULL, NULL),
(20031, 1616, 'Blanakan', 1, NULL, NULL),
(20032, 1616, 'Langensari', 1, NULL, NULL),
(20033, 1616, 'Muara', 1, NULL, NULL),
(20034, 1616, 'Tanjungtiga', 1, NULL, NULL),
(20035, 1617, 'Jatimekar', 1, NULL, NULL),
(20036, 1617, 'Cikaobandung', 1, NULL, NULL),
(20037, 1617, 'Jatiluhur', 1, NULL, NULL),
(20038, 1617, 'Cilegong', 1, NULL, NULL),
(20039, 1617, 'Kembangkuning', 1, NULL, NULL),
(20040, 1617, 'Cibinong', 1, NULL, NULL),
(20041, 1617, 'Parakanlima', 1, NULL, NULL),
(20042, 1617, 'Cisalada', 1, NULL, NULL),
(20043, 1617, 'Mekargalih', 1, NULL, NULL),
(20044, 1617, 'Bunder', 1, NULL, NULL),
(20045, 1618, 'Parungbanteng', 1, NULL, NULL),
(20046, 1618, 'Sukasari', 1, NULL, NULL),
(20047, 1618, 'Ciririp', 1, NULL, NULL),
(20048, 1618, 'Kertamanah', 1, NULL, NULL),
(20049, 1618, 'Kutamanah', 1, NULL, NULL),
(20050, 1619, 'Tegaldatar', 1, NULL, NULL),
(20051, 1619, 'Sinargalih', 1, NULL, NULL),
(20052, 1619, 'Citamiang', 1, NULL, NULL),
(20053, 1619, 'Cijati', 1, NULL, NULL),
(20054, 1619, 'Gunungkarung', 1, NULL, NULL),
(20055, 1619, 'Pasirjambu', 1, NULL, NULL),
(20056, 1619, 'Ciramahilir', 1, NULL, NULL),
(20057, 1619, 'Sukamukti', 1, NULL, NULL),
(20058, 1620, 'Sukahaji', 1, NULL, NULL),
(20059, 1620, 'Karoya', 1, NULL, NULL),
(20060, 1620, 'Cadassari', 1, NULL, NULL),
(20061, 1620, 'Cadasmekar', 1, NULL, NULL),
(20062, 1620, 'Citalang', 1, NULL, NULL),
(20063, 1620, 'Batutumpang', 1, NULL, NULL),
(20064, 1620, 'Tegalwaru', 1, NULL, NULL),
(20065, 1620, 'Tegalsari', 1, NULL, NULL),
(20066, 1620, 'Warungjeruk', 1, NULL, NULL),
(20067, 1620, 'Galumpit', 1, NULL, NULL),
(20068, 1620, 'Cisarua', 1, NULL, NULL),
(20069, 1620, 'Sukamulya', 1, NULL, NULL),
(20070, 1620, 'Pasanggrahan', 1, NULL, NULL),
(20071, 1621, 'Rawasari', 1, NULL, NULL),
(20072, 1621, 'Gandasoli', 1, NULL, NULL),
(20073, 1621, 'Gandamekar', 1, NULL, NULL),
(20074, 1621, 'Cibogohilir', 1, NULL, NULL),
(20075, 1621, 'Palinggihan', 1, NULL, NULL),
(20076, 1621, 'Babakan Sari', 1, NULL, NULL),
(20077, 1621, 'P L E R E D', 1, NULL, NULL),
(20078, 1621, 'Sindangsari', 1, NULL, NULL),
(20079, 1621, 'Citeko', 1, NULL, NULL),
(20080, 1621, 'Citekokaler', 1, NULL, NULL),
(20081, 1621, 'Linggarsari', 1, NULL, NULL),
(20082, 1621, 'Pamoyanan', 1, NULL, NULL),
(20083, 1621, 'Liunggunung', 1, NULL, NULL),
(20084, 1621, 'Anjun', 1, NULL, NULL),
(20085, 1621, 'Cibogo Girang', 1, NULL, NULL),
(20086, 1621, 'Sempur', 1, NULL, NULL),
(20087, 1622, 'Cianting', 1, NULL, NULL),
(20088, 1622, 'Pasirmunjul', 1, NULL, NULL),
(20089, 1622, 'Cibodas', 1, NULL, NULL),
(20090, 1622, 'Cianting Utara', 1, NULL, NULL),
(20091, 1622, 'Sukatani', 1, NULL, NULL),
(20092, 1622, 'Malangnengah', 1, NULL, NULL),
(20093, 1622, 'Cilalawi', 1, NULL, NULL),
(20094, 1622, 'Sukamaju', 1, NULL, NULL),
(20095, 1622, 'Cipicung', 1, NULL, NULL),
(20096, 1622, 'Tajursindang', 1, NULL, NULL),
(20097, 1622, 'Sindanglaya', 1, NULL, NULL),
(20098, 1622, 'Panyindangan', 1, NULL, NULL),
(20099, 1622, 'Sukajaya', 1, NULL, NULL),
(20100, 1622, 'Cijantung', 1, NULL, NULL),
(20101, 1623, 'Pasirangin', 1, NULL, NULL),
(20102, 1623, 'Nangewer', 1, NULL, NULL),
(20103, 1623, 'Neglasari', 1, NULL, NULL),
(20104, 1623, 'Linggasari', 1, NULL, NULL),
(20105, 1623, 'Sawit', 1, NULL, NULL),
(20106, 1623, 'Sirnamanah', 1, NULL, NULL),
(20107, 1623, 'Depok', 1, NULL, NULL),
(20108, 1623, 'Legoksari', 1, NULL, NULL),
(20109, 1623, 'Mekarsari', 1, NULL, NULL),
(20110, 1623, 'Gununghejo', 1, NULL, NULL),
(20111, 1623, 'Darangdan', 1, NULL, NULL),
(20112, 1623, 'Sadarkarya', 1, NULL, NULL),
(20113, 1623, 'Linggamukti', 1, NULL, NULL),
(20114, 1623, 'Cilingga', 1, NULL, NULL),
(20115, 1623, 'Nagrak', 1, NULL, NULL),
(20116, 1624, 'Cibingbin', 1, NULL, NULL),
(20117, 1624, 'Bojong Timur', 1, NULL, NULL),
(20118, 1624, 'Pasanggrahan', 1, NULL, NULL),
(20119, 1624, 'Cihanjawar', 1, NULL, NULL),
(20120, 1624, 'Cikeris', 1, NULL, NULL),
(20121, 1624, 'Bojong Barat', 1, NULL, NULL),
(20122, 1624, 'Pangkalan', 1, NULL, NULL),
(20123, 1624, 'Sukamanah', 1, NULL, NULL),
(20124, 1624, 'Pawenang', 1, NULL, NULL),
(20125, 1624, 'Sindangsari', 1, NULL, NULL),
(20126, 1624, 'Sindangpanon', 1, NULL, NULL),
(20127, 1624, 'Cipeundeuy', 1, NULL, NULL),
(20128, 1624, 'Cileunca', 1, NULL, NULL),
(20129, 1624, 'Kertasari', 1, NULL, NULL),
(20130, 1625, 'Nangerang', 1, NULL, NULL),
(20131, 1625, 'Simpang', 1, NULL, NULL),
(20132, 1625, 'Sakambang', 1, NULL, NULL),
(20133, 1625, 'Nagrog', 1, NULL, NULL),
(20134, 1625, 'Cibuntu', 1, NULL, NULL),
(20135, 1625, 'Sumurugul', 1, NULL, NULL),
(20136, 1625, 'Raharja', 1, NULL, NULL),
(20137, 1625, 'Wanayasa', 1, NULL, NULL),
(20138, 1625, 'Babakan', 1, NULL, NULL),
(20139, 1625, 'Wanasari', 1, NULL, NULL),
(20140, 1625, 'Legokhuni', 1, NULL, NULL),
(20141, 1625, 'Ciawi', 1, NULL, NULL),
(20142, 1625, 'Sukadami', 1, NULL, NULL),
(20143, 1625, 'Taringgul Tonggoh', 1, NULL, NULL),
(20144, 1625, 'Taringgul Tengah', 1, NULL, NULL),
(20145, 1626, 'Pusakamulya', 1, NULL, NULL),
(20146, 1626, 'Parakan Garokgek', 1, NULL, NULL),
(20147, 1626, 'Ciracas', 1, NULL, NULL),
(20148, 1626, 'Kiarapedes', 1, NULL, NULL),
(20149, 1626, 'Cibeber', 1, NULL, NULL),
(20150, 1626, 'Sumbersari', 1, NULL, NULL),
(20151, 1626, 'Mekarjaya', 1, NULL, NULL),
(20152, 1626, 'Margaluyu', 1, NULL, NULL),
(20153, 1626, 'Gardu', 1, NULL, NULL),
(20154, 1626, 'Taringgul Landeuh', 1, NULL, NULL),
(20155, 1627, 'Ciherang', 1, NULL, NULL),
(20156, 1627, 'Cidahu', 1, NULL, NULL),
(20157, 1627, 'Pasawahan Anyar', 1, NULL, NULL),
(20158, 1627, 'Pasawahankidul', 1, NULL, NULL),
(20159, 1627, 'Sawah Kulon', 1, NULL, NULL),
(20160, 1627, 'Kertajaya', 1, NULL, NULL),
(20161, 1627, 'Lebakanyar', 1, NULL, NULL),
(20162, 1627, 'Cihuni', 1, NULL, NULL),
(20163, 1627, 'Warungkadu', 1, NULL, NULL),
(20164, 1627, 'Selaawi', 1, NULL, NULL),
(20165, 1627, 'Margasari', 1, NULL, NULL),
(20166, 1627, 'Pasawahan', 1, NULL, NULL),
(20167, 1628, 'Bungur Jaya', 1, NULL, NULL),
(20168, 1628, 'Pondokbungur', 1, NULL, NULL),
(20169, 1628, 'Salem', 1, NULL, NULL),
(20170, 1628, 'Galudra', 1, NULL, NULL),
(20171, 1628, 'Sukajadi', 1, NULL, NULL),
(20172, 1628, 'Tanjungsari', 1, NULL, NULL),
(20173, 1628, 'Salam Jaya', 1, NULL, NULL),
(20174, 1628, 'Situ', 1, NULL, NULL),
(20175, 1628, 'Parakansalam', 1, NULL, NULL),
(20176, 1628, 'Salam Mulya', 1, NULL, NULL),
(20177, 1628, 'Gurudug', 1, NULL, NULL),
(20178, 1629, 'Sindangkasih', 1, NULL, NULL),
(20179, 1629, 'Nageri Kidul', 1, NULL, NULL),
(20180, 1629, 'Nageri Tengah', 1, NULL, NULL),
(20181, 1629, 'Cipaisan', 1, NULL, NULL),
(20182, 1629, 'Nageri Kaler', 1, NULL, NULL),
(20183, 1629, 'Tegalmunjul', 1, NULL, NULL),
(20184, 1629, 'Citalang', 1, NULL, NULL),
(20185, 1629, 'Munjuljaya', 1, NULL, NULL),
(20186, 1629, 'Ciseureuh', 1, NULL, NULL),
(20187, 1629, 'Purwamekar', 1, NULL, NULL),
(20188, 1630, 'Maracang', 1, NULL, NULL),
(20189, 1630, 'Ciwareng', 1, NULL, NULL),
(20190, 1630, 'Mulyamekar', 1, NULL, NULL),
(20191, 1630, 'Cigelam', 1, NULL, NULL),
(20192, 1630, 'Babakancikao', 1, NULL, NULL),
(20193, 1630, 'Kadumekar', 1, NULL, NULL),
(20194, 1630, 'Hegarmanah', 1, NULL, NULL),
(20195, 1630, 'Cicadas', 1, NULL, NULL),
(20196, 1630, 'Cilangkap', 1, NULL, NULL),
(20197, 1631, 'Cirende', 1, NULL, NULL),
(20198, 1631, 'Benteng', 1, NULL, NULL),
(20199, 1631, 'Campaka', 1, NULL, NULL),
(20200, 1631, 'Campakasari', 1, NULL, NULL),
(20201, 1631, 'Cijunti', 1, NULL, NULL),
(20202, 1631, 'Cisaat', 1, NULL, NULL),
(20203, 1631, 'Cimahi', 1, NULL, NULL),
(20204, 1631, 'Cikumpay', 1, NULL, NULL),
(20205, 1631, 'Cijaya', 1, NULL, NULL),
(20206, 1631, 'Kertamukti', 1, NULL, NULL),
(20207, 1632, 'Wanawali', 1, NULL, NULL),
(20208, 1632, 'Cikadu', 1, NULL, NULL),
(20209, 1632, 'Cibukamanah', 1, NULL, NULL),
(20210, 1632, 'Cirangkong', 1, NULL, NULL),
(20211, 1632, 'Cipancur', 1, NULL, NULL),
(20212, 1632, 'Cipinang', 1, NULL, NULL),
(20213, 1632, 'Ciparungsari', 1, NULL, NULL),
(20214, 1632, 'Karyamekar', 1, NULL, NULL),
(20215, 1632, 'Cibatu', 1, NULL, NULL),
(20216, 1632, 'Cilandak', 1, NULL, NULL),
(20217, 1633, 'Ciwangi', 1, NULL, NULL),
(20218, 1633, 'Cibening', 1, NULL, NULL),
(20219, 1633, 'Bungursari', 1, NULL, NULL),
(20220, 1633, 'Cibungur', 1, NULL, NULL),
(20221, 1633, 'Dangdeur', 1, NULL, NULL),
(20222, 1633, 'Wanakerta', 1, NULL, NULL),
(20223, 1633, 'Cinangka', 1, NULL, NULL),
(20224, 1633, 'Cikopo', 1, NULL, NULL),
(20225, 1633, 'Karangmukti', 1, NULL, NULL),
(20226, 1633, 'Cibodas', 1, NULL, NULL),
(20227, 1634, 'Medalsari', 1, NULL, NULL),
(20237, 1634, 'Kertasari', 1, NULL, NULL),
(20238, 1634, 'Cintaasih', 1, NULL, NULL),
(20239, 1634, 'Mulangsari', 1, NULL, NULL),
(20240, 1634, 'Jatilaksana', 1, NULL, NULL),
(20241, 1634, 'Ciptasari', 1, NULL, NULL),
(20242, 1634, 'Tamansari', 1, NULL, NULL),
(20243, 1634, 'Tamanmekar', 1, NULL, NULL),
(20244, 1635, 'Tegalega', 1, NULL, NULL),
(20245, 1635, 'Mulyasejati', 1, NULL, NULL),
(20246, 1635, 'Mulyasari', 1, NULL, NULL),
(20247, 1635, 'Kutanegara', 1, NULL, NULL),
(20248, 1635, 'Kutapohaci', 1, NULL, NULL),
(20249, 1635, 'Kutamekar', 1, NULL, NULL),
(20250, 1635, 'Parungmulya', 1, NULL, NULL),
(20270, 1637, 'Karanganyar', 1, NULL, NULL),
(20271, 1637, 'Curug', 1, NULL, NULL),
(20272, 1637, 'Cimahi', 1, NULL, NULL),
(20273, 1637, 'Sumurkondang', 1, NULL, NULL),
(20274, 1637, 'Walahar', 1, NULL, NULL),
(20275, 1637, 'Kiarapayung', 1, NULL, NULL),
(20276, 1637, 'Gintungkerta', 1, NULL, NULL),
(20277, 1637, 'Anggadita', 1, NULL, NULL),
(20280, 1637, 'Klari', 1, NULL, NULL),
(20281, 1637, 'Cibalongsari', 1, NULL, NULL),
(20282, 1637, 'Duren', 1, NULL, NULL),
(20283, 1637, 'Pancawati', 1, NULL, NULL),
(20285, 1637, 'Belendung', 1, NULL, NULL),
(20290, 1638, 'Kalihurip', 1, NULL, NULL),
(20291, 1638, 'Kamojing', 1, NULL, NULL),
(20292, 1638, 'Cikampek Timur', 1, NULL, NULL),
(20293, 1638, 'Cikampek Pusaka', 1, NULL, NULL),
(20294, 1638, 'Cikampek Selatan', 1, NULL, NULL),
(20295, 1638, 'Cikampek Kota', 1, NULL, NULL),
(20296, 1638, 'Cikampek Barat', 1, NULL, NULL),
(20297, 1638, 'Dawuan Timur', 1, NULL, NULL),
(20298, 1638, 'Dawuan Tengah', 1, NULL, NULL),
(20299, 1638, 'Dawuan Barat', 1, NULL, NULL),
(20307, 1639, 'Karangsinom', 1, NULL, NULL),
(20308, 1639, 'Karangjaya', 1, NULL, NULL),
(20309, 1639, 'Parakanmulya', 1, NULL, NULL),
(20310, 1639, 'Citarik', 1, NULL, NULL),
(20311, 1639, 'Tirtasari', 1, NULL, NULL),
(20312, 1639, 'Parakan', 1, NULL, NULL),
(20313, 1639, 'Kamurang', 1, NULL, NULL),
(20314, 1639, 'Bojongsari', 1, NULL, NULL),
(20315, 1639, 'Cipondoh', 1, NULL, NULL),
(20316, 1639, 'Kertawaluya', 1, NULL, NULL),
(20317, 1640, 'Barugbug', 1, NULL, NULL),
(20318, 1640, 'Situdam', 1, NULL, NULL),
(20319, 1640, 'Balonggandu', 1, NULL, NULL),
(20320, 1640, 'Kalijati', 1, NULL, NULL),
(20321, 1640, 'Mekarsari', 1, NULL, NULL),
(20322, 1640, 'Jatisari', 1, NULL, NULL),
(20323, 1640, 'Cirejag', 1, NULL, NULL),
(20324, 1640, 'Cikalongsari', 1, NULL, NULL),
(20325, 1640, 'Jatiragas', 1, NULL, NULL),
(20326, 1640, 'Jatiwangi', 1, NULL, NULL),
(20327, 1640, 'Jatibaru', 1, NULL, NULL),
(20328, 1640, 'Telarsari', 1, NULL, NULL),
(20329, 1640, 'Sukamekar', 1, NULL, NULL),
(20330, 1640, 'Pacing', 1, NULL, NULL),
(20331, 1641, 'Pamekaran', 1, NULL, NULL),
(20332, 1641, 'Cicinde Selatan', 1, NULL, NULL),
(20333, 1641, 'Cicinde Utara', 1, NULL, NULL),
(20334, 1641, 'Jayamukti', 1, NULL, NULL),
(20335, 1641, 'Gempolkolot', 1, NULL, NULL),
(20336, 1641, 'Gempol', 1, NULL, NULL),
(20337, 1641, 'Gembongan', 1, NULL, NULL),
(20338, 1641, 'Mekarasih', 1, NULL, NULL),
(20339, 1641, 'Banyuasih', 1, NULL, NULL),
(20340, 1641, 'Talunjaya', 1, NULL, NULL),
(20341, 1641, 'Tanjung', 1, NULL, NULL),
(20342, 1641, 'Kutaraharja', 1, NULL, NULL),
(20343, 1642, 'Sarimulya', 1, NULL, NULL),
(20344, 1642, 'Jomin Barat', 1, NULL, NULL),
(20345, 1642, 'Jomin Timur', 1, NULL, NULL),
(20346, 1642, 'Pangulah Selatan', 1, NULL, NULL),
(20347, 1642, 'Pangulah Utara', 1, NULL, NULL),
(20348, 1642, 'Pangulah Baru', 1, NULL, NULL),
(20349, 1642, 'Wancimekar', 1, NULL, NULL),
(20350, 1642, 'Pucung', 1, NULL, NULL),
(20351, 1642, 'Cikampek Utara', 1, NULL, NULL),
(20352, 1643, 'Cikarang', 1, NULL, NULL),
(20353, 1643, 'Cikalong', 1, NULL, NULL),
(20354, 1643, 'Tegalsari', 1, NULL, NULL),
(20355, 1643, 'Tegalwaru', 1, NULL, NULL),
(20356, 1643, 'Mekarmaya', 1, NULL, NULL),
(20357, 1643, 'Cilamaya', 1, NULL, NULL),
(20358, 1643, 'Sukatani', 1, NULL, NULL),
(20359, 1643, 'Sukakerta', 1, NULL, NULL),
(20360, 1643, 'Rawagempol Kulon', 1, NULL, NULL),
(20361, 1643, 'Rawagempol Wetan', 1, NULL, NULL),
(20362, 1643, 'Muarabaru', 1, NULL, NULL),
(20363, 1643, 'Muara', 1, NULL, NULL),
(20364, 1644, 'Kiara', 1, NULL, NULL),
(20365, 1644, 'Bayur Kidul', 1, NULL, NULL),
(20366, 1644, 'Bayur Lor', 1, NULL, NULL),
(20367, 1644, 'Langensari', 1, NULL, NULL),
(20368, 1644, 'Sukamulya', 1, NULL, NULL),
(20369, 1644, 'Pasirukem', 1, NULL, NULL),
(20370, 1644, 'Sukajaya', 1, NULL, NULL),
(20371, 1644, 'Pasirjaya', 1, NULL, NULL),
(20372, 1644, 'Muktijaya', 1, NULL, NULL),
(20373, 1644, 'Tegalurung', 1, NULL, NULL),
(20374, 1644, 'Manggungjaya', 1, NULL, NULL),
(20375, 1644, 'Sumurgede', 1, NULL, NULL),
(20376, 1645, 'Ciwaringin', 1, NULL, NULL),
(20377, 1645, 'Waringinkarya', 1, NULL, NULL),
(20378, 1645, 'Pasirtanjung', 1, NULL, NULL),
(20379, 1645, 'Karangtanjung', 1, NULL, NULL),
(20380, 1645, 'Kedawung', 1, NULL, NULL),
(20381, 1645, 'Lemahabang', 1, NULL, NULL),
(20382, 1645, 'Karyamukti', 1, NULL, NULL),
(20383, 1645, 'Pulojaya', 1, NULL, NULL),
(20384, 1645, 'Pulokelapa', 1, NULL, NULL),
(20385, 1645, 'Lemahmukti', 1, NULL, NULL),
(20386, 1645, 'Pulomulya', 1, NULL, NULL),
(20387, 1646, 'Pasirtalaga', 1, NULL, NULL),
(20388, 1646, 'Talagamulya', 1, NULL, NULL),
(20389, 1646, 'Cariumulya', 1, NULL, NULL),
(20390, 1646, 'Cilewo', 1, NULL, NULL),
(20391, 1646, 'Linggarsari', 1, NULL, NULL),
(20392, 1646, 'Pulosari', 1, NULL, NULL),
(20393, 1646, 'Ciwulan', 1, NULL, NULL),
(20394, 1646, 'Kalijaya', 1, NULL, NULL),
(20395, 1646, 'Cadaskertajaya', 1, NULL, NULL),
(20396, 1646, 'Kalibuaya', 1, NULL, NULL),
(20397, 1646, 'Talagasari', 1, NULL, NULL),
(20398, 1646, 'Pasirmukti', 1, NULL, NULL),
(20399, 1646, 'Pasirkamuning', 1, NULL, NULL),
(20400, 1646, 'Kalisari', 1, NULL, NULL),
(20411, 1648, 'Pasirjengkol', 1, NULL, NULL),
(20412, 1648, 'Majalaya', 1, NULL, NULL),
(20413, 1648, 'Ciranggon', 1, NULL, NULL),
(20414, 1648, 'Sarijaya', 1, NULL, NULL),
(20415, 1648, 'Bengle', 1, NULL, NULL),
(20416, 1649, 'Pasirkaliki', 1, NULL, NULL),
(20417, 1649, 'Kutawargi', 1, NULL, NULL),
(20418, 1649, 'Cibadak', 1, NULL, NULL),
(20419, 1649, 'Sukamerta', 1, NULL, NULL),
(20420, 1649, 'Pasirawi', 1, NULL, NULL),
(20421, 1649, 'Balongsari', 1, NULL, NULL),
(20422, 1649, 'Purwamekar', 1, NULL, NULL),
(20423, 1649, 'Mekarjaya', 1, NULL, NULL),
(20424, 1649, 'Sekarwangi', 1, NULL, NULL),
(20425, 1649, 'Panyingkiran', 1, NULL, NULL),
(20426, 1649, 'Sukapura', 1, NULL, NULL),
(20427, 1649, 'Gombongsari', 1, NULL, NULL),
(20428, 1649, 'Sukaraja', 1, NULL, NULL),
(20430, 1650, 'Dayeuhluhur', 1, NULL, NULL),
(20431, 1650, 'Lemahkarya', 1, NULL, NULL),
(20432, 1650, 'Lemahduhur', 1, NULL, NULL),
(20433, 1650, 'Lemahsubur', 1, NULL, NULL),
(20434, 1650, 'Lemahmakmur', 1, NULL, NULL),
(20435, 1650, 'Pagadungan', 1, NULL, NULL),
(20436, 1650, 'Purwajaya', 1, NULL, NULL),
(20437, 1650, 'Jayanagara', 1, NULL, NULL),
(20438, 1650, 'Tempuran', 1, NULL, NULL),
(20439, 1650, 'Ciparagejaya', 1, NULL, NULL),
(20440, 1650, 'Cikuntul', 1, NULL, NULL),
(20441, 1650, 'Sumberjaya', 1, NULL, NULL),
(20442, 1650, 'Pancakarya', 1, NULL, NULL),
(20443, 1650, 'Tanjungjaya', 1, NULL, NULL),
(20447, 1651, 'Sindangkarya', 1, NULL, NULL),
(20448, 1651, 'Sindangmukti', 1, NULL, NULL),
(20449, 1651, 'Sindangmulya', 1, NULL, NULL),
(20450, 1651, 'Mulyajaya', 1, NULL, NULL),
(20451, 1651, 'Kutakarya', 1, NULL, NULL),
(20452, 1651, 'Kutagandok', 1, NULL, NULL),
(20453, 1651, 'Waluya', 1, NULL, NULL),
(20454, 1651, 'Sampalan', 1, NULL, NULL),
(20455, 1651, 'Sindangsari', 1, NULL, NULL),
(20456, 1651, 'Kutaraja', 1, NULL, NULL),
(20457, 1651, 'Kutamukti', 1, NULL, NULL),
(20458, 1651, 'Kutajaya', 1, NULL, NULL),
(20459, 1652, 'Kalangsari', 1, NULL, NULL),
(20460, 1652, 'Kalangsuria', 1, NULL, NULL),
(20461, 1652, 'Karyasari', 1, NULL, NULL),
(20462, 1652, 'Dukuhkarya', 1, NULL, NULL),
(20463, 1652, 'Amansari', 1, NULL, NULL),
(20464, 1652, 'Rengasdengklok Selatan', 1, NULL, NULL),
(20465, 1652, 'Rengasdengklok Utara', 1, NULL, NULL),
(20466, 1652, 'Kertasari', 1, NULL, NULL),
(20467, 1652, 'Dewisari', 1, NULL, NULL),
(20468, 1653, 'Kemiri', 1, NULL, NULL),
(20469, 1653, 'Makmurjaya', 1, NULL, NULL),
(20470, 1653, 'Jayamakmur', 1, NULL, NULL),
(20471, 1653, 'Jayakerta', 1, NULL, NULL),
(20472, 1653, 'Kertajaya', 1, NULL, NULL),
(20473, 1653, 'Ciptamarga', 1, NULL, NULL),
(20474, 1653, 'Medangasem', 1, NULL, NULL),
(20475, 1653, 'Kampungsawah', 1, NULL, NULL),
(20476, 1654, 'Jatimulya', 1, NULL, NULL),
(20481, 1654, 'Kertaraharja', 1, NULL, NULL),
(20482, 1654, 'Karangjaya', 1, NULL, NULL),
(20483, 1654, 'Malangsari', 1, NULL, NULL),
(20484, 1654, 'Kertamulya', 1, NULL, NULL),
(20485, 1654, 'Payungsari', 1, NULL, NULL),
(20486, 1654, 'Randumulya', 1, NULL, NULL),
(20487, 1654, 'Labanjaya', 1, NULL, NULL),
(20490, 1654, 'Sungaibuntu', 1, NULL, NULL),
(20491, 1654, 'Kedaljaya', 1, NULL, NULL),
(20492, 1654, 'Dongkal', 1, NULL, NULL),
(20493, 1654, 'Puspasari', 1, NULL, NULL),
(20494, 1655, 'Sukasari', 1, NULL, NULL),
(20495, 1655, 'Kertarahayu', 1, NULL, NULL),
(20496, 1655, 'Cibuaya', 1, NULL, NULL),
(20497, 1655, 'Pejaten', 1, NULL, NULL),
(20498, 1655, 'Kedungjeruk', 1, NULL, NULL),
(20499, 1655, 'Kalidungjaya', 1, NULL, NULL),
(20500, 1655, 'Kedungjaya', 1, NULL, NULL),
(20501, 1655, 'Jayamulya', 1, NULL, NULL),
(20502, 1655, 'Gebangjaya', 1, NULL, NULL),
(20503, 1655, 'Cemarajaya', 1, NULL, NULL),
(20504, 1655, 'Sedari', 1, NULL, NULL),
(20505, 1656, 'Medankarya', 1, NULL, NULL),
(20506, 1656, 'Pisangsambo', 1, NULL, NULL),
(20507, 1656, 'Sabajaya', 1, NULL, NULL),
(20508, 1656, 'Gempolkarya', 1, NULL, NULL),
(20509, 1656, 'Srijaya', 1, NULL, NULL),
(20510, 1656, 'Kutamakmur', 1, NULL, NULL),
(20511, 1656, 'Bolang', 1, NULL, NULL),
(20512, 1656, 'Srikamulyan', 1, NULL, NULL),
(20513, 1656, 'Sumurlaban', 1, NULL, NULL),
(20514, 1656, 'Tambaksumur', 1, NULL, NULL),
(20515, 1656, 'Tambaksari', 1, NULL, NULL),
(20516, 1657, 'Kutaampel', 1, NULL, NULL),
(20517, 1657, 'Karyamakmur', 1, NULL, NULL),
(20518, 1657, 'Karyamulya', 1, NULL, NULL),
(20519, 1657, 'Telukbango', 1, NULL, NULL),
(20520, 1657, 'Telukambulu', 1, NULL, NULL),
(20521, 1657, 'Karyabakti', 1, NULL, NULL),
(20522, 1657, 'Baturaden', 1, NULL, NULL),
(20523, 1657, 'Batujaya', 1, NULL, NULL),
(20524, 1657, 'Segaran', 1, NULL, NULL),
(20525, 1657, 'Segarjaya', 1, NULL, NULL),
(20526, 1658, 'Talagajaya', 1, NULL, NULL),
(20527, 1658, 'Telukbuyung', 1, NULL, NULL),
(20528, 1658, 'Tanahbaru', 1, NULL, NULL),
(20529, 1658, 'Solokan', 1, NULL, NULL),
(20530, 1658, 'Tanjungbungin', 1, NULL, NULL),
(20531, 1658, 'Tanjungmekar', 1, NULL, NULL),
(20532, 1658, 'Tanjungpakis', 1, NULL, NULL),
(20533, 1658, 'Telukjaya', 1, NULL, NULL),
(20534, 1659, 'Ragemanunggal', 1, NULL, NULL),
(20535, 1659, 'Muktijaya', 1, NULL, NULL),
(20536, 1659, 'Kertarahayu', 1, NULL, NULL),
(20537, 1659, 'Cikarageman', 1, NULL, NULL),
(20538, 1659, 'Taman Sari', 1, NULL, NULL),
(20539, 1659, 'Taman Rahayu', 1, NULL, NULL),
(20540, 1659, 'Burangkeng', 1, NULL, NULL),
(20541, 1659, 'Cileduk', 1, NULL, NULL),
(20542, 1659, 'Cibening', 1, NULL, NULL),
(20543, 1659, 'Cijengkol', 1, NULL, NULL),
(20544, 1659, 'Lubangbuaya', 1, NULL, NULL),
(20545, 1660, 'Jayamulya', 1, NULL, NULL),
(20546, 1660, 'Sukaragam', 1, NULL, NULL),
(20547, 1660, 'Sirnajaya', 1, NULL, NULL),
(20548, 1660, 'Nagacipta', 1, NULL, NULL),
(20549, 1660, 'Nagasari', 1, NULL, NULL),
(20550, 1660, 'Cilangkara', 1, NULL, NULL),
(20551, 1660, 'Sukasari', 1, NULL, NULL),
(20552, 1660, 'Jayasampurna', 1, NULL, NULL),
(20553, 1661, 'Cicau', 1, NULL, NULL),
(20554, 1661, 'Sukamahi', 1, NULL, NULL),
(20555, 1661, 'Pasirranji', 1, NULL, NULL),
(20556, 1661, 'Pasirtanjung', 1, NULL, NULL),
(20557, 1661, 'Hegarmukti', 1, NULL, NULL),
(20558, 1661, 'Jayamukti', 1, NULL, NULL),
(20560, 1662, 'Sukasejati', 1, NULL, NULL),
(20561, 1662, 'Ciantra', 1, NULL, NULL),
(20562, 1662, 'Sukadami', 1, NULL, NULL),
(20563, 1662, 'Serang', 1, NULL, NULL),
(20564, 1662, 'Sukaresmi', 1, NULL, NULL),
(20565, 1662, 'Cibatu', 1, NULL, NULL),
(20566, 1663, 'Cibarusahjaya', 1, NULL, NULL),
(20567, 1663, 'Cibarusahkota', 1, NULL, NULL),
(20568, 1663, 'Sindangmulya', 1, NULL, NULL),
(20569, 1663, 'Wibawamulya', 1, NULL, NULL),
(20570, 1663, 'Sirnajati', 1, NULL, NULL),
(20571, 1663, 'Ridogalih', 1, NULL, NULL),
(20572, 1663, 'Ridomanah', 1, NULL, NULL),
(20573, 1664, 'Karangindah', 1, NULL, NULL),
(20574, 1664, 'Karangmulya', 1, NULL, NULL),
(20575, 1664, 'Bojongmangu', 1, NULL, NULL),
(20576, 1664, 'Medalkrisna', 1, NULL, NULL),
(20577, 1664, 'Sukamukti', 1, NULL, NULL),
(20578, 1664, 'Sukabungah', 1, NULL, NULL),
(20579, 1665, 'Sertajaya', 1, NULL, NULL),
(20580, 1665, 'Hegarmanah', 1, NULL, NULL),
(20581, 1665, 'Cipayung', 1, NULL, NULL),
(20582, 1665, 'Jatireja', 1, NULL, NULL),
(20583, 1665, 'Jatibaru', 1, NULL, NULL),
(20584, 1665, 'Tanjungbaru', 1, NULL, NULL),
(20585, 1665, 'Labansari', 1, NULL, NULL),
(20586, 1665, 'Karangsari', 1, NULL, NULL),
(20587, 1666, 'Bojongsari', 1, NULL, NULL),
(20588, 1666, 'Kedungwaringin', 1, NULL, NULL),
(20589, 1666, 'Waringinjaya', 1, NULL, NULL),
(20590, 1666, 'Karangsambung', 1, NULL, NULL),
(20591, 1666, 'Karangharum', 1, NULL, NULL),
(20592, 1666, 'Mekarjaya', 1, NULL, NULL),
(20593, 1666, 'Karangmekar', 1, NULL, NULL),
(20594, 1667, 'Wangunharja', 1, NULL, NULL),
(20595, 1667, 'Harjamekar', 1, NULL, NULL),
(20596, 1667, 'Pasirgombong', 1, NULL, NULL),
(20597, 1667, 'Mekarmukti', 1, NULL, NULL),
(20598, 1667, 'Simpangan', 1, NULL, NULL),
(20599, 1667, 'Tanjungsari', 1, NULL, NULL),
(20600, 1667, 'Cikarang Kota', 1, NULL, NULL),
(20601, 1667, 'Karangbaru', 1, NULL, NULL),
(20602, 1668, 'Sukaraya', 1, NULL, NULL),
(20603, 1668, 'Karangrahayu', 1, NULL, NULL),
(20604, 1668, 'Karangsetia', 1, NULL, NULL),
(20605, 1668, 'Karangsatu', 1, NULL, NULL),
(20606, 1668, 'Karangmukti', 1, NULL, NULL),
(20607, 1668, 'Karanganyar', 1, NULL, NULL),
(20608, 1668, 'Karangbahagia', 1, NULL, NULL),
(20609, 1668, 'Karangsentosa', 1, NULL, NULL),
(20613, 1669, 'Cibuntu', 1, NULL, NULL),
(20614, 1669, 'Wanasari', 1, NULL, NULL),
(20615, 1669, 'Wanajaya', 1, NULL, NULL),
(20616, 1669, 'Sukajaya', 1, NULL, NULL),
(20617, 1669, 'Kertamukti', 1, NULL, NULL),
(20618, 1669, 'Muktiwari', 1, NULL, NULL),
(20619, 1669, 'Sarimukti', 1, NULL, NULL),
(20620, 1670, 'Telajung', 1, NULL, NULL),
(20621, 1670, 'Cikedokan', 1, NULL, NULL),
(20622, 1670, 'Jatiwangi', 1, NULL, NULL),
(20623, 1670, 'Mekarwangi', 1, NULL, NULL),
(20624, 1670, 'Gandamekar', 1, NULL, NULL),
(20625, 1670, 'Danauindah', 1, NULL, NULL),
(20626, 1670, 'Gandasari', 1, NULL, NULL),
(20627, 1670, 'Sukadanau', 1, NULL, NULL),
(20628, 1670, 'Telaga Asih', 1, NULL, NULL),
(20629, 1670, 'Telagamurni', 1, NULL, NULL),
(20630, 1670, 'Kalijaya', 1, NULL, NULL),
(20631, 1671, 'Jatimulya', 1, NULL, NULL),
(20632, 1671, 'Lambangsari', 1, NULL, NULL),
(20633, 1671, 'Lambangjaya', 1, NULL, NULL),
(20634, 1671, 'Tambun', 1, NULL, NULL),
(20635, 1671, 'Setiadarma', 1, NULL, NULL),
(20636, 1671, 'Setiamekar', 1, NULL, NULL),
(20637, 1671, 'Mekarsari', 1, NULL, NULL),
(20638, 1671, 'Tridayasakti', 1, NULL, NULL),
(20639, 1671, 'Mangunjaya', 1, NULL, NULL),
(20640, 1671, 'Sumberjaya', 1, NULL, NULL),
(20641, 1672, 'Karangsatria', 1, NULL, NULL),
(20642, 1672, 'Satriajaya', 1, NULL, NULL),
(20643, 1672, 'Jalenjaya', 1, NULL, NULL),
(20644, 1672, 'Satriamekar', 1, NULL, NULL),
(20645, 1672, 'Sriamur', 1, NULL, NULL),
(20646, 1672, 'Srimukti', 1, NULL, NULL),
(20647, 1672, 'Srijaya', 1, NULL, NULL),
(20648, 1672, 'Srimahi', 1, NULL, NULL),
(20649, 1673, 'Bahagia', 1, NULL, NULL),
(20650, 1673, 'Kebalen', 1, NULL, NULL),
(20651, 1673, 'Babelan Kota', 1, NULL, NULL),
(20652, 1673, 'Kedungpengawas', 1, NULL, NULL),
(20653, 1673, 'Kedungjaya', 1, NULL, NULL),
(20654, 1673, 'Bunibakti', 1, NULL, NULL),
(20655, 1673, 'Muarabakti', 1, NULL, NULL),
(20656, 1673, 'Pantai Hurip', 1, NULL, NULL),
(20657, 1673, 'Huripjaya', 1, NULL, NULL),
(20658, 1674, 'Pusakarakyat', 1, NULL, NULL),
(20659, 1674, 'Setia Asih', 1, NULL, NULL),
(20660, 1674, 'Pahlawan Setia', 1, NULL, NULL),
(20661, 1674, 'Setiamulya', 1, NULL, NULL),
(20662, 1674, 'Segaramakmur', 1, NULL, NULL),
(20663, 1674, 'Pantaimakmur', 1, NULL, NULL),
(20664, 1674, 'Segarajaya', 1, NULL, NULL),
(20665, 1674, 'Samudrajaya', 1, NULL, NULL),
(20666, 1675, 'Sukamaju', 1, NULL, NULL),
(20667, 1675, 'Sukaraja', 1, NULL, NULL),
(20668, 1675, 'Sukarapih', 1, NULL, NULL),
(20669, 1675, 'Sukarahayu', 1, NULL, NULL),
(20670, 1675, 'Sukabakti', 1, NULL, NULL),
(20671, 1675, 'Sukawijaya', 1, NULL, NULL),
(20672, 1675, 'Sukamantri', 1, NULL, NULL),
(20673, 1676, 'Sukamekar', 1, NULL, NULL),
(20674, 1676, 'Sukadaya', 1, NULL, NULL),
(20675, 1676, 'Sukabudi', 1, NULL, NULL),
(20676, 1676, 'Sukawangi', 1, NULL, NULL),
(20677, 1676, 'Sukakerta', 1, NULL, NULL),
(20678, 1676, 'Sukaringin', 1, NULL, NULL),
(20679, 1676, 'Sukatenang', 1, NULL, NULL),
(20680, 1677, 'Sukaasih', 1, NULL, NULL),
(20681, 1677, 'Sukarukun', 1, NULL, NULL),
(20682, 1677, 'Banjarsari', 1, NULL, NULL),
(20683, 1677, 'Sukahurip', 1, NULL, NULL),
(20684, 1677, 'Sukamanah', 1, NULL, NULL),
(20685, 1677, 'Sukamulya', 1, NULL, NULL),
(20686, 1677, 'Sukadarma', 1, NULL, NULL),
(20687, 1678, 'Sukajadi', 1, NULL, NULL),
(20688, 1678, 'Sukamakmur', 1, NULL, NULL),
(20689, 1678, 'Sukalaksana', 1, NULL, NULL),
(20690, 1678, 'Sukakersa', 1, NULL, NULL),
(20691, 1678, 'Sukakarya', 1, NULL, NULL),
(20692, 1678, 'Sukaindah', 1, NULL, NULL),
(20693, 1678, 'Sukamurni', 1, NULL, NULL),
(20694, 1679, 'Bantarsari', 1, NULL, NULL),
(20695, 1679, 'Bantarjaya', 1, NULL, NULL),
(20696, 1679, 'Kertasari', 1, NULL, NULL),
(20697, 1679, 'Kertajaya', 1, NULL, NULL),
(20698, 1679, 'Karanghaur', 1, NULL, NULL),
(20699, 1679, 'Karangpatri', 1, NULL, NULL),
(20700, 1679, 'Karangreja', 1, NULL, NULL),
(20701, 1679, 'Karangjaya', 1, NULL, NULL),
(20702, 1679, 'Sumbersari', 1, NULL, NULL),
(20703, 1679, 'Sumberreja', 1, NULL, NULL),
(20704, 1679, 'Sumberurip', 1, NULL, NULL),
(20705, 1679, 'Karangsegar', 1, NULL, NULL),
(20706, 1679, 'Karangharja', 1, NULL, NULL),
(20707, 1680, 'Jayabakti', 1, NULL, NULL),
(20708, 1680, 'Sindangjaya', 1, NULL, NULL),
(20709, 1680, 'Sindangsari', 1, NULL, NULL),
(20710, 1680, 'Jayalaksana', 1, NULL, NULL),
(20711, 1680, 'Setialaksana', 1, NULL, NULL),
(20712, 1680, 'Lenggahjaya', 1, NULL, NULL),
(20713, 1680, 'Setiajaya', 1, NULL, NULL),
(20714, 1680, 'Lenggahsari', 1, NULL, NULL),
(20715, 1681, 'Pantai Harapanjaya', 1, NULL, NULL),
(20716, 1681, 'Pantaimekar', 1, NULL, NULL),
(20717, 1681, 'Pantai Sederhana', 1, NULL, NULL),
(20718, 1681, 'Pantaibakti', 1, NULL, NULL),
(20719, 1681, 'Pantaibahagia', 1, NULL, NULL),
(20720, 1681, 'Jayasakti', 1, NULL, NULL),
(20721, 1682, 'Mulyaharja', 1, NULL, NULL),
(20722, 1682, 'Pamoyanan', 1, NULL, NULL),
(20723, 1682, 'Ranggamekar', 1, NULL, NULL),
(20724, 1682, 'Genteng', 1, NULL, NULL),
(20725, 1682, 'Kertamaya', 1, NULL, NULL),
(20726, 1682, 'Rancamaya', 1, NULL, NULL),
(20727, 1682, 'Bojongkerta', 1, NULL, NULL),
(20728, 1682, 'Harjasari', 1, NULL, NULL),
(20729, 1682, 'Muarasari', 1, NULL, NULL),
(20730, 1682, 'Pakuan', 1, NULL, NULL),
(20731, 1682, 'Cipaku', 1, NULL, NULL),
(20732, 1682, 'Lawanggintung', 1, NULL, NULL),
(20733, 1682, 'Batutulis', 1, NULL, NULL),
(20734, 1682, 'Bondongan', 1, NULL, NULL),
(20735, 1682, 'Empang', 1, NULL, NULL),
(20736, 1682, 'Cikaret', 1, NULL, NULL),
(20737, 1683, 'Sindangsari', 1, NULL, NULL),
(20738, 1683, 'Sindangrasa', 1, NULL, NULL),
(20739, 1683, 'Tajur', 1, NULL, NULL),
(20740, 1683, 'Katulampa', 1, NULL, NULL),
(20741, 1683, 'Baranangsiang', 1, NULL, NULL),
(20742, 1683, 'Sukasari', 1, NULL, NULL),
(20743, 1684, 'Bantarjati', 1, NULL, NULL),
(20744, 1684, 'Tegalgundil', 1, NULL, NULL),
(20745, 1684, 'Tanahbaru', 1, NULL, NULL),
(20746, 1684, 'Cimahpar', 1, NULL, NULL),
(20747, 1684, 'Ciluar', 1, NULL, NULL),
(20748, 1684, 'Cibuluh', 1, NULL, NULL),
(20749, 1684, 'Kedunghalang', 1, NULL, NULL),
(20750, 1684, 'Ciparigi', 1, NULL, NULL),
(20751, 1685, 'Paledang', 1, NULL, NULL),
(20752, 1685, 'Gudang', 1, NULL, NULL),
(20753, 1685, 'Babakanpasar', 1, NULL, NULL),
(20754, 1685, 'Tegallega', 1, NULL, NULL),
(20755, 1685, 'Babakan', 1, NULL, NULL),
(20756, 1685, 'Sempur', 1, NULL, NULL),
(20757, 1685, 'Pabaton', 1, NULL, NULL),
(20758, 1685, 'Cibogor', 1, NULL, NULL),
(20759, 1685, 'Panaragan', 1, NULL, NULL),
(20760, 1685, 'Kebonkelapa', 1, NULL, NULL),
(20761, 1685, 'Ciwaringin', 1, NULL, NULL),
(20762, 1686, 'Pasirmulya', 1, NULL, NULL),
(20763, 1686, 'Pasirkuda', 1, NULL, NULL),
(20764, 1686, 'Pasirjaya', 1, NULL, NULL),
(20765, 1686, 'Gunungbatu', 1, NULL, NULL),
(20766, 1686, 'Loji', 1, NULL, NULL),
(20767, 1686, 'Menteng', 1, NULL, NULL),
(20768, 1686, 'Cilendek Timur', 1, NULL, NULL),
(20769, 1686, 'Cilendek Barat', 1, NULL, NULL),
(20770, 1686, 'Sindangbarang', 1, NULL, NULL),
(20771, 1686, 'Margajaya', 1, NULL, NULL),
(20772, 1686, 'Balungbangjaya', 1, NULL, NULL),
(20773, 1686, 'Situgede', 1, NULL, NULL),
(20774, 1686, 'Bubulak', 1, NULL, NULL),
(20775, 1686, 'Semplak', 1, NULL, NULL),
(20776, 1686, 'Curugmekar', 1, NULL, NULL),
(20777, 1686, 'Curug', 1, NULL, NULL),
(20778, 1687, 'Kedungwaringin', 1, NULL, NULL),
(20779, 1687, 'Kedungjaya', 1, NULL, NULL),
(20780, 1687, 'Kebonpedes', 1, NULL, NULL),
(20781, 1687, 'Tanahsareal', 1, NULL, NULL),
(20782, 1687, 'Kedungbadak', 1, NULL, NULL),
(20783, 1687, 'Sukaresmi', 1, NULL, NULL),
(20784, 1687, 'Sukadamai', 1, NULL, NULL),
(20785, 1687, 'Cibadak', 1, NULL, NULL),
(20786, 1687, 'Kayumanis', 1, NULL, NULL),
(20787, 1687, 'Mekarwangi', 1, NULL, NULL),
(20788, 1687, 'Kencana', 1, NULL, NULL),
(20789, 1688, 'Sudajaya Hilir', 1, NULL, NULL),
(20790, 1688, 'Jayamekar', 1, NULL, NULL),
(20791, 1688, 'Jayaraksa', 1, NULL, NULL),
(20792, 1688, 'Baros', 1, NULL, NULL),
(20793, 1689, 'Lembursitu', 1, NULL, NULL),
(20794, 1689, 'Situmekar', 1, NULL, NULL),
(20795, 1689, 'Cipanengah', 1, NULL, NULL),
(20796, 1689, 'Cikundul', 1, NULL, NULL),
(20797, 1689, 'Sindangsari', 1, NULL, NULL),
(20798, 1690, 'Sindangpalay', 1, NULL, NULL),
(20799, 1690, 'Limusnunggal', 1, NULL, NULL),
(20800, 1690, 'Babakan', 1, NULL, NULL),
(20801, 1690, 'Cibeureum Hilir', 1, NULL, NULL),
(20802, 1691, 'Cikondang', 1, NULL, NULL),
(20803, 1691, 'Gedong Panjang', 1, NULL, NULL),
(20804, 1691, 'Citamiang', 1, NULL, NULL),
(20805, 1691, 'Nanggeleng', 1, NULL, NULL),
(20806, 1691, 'Tipar', 1, NULL, NULL),
(20807, 1692, 'Dayeuhluhur', 1, NULL, NULL),
(20808, 1692, 'Warudoyong', 1, NULL, NULL),
(20809, 1692, 'Nyomplong', 1, NULL, NULL),
(20810, 1692, 'Benteng', 1, NULL, NULL),
(20811, 1692, 'Sukakarya', 1, NULL, NULL),
(20812, 1693, 'Karang Tengah', 1, NULL, NULL),
(20813, 1693, 'Gunung Puyuh', 1, NULL, NULL),
(20814, 1693, 'Sriwidari', 1, NULL, NULL),
(20815, 1693, 'Karamat', 1, NULL, NULL),
(20816, 1694, 'Gunung Parang', 1, NULL, NULL),
(20817, 1694, 'Kebonjati', 1, NULL, NULL),
(20818, 1694, 'Cikole', 1, NULL, NULL),
(20819, 1694, 'Selabatu', 1, NULL, NULL),
(20820, 1694, 'Cisarua', 1, NULL, NULL),
(20821, 1694, 'Subangjaya', 1, NULL, NULL),
(20822, 1695, 'Gempol Sari', 1, NULL, NULL),
(20823, 1695, 'Cigondewah Kaler', 1, NULL, NULL),
(20824, 1695, 'Cigondewah Kidul', 1, NULL, NULL),
(20825, 1695, 'Cigondewah Rahayu', 1, NULL, NULL),
(20826, 1695, 'Caringin', 1, NULL, NULL),
(20827, 1695, 'Warung Muncang', 1, NULL, NULL),
(20828, 1695, 'Cibuntu', 1, NULL, NULL),
(20829, 1695, 'Cijerah', 1, NULL, NULL),
(20830, 1696, 'Margasuka', 1, NULL, NULL),
(20831, 1696, 'Cirangrang', 1, NULL, NULL),
(20832, 1696, 'Margahayu Utara', 1, NULL, NULL),
(20833, 1696, 'Babakan Ciparay', 1, NULL, NULL),
(20834, 1696, 'Babakan', 1, NULL, NULL),
(20835, 1696, 'Sukahaji', 1, NULL, NULL),
(20836, 1697, 'Kopo', 1, NULL, NULL),
(20837, 1697, 'Suka Asih', 1, NULL, NULL),
(20838, 1697, 'Babakan Asih', 1, NULL, NULL),
(20839, 1697, 'Babakan Tarogong', 1, NULL, NULL),
(20840, 1697, 'Jamika', 1, NULL, NULL),
(20841, 1698, 'Cibaduyut Kidul', 1, NULL, NULL),
(20842, 1698, 'Cibaduyut Wetan', 1, NULL, NULL),
(20843, 1698, 'Mekar Wangi', 1, NULL, NULL),
(20844, 1698, 'Cibaduyut', 1, NULL, NULL),
(20845, 1698, 'Kebon Lega', 1, NULL, NULL),
(20846, 1698, 'Situsaeur', 1, NULL, NULL),
(20847, 1699, 'Karasak', 1, NULL, NULL),
(20848, 1699, 'Pelindung Hewan', 1, NULL, NULL),
(20849, 1699, 'Nyengseret', 1, NULL, NULL),
(20850, 1699, 'Panjunan', 1, NULL, NULL),
(20851, 1699, 'Cibadak', 1, NULL, NULL),
(20852, 1699, 'Karang Anyar', 1, NULL, NULL),
(20853, 1700, 'Ciseureuh', 1, NULL, NULL),
(20854, 1700, 'Pasirluyu', 1, NULL, NULL),
(20855, 1700, 'Ancol', 1, NULL, NULL),
(20856, 1700, 'Cigereleng', 1, NULL, NULL),
(20857, 1700, 'Ciateul', 1, NULL, NULL),
(20858, 1700, 'Pungkur', 1, NULL, NULL),
(20859, 1700, 'Balong Gede', 1, NULL, NULL),
(20860, 1701, 'Cijagra', 1, NULL, NULL),
(20861, 1701, 'Turangga', 1, NULL, NULL),
(20862, 1701, 'Lingkar Selatan', 1, NULL, NULL),
(20863, 1701, 'Malabar', 1, NULL, NULL),
(20864, 1701, 'Burangrang', 1, NULL, NULL),
(20865, 1701, 'Cikawao', 1, NULL, NULL),
(20866, 1701, 'Paledang', 1, NULL, NULL),
(20867, 1702, 'Wates', 1, NULL, NULL),
(20868, 1702, 'Mengger', 1, NULL, NULL),
(20869, 1702, 'Batununggal', 1, NULL, NULL),
(20870, 1702, 'Kujangsari', 1, NULL, NULL),
(20871, 1703, 'Cijaura', 1, NULL, NULL),
(20872, 1703, 'Margasari', 1, NULL, NULL),
(20873, 1703, 'Sekejati', 1, NULL, NULL),
(20874, 1704, 'Derwati', 1, NULL, NULL),
(20875, 1704, 'Cipamokolan', 1, NULL, NULL),
(20880, 1705, 'Pasir Biru', 1, NULL, NULL),
(20881, 1705, 'Cipadung', 1, NULL, NULL),
(20882, 1705, 'Palasari', 1, NULL, NULL),
(20883, 1705, 'Cisurupan', 1, NULL, NULL),
(20886, 1706, 'Pasanggrahan', 1, NULL, NULL),
(20887, 1706, 'Pasirjati', 1, NULL, NULL),
(20888, 1706, 'Pasir Wangi', 1, NULL, NULL),
(20889, 1706, 'Cigending', 1, NULL, NULL),
(20890, 1706, 'Pasir Endah', 1, NULL, NULL),
(20891, 1707, 'Cisaranten Kulon', 1, NULL, NULL),
(20892, 1707, 'Cisaranten Bina Harapan', 1, NULL, NULL),
(20893, 1707, 'Sukamiskin', 1, NULL, NULL),
(20900, 1709, 'Kebon Kangkung', 1, NULL, NULL),
(20901, 1709, 'Sukapura', 1, NULL, NULL),
(20902, 1709, 'Kebun Jayanti', 1, NULL, NULL),
(20903, 1709, 'Babakan Sari', 1, NULL, NULL),
(20904, 1709, 'Babakan Surabaya', 1, NULL, NULL),
(20905, 1709, 'Cicaheum', 1, NULL, NULL),
(20906, 1710, 'Gumuruh', 1, NULL, NULL),
(20907, 1710, 'Binong', 1, NULL, NULL),
(20908, 1710, 'Kebon Gedang', 1, NULL, NULL),
(20909, 1710, 'Maleer', 1, NULL, NULL),
(20910, 1710, 'Cibangkong', 1, NULL, NULL),
(20911, 1710, 'Samoja', 1, NULL, NULL),
(20912, 1710, 'Kacapiring', 1, NULL, NULL),
(20913, 1710, 'Kebon Waru', 1, NULL, NULL),
(20914, 1711, 'Braga', 1, NULL, NULL),
(20915, 1711, 'Kebon Pisang', 1, NULL, NULL),
(20916, 1711, 'Merdeka', 1, NULL, NULL),
(20917, 1711, 'Babakan Ciamis', 1, NULL, NULL),
(20918, 1712, 'Campaka', 1, NULL, NULL),
(20919, 1712, 'Maleber', 1, NULL, NULL),
(20920, 1712, 'Garuda', 1, NULL, NULL),
(20921, 1712, 'Dungus Cariang', 1, NULL, NULL),
(20922, 1712, 'Ciroyom', 1, NULL, NULL),
(20923, 1712, 'Kebon Jeruk', 1, NULL, NULL),
(20924, 1713, 'Arjuna', 1, NULL, NULL),
(20925, 1713, 'Pasirkaliki', 1, NULL, NULL),
(20926, 1713, 'Pamoyanan', 1, NULL, NULL),
(20927, 1713, 'Pajajaran', 1, NULL, NULL),
(20928, 1713, 'Husen Sastranegara', 1, NULL, NULL),
(20929, 1713, 'Sukaraja', 1, NULL, NULL),
(20930, 1714, 'Taman Sari', 1, NULL, NULL),
(20931, 1714, 'Citarum', 1, NULL, NULL),
(20932, 1714, 'Cihapit', 1, NULL, NULL),
(20933, 1715, 'Sukamaju', 1, NULL, NULL),
(20934, 1715, 'Cicadas', 1, NULL, NULL),
(20935, 1715, 'Cikutra', 1, NULL, NULL),
(20936, 1715, 'Padasuka', 1, NULL, NULL),
(20937, 1715, 'Pasirlayung', 1, NULL, NULL),
(20938, 1715, 'Sukapada', 1, NULL, NULL),
(20939, 1716, 'Cihaurgeulis', 1, NULL, NULL),
(20940, 1716, 'Sukaluyu', 1, NULL, NULL),
(20941, 1716, 'Neglasari', 1, NULL, NULL),
(20942, 1716, 'Cigadung', 1, NULL, NULL),
(20943, 1717, 'Cipaganti', 1, NULL, NULL),
(20944, 1717, 'Lebak Siliwangi', 1, NULL, NULL),
(20945, 1717, 'Lebak Gede', 1, NULL, NULL),
(20946, 1717, 'Sadang Serang', 1, NULL, NULL),
(20947, 1717, 'Sekeloa', 1, NULL, NULL),
(20948, 1717, 'Dago', 1, NULL, NULL),
(20949, 1718, 'Sukawarna', 1, NULL, NULL),
(20950, 1718, 'Sukagalih', 1, NULL, NULL),
(20951, 1718, 'Sukabungah', 1, NULL, NULL),
(20952, 1718, 'Cipedes', 1, NULL, NULL),
(20953, 1718, 'Pasteur', 1, NULL, NULL),
(20954, 1719, 'Sarijadi', 1, NULL, NULL),
(20955, 1719, 'Sukarasa', 1, NULL, NULL),
(20956, 1719, 'Gegerkalong', 1, NULL, NULL),
(20957, 1719, 'Isola', 1, NULL, NULL),
(20958, 1720, 'Hegarmanah', 1, NULL, NULL),
(20959, 1720, 'Ciumbuleuit', 1, NULL, NULL),
(20960, 1720, 'Ledeng', 1, NULL, NULL),
(20961, 1721, 'Argasunya', 1, NULL, NULL),
(20962, 1721, 'Kalijaga', 1, NULL, NULL),
(20963, 1721, 'Harjamukti', 1, NULL, NULL),
(20964, 1721, 'Kecapi', 1, NULL, NULL),
(20965, 1721, 'Larangan', 1, NULL, NULL),
(20966, 1722, 'Pegambiran', 1, NULL, NULL),
(20967, 1722, 'Kesepuhan', 1, NULL, NULL),
(20968, 1722, 'Lemahwungkuk', 1, NULL, NULL),
(20969, 1722, 'Panjunan', 1, NULL, NULL),
(20970, 1723, 'Jagasatru', 1, NULL, NULL),
(20971, 1723, 'Pulasaren', 1, NULL, NULL),
(20972, 1723, 'Pekalipan', 1, NULL, NULL),
(20973, 1723, 'Pekalangan', 1, NULL, NULL),
(20974, 1724, 'Karyamulya', 1, NULL, NULL),
(20975, 1724, 'Sunyaragi', 1, NULL, NULL),
(20976, 1724, 'Drajat', 1, NULL, NULL),
(20977, 1724, 'Kesambi', 1, NULL, NULL),
(20978, 1724, 'Pekiringan', 1, NULL, NULL),
(20979, 1725, 'Kejaksan', 1, NULL, NULL),
(20980, 1725, 'Kebonbaru', 1, NULL, NULL),
(20981, 1725, 'Sukapura', 1, NULL, NULL),
(20982, 1725, 'Kesenden', 1, NULL, NULL),
(20985, 1726, 'Jatimakmur', 1, NULL, NULL),
(20986, 1726, 'Jatiwaringin', 1, NULL, NULL),
(20987, 1726, 'Jatibening', 1, NULL, NULL),
(20988, 1727, 'Jatikarya', 1, NULL, NULL),
(20989, 1727, 'Jatisampurna', 1, NULL, NULL),
(20990, 1727, 'Jatirangga', 1, NULL, NULL),
(20991, 1727, 'Jatiranggon', 1, NULL, NULL),
(20993, 1728, 'Jatisari', 1, NULL, NULL),
(20994, 1728, 'Jatiluhur', 1, NULL, NULL),
(20995, 1728, 'Jatirasa', 1, NULL, NULL),
(20996, 1728, 'Jatiasih', 1, NULL, NULL),
(20997, 1728, 'Jatimekar', 1, NULL, NULL),
(20998, 1728, 'Jatikramat', 1, NULL, NULL),
(20999, 1729, 'Ciketingudik', 1, NULL, NULL),
(21000, 1729, 'Sumur Batu', 1, NULL, NULL),
(21001, 1729, 'Cikiwul', 1, NULL, NULL),
(21002, 1729, 'Bantargebang', 1, NULL, NULL),
(21007, 1730, 'Margahayu', 1, NULL, NULL),
(21008, 1730, 'Bekasi Jaya', 1, NULL, NULL),
(21009, 1730, 'Duren Jaya', 1, NULL, NULL),
(21010, 1730, 'Aren Jaya', 1, NULL, NULL),
(21011, 1731, 'Bojong Menteng', 1, NULL, NULL),
(21012, 1731, 'Bojong Rawalumbu', 1, NULL, NULL),
(21013, 1731, 'Sepanjang Jaya', 1, NULL, NULL),
(21014, 1731, 'Pengasinan', 1, NULL, NULL),
(21015, 1732, 'Jaka Mulya', 1, NULL, NULL),
(21016, 1732, 'Jaka Setia', 1, NULL, NULL),
(21017, 1732, 'Pekayon Jaya', 1, NULL, NULL),
(21018, 1732, 'Marga Jaya', 1, NULL, NULL),
(21019, 1732, 'Kayuringin Jaya', 1, NULL, NULL),
(21020, 1733, 'Bintara Jaya', 1, NULL, NULL),
(21021, 1733, 'Bintara', 1, NULL, NULL),
(21022, 1733, 'Kranji', 1, NULL, NULL),
(21023, 1733, 'Kota Baru', 1, NULL, NULL),
(21024, 1733, 'Jaka Sampurna', 1, NULL, NULL),
(21025, 1734, 'Harapan Mulya', 1, NULL, NULL),
(21026, 1734, 'Kali Baru', 1, NULL, NULL),
(21027, 1734, 'Medan Satria', 1, NULL, NULL),
(21028, 1734, 'Pejuang', 1, NULL, NULL),
(21029, 1735, 'Harapan Jaya', 1, NULL, NULL),
(21030, 1735, 'Kaliabang Tengah', 1, NULL, NULL),
(21031, 1735, 'Perwira', 1, NULL, NULL),
(21032, 1735, 'Harapan Baru', 1, NULL, NULL),
(21033, 1735, 'Teluk Pucung', 1, NULL, NULL),
(21034, 1735, 'Marga Mulya', 1, NULL, NULL),
(21037, 1736, 'Pengasinan', 1, NULL, NULL),
(21038, 1736, 'Bedahan', 1, NULL, NULL);
INSERT INTO `desa` (`id`, `kecamatan_id`, `desa_name`, `publication_status`, `created_at`, `updated_at`) VALUES
(21039, 1736, 'Pasir Putih', 1, NULL, NULL),
(21040, 1736, 'Sawangan Baru', 1, NULL, NULL),
(21041, 1736, 'Sawangan Lama', 1, NULL, NULL),
(21047, 1736, 'Kedaung', 1, NULL, NULL),
(21048, 1736, 'Cinangka', 1, NULL, NULL),
(21054, 1737, 'Rangkapan Jaya Baru', 1, NULL, NULL),
(21055, 1737, 'Rangkapan Jaya', 1, NULL, NULL),
(21056, 1737, 'Mampang', 1, NULL, NULL),
(21057, 1737, 'Pancoran Mas', 1, NULL, NULL),
(21058, 1737, 'Depok Jaya', 1, NULL, NULL),
(21059, 1737, 'Depok', 1, NULL, NULL),
(21065, 1738, 'Sukmajaya', 1, NULL, NULL),
(21066, 1738, 'Tirtajaya', 1, NULL, NULL),
(21067, 1738, 'Mekar Jaya', 1, NULL, NULL),
(21068, 1738, 'Abadijaya', 1, NULL, NULL),
(21069, 1738, 'Bakti Jaya', 1, NULL, NULL),
(21070, 1738, 'Cisalak', 1, NULL, NULL),
(21077, 1739, 'Curug', 1, NULL, NULL),
(21079, 1739, 'Harjamukti', 1, NULL, NULL),
(21080, 1739, 'Cisalak Pasar', 1, NULL, NULL),
(21081, 1739, 'Mekarsari', 1, NULL, NULL),
(21082, 1739, 'Tugu', 1, NULL, NULL),
(21083, 1739, 'Pasir Gunung Selatan', 1, NULL, NULL),
(21084, 1740, 'Beji', 1, NULL, NULL),
(21085, 1740, 'Beji Timur', 1, NULL, NULL),
(21086, 1740, 'Kemirimuka', 1, NULL, NULL),
(21087, 1740, 'Pondok Cina', 1, NULL, NULL),
(21088, 1740, 'Kukusan', 1, NULL, NULL),
(21089, 1740, 'Tanah Baru', 1, NULL, NULL),
(21090, 1741, 'Meruyung', 1, NULL, NULL),
(21091, 1741, 'Grogol', 1, NULL, NULL),
(21092, 1741, 'Krukut', 1, NULL, NULL),
(21093, 1741, 'Limo', 1, NULL, NULL),
(21098, 1742, 'Melong', 1, NULL, NULL),
(21099, 1742, 'Cibeureum', 1, NULL, NULL),
(21100, 1742, 'Utama', 1, NULL, NULL),
(21101, 1742, 'Leuwigajah', 1, NULL, NULL),
(21102, 1742, 'Cibeber', 1, NULL, NULL),
(21103, 1743, 'Baros', 1, NULL, NULL),
(21104, 1743, 'Cigugur Tengah', 1, NULL, NULL),
(21105, 1743, 'Karangmekar', 1, NULL, NULL),
(21106, 1743, 'Setiamanah', 1, NULL, NULL),
(21107, 1743, 'Padasuka', 1, NULL, NULL),
(21108, 1743, 'Cimahi', 1, NULL, NULL),
(21109, 1744, 'Pasirkaliki', 1, NULL, NULL),
(21110, 1744, 'Cibabat', 1, NULL, NULL),
(21111, 1744, 'Citeureup', 1, NULL, NULL),
(21112, 1744, 'Cipageran', 1, NULL, NULL),
(21113, 1745, 'Leuwiliang', 1, NULL, NULL),
(21114, 1745, 'Urug', 1, NULL, NULL),
(21115, 1745, 'Gunungtandala', 1, NULL, NULL),
(21116, 1745, 'Gununggede', 1, NULL, NULL),
(21117, 1745, 'Talagasari', 1, NULL, NULL),
(21118, 1745, 'Tanjung', 1, NULL, NULL),
(21119, 1745, 'Cibeuti', 1, NULL, NULL),
(21120, 1745, 'Karanganyar', 1, NULL, NULL),
(21121, 1745, 'Cilamajang', 1, NULL, NULL),
(21122, 1745, 'Karsamenak', 1, NULL, NULL),
(21123, 1746, 'Setiamulya', 1, NULL, NULL),
(21124, 1746, 'Setiawargi', 1, NULL, NULL),
(21125, 1746, 'Tamansari', 1, NULL, NULL),
(21126, 1746, 'Tamanjaya', 1, NULL, NULL),
(21127, 1746, 'Mulyasari', 1, NULL, NULL),
(21128, 1746, 'Sukahurip', 1, NULL, NULL),
(21129, 1746, 'Mugarsari', 1, NULL, NULL),
(21130, 1746, 'Sumelap', 1, NULL, NULL),
(21131, 1747, 'Ciherang', 1, NULL, NULL),
(21132, 1747, 'Ciakar', 1, NULL, NULL),
(21133, 1747, 'Margabakti', 1, NULL, NULL),
(21134, 1747, 'Awipari', 1, NULL, NULL),
(21135, 1747, 'Kotabaru', 1, NULL, NULL),
(21136, 1747, 'Kersanagara', 1, NULL, NULL),
(21137, 1747, 'Setiajaya', 1, NULL, NULL),
(21138, 1747, 'Setiaratu', 1, NULL, NULL),
(21139, 1747, 'Setianagara', 1, NULL, NULL),
(21146, 1748, 'Kahuripan', 1, NULL, NULL),
(21147, 1748, 'Cikalang', 1, NULL, NULL),
(21148, 1748, 'Empangsari', 1, NULL, NULL),
(21149, 1748, 'Tawangsari', 1, NULL, NULL),
(21150, 1748, 'Lengkongsari', 1, NULL, NULL),
(21151, 1749, 'Tugujaya', 1, NULL, NULL),
(21152, 1749, 'Tuguraja', 1, NULL, NULL),
(21153, 1749, 'Nagarawangi', 1, NULL, NULL),
(21154, 1749, 'Yudanagara', 1, NULL, NULL),
(21155, 1749, 'Cilembang', 1, NULL, NULL),
(21156, 1749, 'Argasari', 1, NULL, NULL),
(21157, 1750, 'Karikil', 1, NULL, NULL),
(21158, 1750, 'Cigantang', 1, NULL, NULL),
(21159, 1750, 'Sambongjaya', 1, NULL, NULL),
(21160, 1750, 'Sambongpari', 1, NULL, NULL),
(21161, 1750, 'Linggajaya', 1, NULL, NULL),
(21162, 1750, 'Mangkubumi', 1, NULL, NULL),
(21163, 1750, 'Cipari', 1, NULL, NULL),
(21164, 1750, 'Cipawitra', 1, NULL, NULL),
(21169, 1751, 'Panyingkiran', 1, NULL, NULL),
(21170, 1751, 'Parakannyasag', 1, NULL, NULL),
(21171, 1751, 'Sirnagalih', 1, NULL, NULL),
(21172, 1751, 'Indihiang', 1, NULL, NULL),
(21176, 1751, 'Sukamajukidul', 1, NULL, NULL),
(21177, 1751, 'Sukamajukaler', 1, NULL, NULL),
(21178, 1752, 'Panglayungan', 1, NULL, NULL),
(21179, 1752, 'Cipedes', 1, NULL, NULL),
(21180, 1752, 'Nagarasari', 1, NULL, NULL),
(21181, 1752, 'Sukamanah', 1, NULL, NULL),
(59302, 4998, 'Situbatu', 1, NULL, NULL),
(59303, 4998, 'Neglasari', 1, NULL, NULL),
(59304, 4998, 'Cibeureum', 1, NULL, NULL),
(59305, 4998, 'Balokang', 1, NULL, NULL),
(59306, 4998, 'Banjar', 1, NULL, NULL),
(59307, 4998, 'Mekarsari', 1, NULL, NULL),
(59308, 4999, 'Purwaharja', 1, NULL, NULL),
(59309, 4999, 'Karangpanimbal', 1, NULL, NULL),
(59310, 4999, 'Raharja', 1, NULL, NULL),
(59311, 4999, 'Mekarharja', 1, NULL, NULL),
(59312, 5000, 'Binangun', 1, NULL, NULL),
(59313, 5000, 'Batulawang', 1, NULL, NULL),
(59314, 5000, 'Karyamukti', 1, NULL, NULL),
(59315, 5000, 'Mulyasari', 1, NULL, NULL),
(59316, 5000, 'Pataruman', 1, NULL, NULL),
(59317, 5000, 'Hegarsari', 1, NULL, NULL),
(59318, 5001, 'Kujangsari', 1, NULL, NULL),
(59319, 5001, 'Bojongkantong', 1, NULL, NULL),
(59320, 5001, 'Rejasari', 1, NULL, NULL),
(59321, 5001, 'Langensari', 1, NULL, NULL),
(59322, 5001, 'Muktisari', 1, NULL, NULL),
(59323, 5001, 'Waringinsari', 1, NULL, NULL),
(69045, 5623, 'Wangun Jaya', 1, NULL, NULL),
(69046, 5623, 'Sadengkolot', 1, NULL, NULL),
(69047, 5623, 'Leuwisadeng', 1, NULL, NULL),
(69048, 5623, 'Sibanteng', 1, NULL, NULL),
(69049, 5623, 'Babakan Sadeng', 1, NULL, NULL),
(69050, 5623, 'Sadeng', 1, NULL, NULL),
(69051, 5623, 'Kalong Ii', 1, NULL, NULL),
(69052, 5623, 'Kalong I', 1, NULL, NULL),
(69053, 5624, 'Tapos 1', 1, NULL, NULL),
(69054, 5624, 'Gunung Malang', 1, NULL, NULL),
(69055, 5624, 'Tapos 2', 1, NULL, NULL),
(69056, 5624, 'Situ Daun', 1, NULL, NULL),
(69057, 5624, 'Cibitung Tengah', 1, NULL, NULL),
(69058, 5624, 'Cinangneng', 1, NULL, NULL),
(69059, 5625, 'Tugu Jaya', 1, NULL, NULL),
(69060, 5625, 'Cigombong', 1, NULL, NULL),
(69061, 5625, 'Wates Jaya', 1, NULL, NULL),
(69062, 5625, 'Srogol', 1, NULL, NULL),
(69063, 5625, 'Ciburuy', 1, NULL, NULL),
(69064, 5625, 'Cisalada', 1, NULL, NULL),
(69065, 5625, 'Pasir Jaya', 1, NULL, NULL),
(69066, 5625, 'Ciburayut', 1, NULL, NULL),
(69067, 5625, 'Ciadeg', 1, NULL, NULL),
(69068, 5626, 'Cibadak', 1, NULL, NULL),
(69069, 5626, 'Tanjung Sari', 1, NULL, NULL),
(69070, 5626, 'Sinarsari', 1, NULL, NULL),
(69071, 5626, 'Sinarrasa', 1, NULL, NULL),
(69072, 5626, 'Buanajaya', 1, NULL, NULL),
(69073, 5626, 'Antajaya', 1, NULL, NULL),
(69074, 5626, 'Pasir Tanjung', 1, NULL, NULL),
(69075, 5626, 'Tanjung Rasa', 1, NULL, NULL),
(69076, 5626, 'Sukarasa', 1, NULL, NULL),
(69077, 5626, 'Selawangi', 1, NULL, NULL),
(69078, 1215, 'Sukagalih', 1, NULL, NULL),
(69079, 5627, 'Tonjong', 1, NULL, NULL),
(69080, 5627, 'Tajur Halang', 1, NULL, NULL),
(69081, 5627, 'Sukmajaya', 1, NULL, NULL),
(69082, 5627, 'Nanggerang', 1, NULL, NULL),
(69083, 5627, 'Sasak Panjang', 1, NULL, NULL),
(69084, 5627, 'Kalisuren', 1, NULL, NULL),
(69085, 5627, 'Citayam', 1, NULL, NULL),
(69086, 1223, 'Cimulang', 1, NULL, NULL),
(69087, 1230, 'Wirajaya', 1, NULL, NULL),
(69088, 1233, 'Mandrajaya', 1, NULL, NULL),
(69089, 1233, 'Mekarsakti', 1, NULL, NULL),
(69090, 1234, 'Mekarsari', 1, NULL, NULL),
(69091, 1234, 'Pangumbahan', 1, NULL, NULL),
(69092, 1234, 'Ujung Genteng', 1, NULL, NULL),
(69093, 1235, 'Mekar Mukti', 1, NULL, NULL),
(69094, 1235, 'Waluran Mandiri', 1, NULL, NULL),
(69095, 1236, 'Sukatani', 1, NULL, NULL),
(69096, 5628, 'Boregah Indah', 1, NULL, NULL),
(69097, 5628, 'Cimanggu', 1, NULL, NULL),
(69098, 5628, 'Sukamaju', 1, NULL, NULL),
(69099, 5628, 'Sukajadi', 1, NULL, NULL),
(69100, 5628, 'Karangmekar', 1, NULL, NULL),
(69101, 5628, 'Sukamanah', 1, NULL, NULL),
(69102, 1239, 'Mekarwangi', 1, NULL, NULL),
(69103, 1240, 'Sirnamekar', 1, NULL, NULL),
(69104, 1244, 'Mekartanjung', 1, NULL, NULL),
(69105, 1244, 'Bojong Tugu', 1, NULL, NULL),
(69106, 1245, 'Lembursawah', 1, NULL, NULL),
(69107, 1249, 'Sukaharja', 1, NULL, NULL),
(69108, 1249, 'Tarisi', 1, NULL, NULL),
(69109, 1249, 'Damarraja', 1, NULL, NULL),
(69110, 1250, 'Buanajaya', 1, NULL, NULL),
(69111, 1250, 'Boyongsari', 1, NULL, NULL),
(69112, 1260, 'Perbawati', 1, NULL, NULL),
(69113, 1263, 'Mangkalaya', 1, NULL, NULL),
(69114, 1265, 'Sukadamai', 1, NULL, NULL),
(69115, 1266, 'Pasirdatar Indah', 1, NULL, NULL),
(69116, 5629, 'Munjul', 1, NULL, NULL),
(69117, 5629, 'Ciambar', 1, NULL, NULL),
(69118, 5629, 'Ginanjar', 1, NULL, NULL),
(69119, 5629, 'Wangunjaya', 1, NULL, NULL),
(69120, 5629, 'Cibunarjaya', 1, NULL, NULL),
(69121, 1274, 'Cikarae Thoyibah', 1, NULL, NULL),
(69122, 1275, 'Sukarame', 1, NULL, NULL),
(69123, 1276, 'Gandasoli', 1, NULL, NULL),
(69124, 1277, 'Cianaga', 1, NULL, NULL),
(69125, 1278, 'Mekarsari', 1, NULL, NULL),
(69126, 1278, 'Tanjungsari', 1, NULL, NULL),
(69127, 1283, 'Mekarmukti', 1, NULL, NULL),
(69128, 1284, 'Mekarjaya', 1, NULL, NULL),
(69129, 5630, 'Mekarmulya', 1, NULL, NULL),
(69130, 5630, 'Kubang', 1, NULL, NULL),
(69131, 5630, 'Girijaya', 1, NULL, NULL),
(69132, 5630, 'Girimukti', 1, NULL, NULL),
(69133, 5630, 'Simpang', 1, NULL, NULL),
(69134, 5630, 'Kalibaru', 1, NULL, NULL),
(69135, 5630, 'Pusakajaya', 1, NULL, NULL),
(69136, 5630, 'Karangjaya', 1, NULL, NULL),
(69137, 1286, 'Gandasari', 1, NULL, NULL),
(69138, 5631, 'Cihea', 1, NULL, NULL),
(69139, 5631, 'Sukatani', 1, NULL, NULL),
(69140, 5631, 'Ramasari', 1, NULL, NULL),
(69141, 5631, 'Haurwangi', 1, NULL, NULL),
(69142, 5631, 'Kertasari', 1, NULL, NULL),
(69143, 5631, 'Kertamukti', 1, NULL, NULL),
(69144, 5631, 'Cipeuyeum', 1, NULL, NULL),
(69145, 5631, 'Mekarwangi', 1, NULL, NULL),
(69146, 1304, 'Sukatani', 1, NULL, NULL),
(69147, 1308, 'Panundaan', 1, NULL, NULL),
(69148, 1308, 'Ciwidey', 1, NULL, NULL),
(69149, 1308, 'Panyocokan', 1, NULL, NULL),
(69150, 1308, 'Lebakmuncang', 1, NULL, NULL),
(69151, 1308, 'Rawabogo', 1, NULL, NULL),
(69152, 1311, 'Warjabakti', 1, NULL, NULL),
(69153, 1318, 'Nagrog', 1, NULL, NULL),
(69154, 1318, 'Narawita', 1, NULL, NULL),
(69155, 1318, 'Margaasih', 1, NULL, NULL),
(69156, 1318, 'Cicalengka Wetan', 1, NULL, NULL),
(69157, 1318, 'Cikuya', 1, NULL, NULL),
(69158, 1318, 'Waluya', 1, NULL, NULL),
(69159, 1323, 'Mekarlaksana', 1, NULL, NULL),
(69160, 1323, 'Bumiwangi', 1, NULL, NULL),
(69161, 1324, 'Wargamekar', 1, NULL, NULL),
(69162, 5632, 'Jatisari', 1, NULL, NULL),
(69163, 5632, 'Nagrak', 1, NULL, NULL),
(69164, 5632, 'Bandasari', 1, NULL, NULL),
(69165, 5632, 'Pananjung', 1, NULL, NULL),
(69166, 5632, 'Ciluncat', 1, NULL, NULL),
(69167, 5632, 'Cangkuang', 1, NULL, NULL),
(69168, 5632, 'Tanjungsari', 1, NULL, NULL),
(69169, 1329, 'Parungserab', 1, NULL, NULL),
(69170, 1329, 'Sekarwangi', 1, NULL, NULL),
(69171, 1329, 'Cingcin', 1, NULL, NULL),
(69172, 5633, 'Cilame', 1, NULL, NULL),
(69173, 5633, 'Buninagara', 1, NULL, NULL),
(69174, 5633, 'Padasuka', 1, NULL, NULL),
(69175, 5633, 'Sukamulya', 1, NULL, NULL),
(69176, 5633, 'Kutawaringin', 1, NULL, NULL),
(69177, 5633, 'Kopo', 1, NULL, NULL),
(69178, 5633, 'Cibodas', 1, NULL, NULL),
(69179, 5633, 'Jatisari', 1, NULL, NULL),
(69180, 5633, 'Jelegong', 1, NULL, NULL),
(69181, 5633, 'Gajahmekar', 1, NULL, NULL),
(69182, 5633, 'Pameuntasan', 1, NULL, NULL),
(69183, 1351, 'Karangsewu', 1, NULL, NULL),
(69184, 1353, 'Mekarwangi', 1, NULL, NULL),
(69185, 5634, 'Karangwangi', 1, NULL, NULL),
(69186, 5634, 'Cijayana', 1, NULL, NULL),
(69187, 5634, 'Mekarmukti', 1, NULL, NULL),
(69188, 5634, 'Jagabaya', 1, NULL, NULL),
(69189, 1357, 'Ciroyom', 1, NULL, NULL),
(69190, 1357, 'Girimukti', 1, NULL, NULL),
(69191, 1359, 'Cigaronggong', 1, NULL, NULL),
(69192, 1359, 'Mekarmukti', 1, NULL, NULL),
(69193, 1359, 'Mekarwangi', 1, NULL, NULL),
(69194, 5635, 'Barusuda', 1, NULL, NULL),
(69195, 5635, 'Cigedug', 1, NULL, NULL),
(69196, 5635, 'Sukahurip', 1, NULL, NULL),
(69197, 5635, 'Sindangsari', 1, NULL, NULL),
(69198, 5635, 'Cintanagara', 1, NULL, NULL),
(69199, 1373, 'Pasawahan', 1, NULL, NULL),
(69200, 5636, 'Linggamukti', 1, NULL, NULL),
(69201, 5636, 'Sukalaksana', 1, NULL, NULL),
(69202, 5636, 'Cigadog', 1, NULL, NULL),
(69203, 5636, 'Tenjonagara', 1, NULL, NULL),
(69204, 5636, 'Sukaratu', 1, NULL, NULL),
(69205, 5636, 'Tegalpanjang', 1, NULL, NULL),
(69206, 5636, 'Sadang', 1, NULL, NULL),
(69207, 5637, 'Sukahurip', 1, NULL, NULL),
(69208, 5637, 'Babakanloa', 1, NULL, NULL),
(69209, 5637, 'Sukarasa', 1, NULL, NULL),
(69210, 5637, 'Cimaragas', 1, NULL, NULL),
(69211, 5637, 'Cihuni', 1, NULL, NULL),
(69212, 5637, 'Citangtu', 1, NULL, NULL),
(69213, 5637, 'Karangsari', 1, NULL, NULL),
(69214, 5637, 'Sukamulya', 1, NULL, NULL),
(69215, 1377, 'Mekarwangi', 1, NULL, NULL),
(69216, 1377, 'Mekarhurip', 1, NULL, NULL),
(69217, 1379, 'Sukalaksana', 1, NULL, NULL),
(69218, 1386, 'Simpen Kidul', 1, NULL, NULL),
(69219, 1386, 'Simpen Kaler', 1, NULL, NULL),
(69220, 1389, 'Sukahurip', 1, NULL, NULL),
(69221, 1397, 'Toblongan', 1, NULL, NULL),
(69222, 1398, 'Mekarlaksana', 1, NULL, NULL),
(69223, 1399, 'Girimukti', 1, NULL, NULL),
(69224, 1407, 'Kertarahayu', 1, NULL, NULL),
(69225, 1407, 'Mandala Hurip', 1, NULL, NULL),
(69226, 1414, 'Margajaya', 1, NULL, NULL),
(69227, 1431, 'Mekarwangi', 1, NULL, NULL),
(69228, 5638, 'Sukamaju', 1, NULL, NULL),
(69229, 5638, 'Kertajaya', 1, NULL, NULL),
(69230, 5638, 'Mangunjaya', 1, NULL, NULL),
(69231, 5638, 'Jangraga', 1, NULL, NULL),
(69232, 5638, 'Sindang Jaya', 1, NULL, NULL),
(69233, 5639, 'Kutawaringin', 1, NULL, NULL),
(69234, 5639, 'Bantardawa', 1, NULL, NULL),
(69235, 5639, 'Pasirlawang', 1, NULL, NULL),
(69236, 5639, 'Purwadadi', 1, NULL, NULL),
(69237, 5639, 'Purwajaya', 1, NULL, NULL),
(69238, 5639, 'Sidarahayu', 1, NULL, NULL),
(69239, 5639, 'Karangpaningal', 1, NULL, NULL),
(69240, 5639, 'Sukamulya', 1, NULL, NULL),
(69241, 5639, 'Padaringan', 1, NULL, NULL),
(69242, 1440, 'Sukasari', 1, NULL, NULL),
(69243, 1441, 'Jayaraksa', 1, NULL, NULL),
(69244, 1443, 'Karyamulya', 1, NULL, NULL),
(69245, 1445, 'Wangunsari', 1, NULL, NULL),
(69246, 5640, 'Sukamaju', 1, NULL, NULL),
(69247, 5640, 'Mekarjaya', 1, NULL, NULL),
(69248, 5640, 'Saguling', 1, NULL, NULL),
(69249, 5640, 'Baregbeg', 1, NULL, NULL),
(69250, 5640, 'Petirhilir', 1, NULL, NULL),
(69251, 5640, 'Pusakanagara', 1, NULL, NULL),
(69252, 5640, 'Karangampel', 1, NULL, NULL),
(69253, 5640, 'Jelat', 1, NULL, NULL),
(69254, 5640, 'Sukamulya', 1, NULL, NULL),
(69255, 5641, 'Sukamanah', 1, NULL, NULL),
(69256, 5641, 'Sukaraja', 1, NULL, NULL),
(69257, 5641, 'Budiharja', 1, NULL, NULL),
(69258, 5641, 'Budiasih', 1, NULL, NULL),
(69259, 5641, 'Gunungcupu', 1, NULL, NULL),
(69260, 5641, 'Sindangkasih', 1, NULL, NULL),
(69261, 5641, 'Sukasenang', 1, NULL, NULL),
(69262, 5641, 'Sukaresik', 1, NULL, NULL),
(69263, 5641, 'Wanasigra', 1, NULL, NULL),
(69264, 1454, 'Bangunjaya', 1, NULL, NULL),
(69265, 1454, 'Girilaya', 1, NULL, NULL),
(69266, 5642, 'Cikupa', 1, NULL, NULL),
(69267, 5642, 'Sukaraharja', 1, NULL, NULL),
(69268, 5642, 'Awiluar', 1, NULL, NULL),
(69269, 5642, 'Lumbung', 1, NULL, NULL),
(69270, 5642, 'Darmaraja', 1, NULL, NULL),
(69271, 5642, 'Lumbungsari', 1, NULL, NULL),
(69272, 5642, 'Rawa', 1, NULL, NULL),
(69273, 5642, 'Sadewata', 1, NULL, NULL),
(69274, 5643, 'Tenggerraharja', 1, NULL, NULL),
(69275, 5643, 'Sukamantri', 1, NULL, NULL),
(69276, 5643, 'Cibeureum', 1, NULL, NULL),
(69277, 5643, 'Sindanglaya', 1, NULL, NULL),
(69278, 5643, 'Mekarwangi', 1, NULL, NULL),
(69279, 1457, 'Buanamekar', 1, NULL, NULL),
(69280, 1460, 'Ciasih', 1, NULL, NULL),
(69281, 1466, 'Lingga Jaya', 1, NULL, NULL),
(69282, 1466, 'Citikur', 1, NULL, NULL),
(69283, 1467, 'Simpay Jaya', 1, NULL, NULL),
(69284, 1467, 'Cihanjaro', 1, NULL, NULL),
(69285, 5644, 'Cipakem', 1, NULL, NULL),
(69286, 5644, 'Giriwaringin', 1, NULL, NULL),
(69287, 5644, 'Garahaji', 1, NULL, NULL),
(69288, 5644, 'Galaherang', 1, NULL, NULL),
(69289, 5644, 'Mekarsari', 1, NULL, NULL),
(69290, 5644, 'Padamulya', 1, NULL, NULL),
(69291, 5644, 'Cikahuripan', 1, NULL, NULL),
(69292, 5644, 'Parakan', 1, NULL, NULL),
(69293, 5644, 'Kutamandarakan', 1, NULL, NULL),
(69294, 5644, 'Maleber', 1, NULL, NULL),
(69295, 5644, 'Karangtengah', 1, NULL, NULL),
(69296, 5644, 'Dukuhtengah', 1, NULL, NULL),
(69297, 5644, 'Buniasih', 1, NULL, NULL),
(69298, 5644, 'Ciporang', 1, NULL, NULL),
(69299, 5644, 'Kutaraja', 1, NULL, NULL),
(69300, 5644, 'Mandalajaya', 1, NULL, NULL),
(69301, 5645, 'Kertaungaran', 1, NULL, NULL),
(69302, 5645, 'Kaduagung', 1, NULL, NULL),
(69303, 5645, 'Sindangsari', 1, NULL, NULL),
(69304, 5645, 'Kertawangunan', 1, NULL, NULL),
(69305, 5645, 'Sindangagung', 1, NULL, NULL),
(69306, 5645, 'Balong', 1, NULL, NULL),
(69307, 5645, 'Mekarmukti', 1, NULL, NULL),
(69308, 5645, 'Kertayasa', 1, NULL, NULL),
(69309, 5645, 'Tirtawangunan', 1, NULL, NULL),
(69310, 5645, 'Babakanreuma', 1, NULL, NULL),
(69311, 5645, 'Dukuhlor', 1, NULL, NULL),
(69312, 5645, 'Taraju', 1, NULL, NULL),
(69313, 1479, 'Cipari', 1, NULL, NULL),
(69314, 5646, 'Sangkanurip', 1, NULL, NULL),
(69315, 5646, 'Sangkanmulya', 1, NULL, NULL),
(69316, 5646, 'Karangmuncang', 1, NULL, NULL),
(69317, 5646, 'Koreak', 1, NULL, NULL),
(69318, 5646, 'Jambugeulis', 1, NULL, NULL),
(69319, 5646, 'Bunigeulis', 1, NULL, NULL),
(69320, 5646, 'Babakanjati', 1, NULL, NULL),
(69321, 5646, 'Timbang', 1, NULL, NULL),
(69322, 5646, 'Panawuan', 1, NULL, NULL),
(69323, 5646, 'Indapatra', 1, NULL, NULL),
(69324, 5646, 'Cibuntu', 1, NULL, NULL),
(69325, 5647, 'Tonjong', 1, NULL, NULL),
(69326, 5647, 'Tanjung Anom', 1, NULL, NULL),
(69327, 5647, 'Cilengkrang Girang', 1, NULL, NULL),
(69328, 5647, 'Cilengkrang', 1, NULL, NULL),
(69329, 5647, 'Pasaleman', 1, NULL, NULL),
(69330, 5647, 'Cigobangwangi', 1, NULL, NULL),
(69331, 5647, 'Cigobang', 1, NULL, NULL),
(69332, 5648, 'Sukadana', 1, NULL, NULL),
(69333, 5648, 'Pabuaran Kidul', 1, NULL, NULL),
(69334, 5648, 'Pabuaran Wetan', 1, NULL, NULL),
(69335, 5648, 'Pabuaran Lor', 1, NULL, NULL),
(69336, 5648, 'Jatirenggang', 1, NULL, NULL),
(69337, 5648, 'Hulubanteng', 1, NULL, NULL),
(69338, 5648, 'Hulubanteng Lor', 1, NULL, NULL),
(69339, 1490, 'Pabedilan Kidul', 1, NULL, NULL),
(69340, 1490, 'Pabedilan Kulon', 1, NULL, NULL),
(69341, 1490, 'Pabedilan Wetan', 1, NULL, NULL),
(69342, 1490, 'Tersana', 1, NULL, NULL),
(69343, 1490, 'Silihasih', 1, NULL, NULL),
(69344, 5649, 'Seuseupan', 1, NULL, NULL),
(69345, 5649, 'Sumurkondang', 1, NULL, NULL),
(69346, 5649, 'Jatipiring', 1, NULL, NULL),
(69347, 5649, 'Kubangdeleg', 1, NULL, NULL),
(69348, 5649, 'Karanganyar', 1, NULL, NULL),
(69349, 5649, 'Karangwangi', 1, NULL, NULL),
(69350, 5649, 'Blender', 1, NULL, NULL),
(69351, 5649, 'Karangwareng', 1, NULL, NULL),
(69352, 5649, 'Karangasem', 1, NULL, NULL),
(69353, 1494, 'Picungpugur', 1, NULL, NULL),
(69354, 1494, 'Tuk Karangsuwung', 1, NULL, NULL),
(69355, 1494, 'Belawa', 1, NULL, NULL),
(69356, 1494, 'Wangkelang', 1, NULL, NULL),
(69357, 1495, 'Pasawahan', 1, NULL, NULL),
(69358, 1495, 'Ciawi Asih', 1, NULL, NULL),
(69359, 1495, 'Ciawijapura', 1, NULL, NULL),
(69360, 1498, 'Ender', 1, NULL, NULL),
(69361, 1499, 'Sinarancang', 1, NULL, NULL),
(69362, 5650, 'Gumulung Lebak', 1, NULL, NULL),
(69363, 5650, 'Lebak Mekar', 1, NULL, NULL),
(69364, 5650, 'Gumulung Tonggoh', 1, NULL, NULL),
(69365, 5650, 'Kamarang', 1, NULL, NULL),
(69366, 5650, 'Greged', 1, NULL, NULL),
(69367, 5650, 'Kamarang Lebak', 1, NULL, NULL),
(69368, 5650, 'Durajaya', 1, NULL, NULL),
(69369, 5650, 'Jatipancur', 1, NULL, NULL),
(69370, 5650, 'Sindang Kempeng', 1, NULL, NULL),
(69371, 5650, 'Nanggela', 1, NULL, NULL),
(69372, 5651, 'Sampiran', 1, NULL, NULL),
(69373, 5651, 'Ciperna', 1, NULL, NULL),
(69374, 5651, 'Kecomberan', 1, NULL, NULL),
(69375, 5651, 'Cirebon Girang', 1, NULL, NULL),
(69376, 5651, 'Kerandon', 1, NULL, NULL),
(69377, 5651, 'Wanasaba Kidul', 1, NULL, NULL),
(69378, 5651, 'Wanasaba Lor', 1, NULL, NULL),
(69379, 5651, 'Cempaka', 1, NULL, NULL),
(69380, 5651, 'Kepongpongan', 1, NULL, NULL),
(69381, 5651, 'Kubang', 1, NULL, NULL),
(69382, 5651, 'Sarwadadi', 1, NULL, NULL),
(69383, 1502, 'Kemantren', 1, NULL, NULL),
(69384, 1502, 'Sendang', 1, NULL, NULL),
(69385, 1502, 'Gegunung', 1, NULL, NULL),
(69386, 1502, 'Pejambon', 1, NULL, NULL),
(69387, 1502, 'Watubelah', 1, NULL, NULL),
(69388, 1502, 'Pasalakan', 1, NULL, NULL),
(69389, 1502, 'Kaliwadas', 1, NULL, NULL),
(69390, 1502, 'Tukmudal', 1, NULL, NULL),
(69391, 1502, 'Kenanga', 1, NULL, NULL),
(69392, 1503, 'Balad', 1, NULL, NULL),
(69393, 1503, 'Dukupuntang', 1, NULL, NULL),
(69394, 1503, 'Cipanas', 1, NULL, NULL),
(69395, 1503, 'Girinata', 1, NULL, NULL),
(69396, 1503, 'Kedongdong Kidul', 1, NULL, NULL),
(69397, 5652, 'Panembahan', 1, NULL, NULL),
(69398, 5652, 'Trusmi Wetan', 1, NULL, NULL),
(69399, 5652, 'Trusmi Kulon', 1, NULL, NULL),
(69400, 5652, 'Sarabau', 1, NULL, NULL),
(69401, 5652, 'Gamel', 1, NULL, NULL),
(69402, 5652, 'Wotgali', 1, NULL, NULL),
(69403, 5652, 'Kaliwulu', 1, NULL, NULL),
(69404, 5652, 'Tegalsari', 1, NULL, NULL),
(69405, 5652, 'Cangkring', 1, NULL, NULL),
(69406, 5652, 'Pangkalan', 1, NULL, NULL),
(69407, 5653, 'Palir', 1, NULL, NULL),
(69408, 5653, 'Astapada', 1, NULL, NULL),
(69409, 5653, 'Gesik', 1, NULL, NULL),
(69410, 5653, 'Kemlakagede', 1, NULL, NULL),
(69411, 5653, 'Dawuan', 1, NULL, NULL),
(69412, 5653, 'Batembat', 1, NULL, NULL),
(69413, 5653, 'Kalibaru', 1, NULL, NULL),
(69414, 5653, 'Kalitengah', 1, NULL, NULL),
(69415, 5654, 'Kalikoa', 1, NULL, NULL),
(69416, 5654, 'Kedungdawa', 1, NULL, NULL),
(69417, 5654, 'Tuk', 1, NULL, NULL),
(69418, 5654, 'Kedungjaya', 1, NULL, NULL),
(69419, 5654, 'Kedawung', 1, NULL, NULL),
(69420, 5654, 'Kertawinangun', 1, NULL, NULL),
(69421, 5654, 'Sutawinangun', 1, NULL, NULL),
(69422, 5654, 'Pilangsari', 1, NULL, NULL),
(69423, 5655, 'Adidharma', 1, NULL, NULL),
(69424, 5655, 'Pasindangan', 1, NULL, NULL),
(69425, 5655, 'Jadimulya', 1, NULL, NULL),
(69426, 5655, 'Klayan', 1, NULL, NULL),
(69427, 5655, 'Jatimerta', 1, NULL, NULL),
(69428, 5655, 'Astana', 1, NULL, NULL),
(69429, 5655, 'Kalisapu', 1, NULL, NULL),
(69430, 5655, 'Wanakaya', 1, NULL, NULL),
(69431, 5655, 'Grogol', 1, NULL, NULL),
(69432, 5655, 'Babadan', 1, NULL, NULL),
(69433, 5655, 'Buyut', 1, NULL, NULL),
(69434, 5655, 'Mayung', 1, NULL, NULL),
(69435, 5655, 'Sambeng', 1, NULL, NULL),
(69436, 5655, 'Sirnabaya', 1, NULL, NULL),
(69437, 5655, 'Mertasinga', 1, NULL, NULL),
(69438, 5656, 'Suranenggala Kulon', 1, NULL, NULL),
(69439, 5656, 'Surakarta', 1, NULL, NULL),
(69440, 5656, 'Keraton', 1, NULL, NULL),
(69441, 5656, 'Purwawinangun', 1, NULL, NULL),
(69442, 5656, 'Muara', 1, NULL, NULL),
(69443, 5656, 'Karangreja', 1, NULL, NULL),
(69444, 5656, 'Suranenggala Kidul', 1, NULL, NULL),
(69445, 5656, 'Suranenggala Lor', 1, NULL, NULL),
(69446, 5656, 'Suranenggala', 1, NULL, NULL),
(69447, 5657, 'Jamblang', 1, NULL, NULL),
(69448, 5657, 'Sitiwinangun', 1, NULL, NULL),
(69449, 5657, 'Wangunharja', 1, NULL, NULL),
(69450, 5657, 'Bojong Wetan', 1, NULL, NULL),
(69451, 5657, 'Bojong Lor', 1, NULL, NULL),
(69452, 5657, 'Orimalang', 1, NULL, NULL),
(69453, 5657, 'Bakung Kidul', 1, NULL, NULL),
(69454, 5657, 'Bakung Lor', 1, NULL, NULL),
(69455, 1512, 'Bulak', 1, NULL, NULL),
(69456, 1512, 'Geyongan', 1, NULL, NULL),
(69457, 1512, 'Kebonturi', 1, NULL, NULL),
(69458, 1513, 'Karanganyar', 1, NULL, NULL),
(69459, 1513, 'Kroya', 1, NULL, NULL),
(69460, 5658, 'Cupang', 1, NULL, NULL),
(69461, 5658, 'Cikeusal', 1, NULL, NULL),
(69462, 5658, 'Walahar', 1, NULL, NULL),
(69463, 5658, 'Palimanan Barat', 1, NULL, NULL),
(69464, 5658, 'Gempol', 1, NULL, NULL),
(69465, 5658, 'Kedungbunder', 1, NULL, NULL),
(69466, 5658, 'Kempek', 1, NULL, NULL),
(69467, 5658, 'Winong', 1, NULL, NULL),
(69468, 1516, 'Bayalangu Kidul', 1, NULL, NULL),
(69469, 1516, 'Bayalangu Lor', 1, NULL, NULL),
(69470, 1516, 'Sibubut', 1, NULL, NULL),
(69471, 1518, 'Sukamaju', 1, NULL, NULL),
(69472, 5659, 'Buninagara', 1, NULL, NULL),
(69473, 5659, 'Werasari', 1, NULL, NULL),
(69474, 5659, 'Malausma', 1, NULL, NULL),
(69475, 5659, 'Banyusari', 1, NULL, NULL),
(69476, 5659, 'Jagamulya', 1, NULL, NULL),
(69477, 5659, 'Cimuncang', 1, NULL, NULL),
(69478, 5659, 'Ciranca', 1, NULL, NULL),
(69479, 5659, 'Lebakwangi', 1, NULL, NULL),
(69480, 5659, 'Sukadana', 1, NULL, NULL),
(69481, 5659, 'Girimukti', 1, NULL, NULL),
(69482, 1522, 'Sukaperna', 1, NULL, NULL),
(69483, 1522, 'Kertarahayu', 1, NULL, NULL),
(69484, 5660, 'Pasirayu', 1, NULL, NULL),
(69485, 5660, 'Garawastu', 1, NULL, NULL),
(69486, 5660, 'Sangkanhurip', 1, NULL, NULL),
(69487, 5660, 'Indrakila', 1, NULL, NULL),
(69488, 5660, 'Sindang', 1, NULL, NULL),
(69489, 5660, 'Gunung Kuning', 1, NULL, NULL),
(69490, 5660, 'Bayureja', 1, NULL, NULL),
(69491, 5661, 'Jatisawit', 1, NULL, NULL),
(69492, 5661, 'Leuwikidang', 1, NULL, NULL),
(69493, 5661, 'Girimukti', 1, NULL, NULL),
(69494, 5661, 'Jatimulya', 1, NULL, NULL),
(69495, 5661, 'Wanajaya', 1, NULL, NULL),
(69496, 5661, 'Ranjiwetan', 1, NULL, NULL),
(69497, 5661, 'Ranjikulon', 1, NULL, NULL),
(69498, 5661, 'Gunungsari', 1, NULL, NULL),
(69499, 5661, 'Kasokandel', 1, NULL, NULL),
(69500, 5661, 'Gandasari', 1, NULL, NULL),
(69501, 1542, 'Pasirnanjung', 1, NULL, NULL),
(69502, 1547, 'Mekarrahayu', 1, NULL, NULL),
(69503, 1547, 'Margalaksana', 1, NULL, NULL),
(69504, 1552, 'Ranggon', 1, NULL, NULL),
(69505, 1553, 'Jayamandiri', 1, NULL, NULL),
(69506, 5662, 'Sukakersa', 1, NULL, NULL),
(69507, 5662, 'Mekarasih', 1, NULL, NULL),
(69508, 5662, 'Ciranggem', 1, NULL, NULL),
(69509, 5662, 'Cisampih', 1, NULL, NULL),
(69510, 5662, 'Kadu', 1, NULL, NULL),
(69511, 5662, 'Lebaksiuh', 1, NULL, NULL),
(69512, 5662, 'Cintajaya', 1, NULL, NULL),
(69513, 5662, 'Cipicung', 1, NULL, NULL),
(69514, 5662, 'Jemah', 1, NULL, NULL),
(69515, 5662, 'Cijeungjing', 1, NULL, NULL),
(69516, 5662, 'Kadujaya', 1, NULL, NULL),
(69517, 5662, 'Karedok', 1, NULL, NULL),
(69518, 1564, 'Tanjungmedar', 1, NULL, NULL),
(69519, 1565, 'Ciawitali', 1, NULL, NULL),
(69520, 1566, 'Ranggasari', 1, NULL, NULL),
(69521, 1566, 'Suriamedal', 1, NULL, NULL),
(69522, 1566, 'Suriamukti', 1, NULL, NULL),
(69523, 1569, 'Sumberjaya', 1, NULL, NULL),
(69524, 1572, 'Manggungan', 1, NULL, NULL),
(69525, 1574, 'Karanggetas', 1, NULL, NULL),
(69526, 1574, 'Tegalgirang', 1, NULL, NULL),
(69527, 1574, 'Wanasari', 1, NULL, NULL),
(69528, 1574, 'Malangsari', 1, NULL, NULL),
(69529, 1574, 'Rancasari', 1, NULL, NULL),
(69530, 5663, 'Bodas', 1, NULL, NULL),
(69531, 5663, 'Gadel', 1, NULL, NULL),
(69532, 5663, 'Rancajawat', 1, NULL, NULL),
(69533, 5663, 'Kerticala', 1, NULL, NULL),
(69534, 5663, 'Sukamulya', 1, NULL, NULL),
(69535, 5663, 'Karangkerta', 1, NULL, NULL),
(69536, 5663, 'Cangko', 1, NULL, NULL),
(69537, 5663, 'Pagedangan', 1, NULL, NULL),
(69538, 5663, 'Sukaperna', 1, NULL, NULL),
(69539, 5663, 'Sukadana', 1, NULL, NULL),
(69540, 5663, 'Tukdana', 1, NULL, NULL),
(69541, 5663, 'Lajer', 1, NULL, NULL),
(69542, 5663, 'Mekarsari', 1, NULL, NULL),
(69543, 1576, 'Sukawera', 1, NULL, NULL),
(69544, 1577, 'Gedangan', 1, NULL, NULL),
(69545, 1584, 'Sudimampir', 1, NULL, NULL),
(69546, 1584, 'Sudimampirlor', 1, NULL, NULL),
(69547, 1584, 'Majakerta', 1, NULL, NULL),
(69548, 5664, 'Pagirikan', 1, NULL, NULL),
(69549, 5664, 'Pasekan', 1, NULL, NULL),
(69550, 5664, 'Brondong', 1, NULL, NULL),
(69551, 5664, 'Pabeanilir', 1, NULL, NULL),
(69552, 5664, 'Totoran', 1, NULL, NULL),
(69553, 5664, 'Karanganyar', 1, NULL, NULL),
(69554, 5665, 'Limpas', 1, NULL, NULL),
(69555, 5665, 'Patrol', 1, NULL, NULL),
(69556, 5665, 'Arjasari', 1, NULL, NULL),
(69557, 5665, 'Sukahaji', 1, NULL, NULL),
(69558, 5665, 'Bugel', 1, NULL, NULL),
(69559, 5665, 'Patrollor', 1, NULL, NULL),
(69560, 5665, 'Patrol Baru', 1, NULL, NULL),
(69561, 5665, 'Mekarsari', 1, NULL, NULL),
(69562, 5666, 'Cipancar', 1, NULL, NULL),
(69563, 5666, 'Cikujang', 1, NULL, NULL),
(69564, 5666, 'Cijengkol', 1, NULL, NULL),
(69565, 5666, 'Cintamekar', 1, NULL, NULL),
(69566, 5666, 'Ponggang', 1, NULL, NULL),
(69567, 5666, 'Talagasari', 1, NULL, NULL),
(69568, 5667, 'Ciater', 1, NULL, NULL),
(69569, 5667, 'Nagrak', 1, NULL, NULL),
(69570, 5667, 'Cibeusi', 1, NULL, NULL),
(69571, 5667, 'Cibitung', 1, NULL, NULL),
(69572, 5667, 'Sanca', 1, NULL, NULL),
(69573, 5667, 'Palasari', 1, NULL, NULL),
(69574, 5667, 'Cisaat', 1, NULL, NULL),
(69575, 1597, 'Pakuhaji', 1, NULL, NULL),
(69576, 5668, 'Pasanggrahan', 1, NULL, NULL),
(69577, 5668, 'Sindangsari', 1, NULL, NULL),
(69578, 5668, 'Bojongloa', 1, NULL, NULL),
(69579, 5668, 'Tenjolaya', 1, NULL, NULL),
(69580, 5668, 'Sukamelang', 1, NULL, NULL),
(69581, 5668, 'Kasomalang Wetan', 1, NULL, NULL),
(69582, 5668, 'Kasomalang Kulon', 1, NULL, NULL),
(69583, 5668, 'Cimanglid', 1, NULL, NULL),
(69584, 1600, 'Cibalandongjaya', 1, NULL, NULL),
(69585, 1600, 'Belendung', 1, NULL, NULL),
(69586, 1600, 'Cisaga', 1, NULL, NULL),
(69587, 1601, 'Wanareja', 1, NULL, NULL),
(69588, 1602, 'Banggalamulya', 1, NULL, NULL),
(69589, 1602, 'Jalupang', 1, NULL, NULL),
(69590, 1602, 'Caracas', 1, NULL, NULL),
(69591, 1602, 'Ciruluk', 1, NULL, NULL),
(69592, 5669, 'Jambelaer', 1, NULL, NULL),
(69593, 5669, 'Margasari', 1, NULL, NULL),
(69594, 5669, 'Cisampih', 1, NULL, NULL),
(69595, 5669, 'Situsari', 1, NULL, NULL),
(69596, 5669, 'Sukasari', 1, NULL, NULL),
(69597, 5669, 'Rawalele', 1, NULL, NULL),
(69598, 5669, 'Dawuan Kidul', 1, NULL, NULL),
(69599, 5669, 'Dawuan Kaler', 1, NULL, NULL),
(69600, 5669, 'Manyeti', 1, NULL, NULL),
(69601, 5669, 'Batusari', 1, NULL, NULL),
(69602, 1603, 'Karangmukti', 1, NULL, NULL),
(69603, 1603, 'Kosar', 1, NULL, NULL),
(69604, 1604, 'Balebandung Jaya', 1, NULL, NULL),
(69605, 1608, 'Jabong', 1, NULL, NULL),
(69606, 5670, 'Balingbing', 1, NULL, NULL),
(69607, 5670, 'Cidadap', 1, NULL, NULL),
(69608, 5670, 'Cidahu', 1, NULL, NULL),
(69609, 5670, 'Pangsor', 1, NULL, NULL),
(69610, 5670, 'Munjul', 1, NULL, NULL),
(69611, 5670, 'Margahayu', 1, NULL, NULL),
(69612, 5670, 'Bendungan', 1, NULL, NULL),
(69613, 5670, 'Mekarwangi', 1, NULL, NULL),
(69614, 5670, 'Sumurgintung', 1, NULL, NULL),
(69615, 1611, 'Karangwangi', 1, NULL, NULL),
(69616, 5671, 'Tanjungrasa', 1, NULL, NULL),
(69617, 5671, 'Wanajaya', 1, NULL, NULL),
(69618, 5671, 'Gardumukti', 1, NULL, NULL),
(69619, 5671, 'Mariuk', 1, NULL, NULL),
(69620, 5671, 'Kertajaya', 1, NULL, NULL),
(69621, 5671, 'Tambakdahan', 1, NULL, NULL),
(69622, 5671, 'Bojongkeding', 1, NULL, NULL),
(69623, 5671, 'Bojonegara', 1, NULL, NULL),
(69624, 5671, 'Rancaudik', 1, NULL, NULL),
(69625, 5672, 'Mandalawangi', 1, NULL, NULL),
(69626, 5672, 'Curugreja', 1, NULL, NULL),
(69627, 5672, 'Batangsari', 1, NULL, NULL),
(69628, 5672, 'Sukasari', 1, NULL, NULL),
(69629, 5672, 'Sukareja', 1, NULL, NULL),
(69630, 5672, 'Anggasari', 1, NULL, NULL),
(69631, 5672, 'Sukamaju', 1, NULL, NULL),
(69632, 1614, 'Rancadaka', 1, NULL, NULL),
(69633, 1614, 'Patimban', 1, NULL, NULL),
(69634, 1614, 'Mundusari', 1, NULL, NULL),
(69635, 5673, 'Bojong Tengah', 1, NULL, NULL),
(69636, 5673, 'Bojongjaya', 1, NULL, NULL),
(69637, 5673, 'Cigugur', 1, NULL, NULL),
(69638, 5673, 'Cigugur Kaler', 1, NULL, NULL),
(69639, 5673, 'Rangdu', 1, NULL, NULL),
(69640, 5673, 'Karanganyar', 1, NULL, NULL),
(69641, 5673, 'Kebondanas', 1, NULL, NULL),
(69642, 5673, 'Pusakajaya', 1, NULL, NULL),
(69643, 5674, 'Cipurwasari', 1, NULL, NULL),
(69644, 5674, 'Cigunungsari', 1, NULL, NULL),
(69645, 5674, 'Mekarbuana', 1, NULL, NULL),
(69646, 5674, 'Wargasetra', 1, NULL, NULL),
(69647, 5674, 'Cintalaksana', 1, NULL, NULL),
(69648, 5674, 'Cintawargi', 1, NULL, NULL),
(69649, 5674, 'Cintalanggeng', 1, NULL, NULL),
(69650, 5674, 'Kutamaneuh', 1, NULL, NULL),
(69651, 5674, 'Kutalanggeng', 1, NULL, NULL),
(69652, 5675, 'Sirnabaya', 1, NULL, NULL),
(69653, 5675, 'Pinayungan', 1, NULL, NULL),
(69654, 5675, 'Telukjambe', 1, NULL, NULL),
(69655, 5675, 'Puseurjaya', 1, NULL, NULL),
(69656, 5675, 'Sukaluyu', 1, NULL, NULL),
(69657, 5675, 'Sukaharja', 1, NULL, NULL),
(69658, 5675, 'Wadas', 1, NULL, NULL),
(69659, 5675, 'Sukamakmur', 1, NULL, NULL),
(69660, 5675, 'Purwadana', 1, NULL, NULL),
(69661, 5676, 'Wanajaya', 1, NULL, NULL),
(69662, 5676, 'Wanakerta', 1, NULL, NULL),
(69663, 5676, 'Wanasari', 1, NULL, NULL),
(69664, 5676, 'Margamulya', 1, NULL, NULL),
(69665, 5676, 'Margakaya', 1, NULL, NULL),
(69666, 5676, 'Karangligar', 1, NULL, NULL),
(69667, 5676, 'Karangmulya', 1, NULL, NULL),
(69668, 5676, 'Mulyajaya', 1, NULL, NULL),
(69669, 5676, 'Mekarmulya', 1, NULL, NULL),
(69670, 5676, 'Parungsari', 1, NULL, NULL),
(69671, 5677, 'Mekarjaya', 1, NULL, NULL),
(69672, 5677, 'Tamelang', 1, NULL, NULL),
(69673, 5677, 'Purwasari', 1, NULL, NULL),
(69674, 5677, 'Sukasari', 1, NULL, NULL),
(69675, 5677, 'Tegalsari', 1, NULL, NULL),
(69676, 5677, 'Karangsari', 1, NULL, NULL),
(69677, 5677, 'Darawolong', 1, NULL, NULL),
(69678, 5677, 'Cengkong', 1, NULL, NULL),
(69679, 1648, 'Lemahmulya', 1, NULL, NULL),
(69680, 1648, 'Pasirmulya', 1, NULL, NULL),
(69681, 5678, 'Adiarsa Timur', 1, NULL, NULL),
(69682, 5678, 'Warungbambu', 1, NULL, NULL),
(69683, 5678, 'Kondangjaya', 1, NULL, NULL),
(69684, 5678, 'Margasari', 1, NULL, NULL),
(69685, 5678, 'Karawang Wetan', 1, NULL, NULL),
(69686, 5678, 'Palumbonsari', 1, NULL, NULL),
(69687, 5678, 'Palawad', 1, NULL, NULL),
(69688, 5678, 'Tegalsawah', 1, NULL, NULL),
(69689, 5679, 'Adiarsa Barat', 1, NULL, NULL),
(69690, 5679, 'Nagasari', 1, NULL, NULL),
(69691, 5679, 'Karawang Kulon', 1, NULL, NULL),
(69692, 5679, 'Tanjungpura', 1, NULL, NULL),
(69693, 5679, 'Tanjungmekar', 1, NULL, NULL),
(69694, 5679, 'Karangpawitan', 1, NULL, NULL),
(69695, 5679, 'Mekarjati', 1, NULL, NULL),
(69696, 5679, 'Tunggakjati', 1, NULL, NULL),
(69697, 5680, 'Sukaratu', 1, NULL, NULL),
(69698, 5680, 'Ciptamargi', 1, NULL, NULL),
(69699, 5680, 'Tanjungsari', 1, NULL, NULL),
(69700, 5680, 'Mekarpohaci', 1, NULL, NULL),
(69701, 5680, 'Kertamukti', 1, NULL, NULL),
(69702, 5680, 'Cikande', 1, NULL, NULL),
(69703, 5680, 'Rawasari', 1, NULL, NULL),
(69704, 5680, 'Kosambibatu', 1, NULL, NULL),
(69705, 5680, 'Pusakajaya Selatan', 1, NULL, NULL),
(69706, 5680, 'Pusakajaya Utara', 1, NULL, NULL),
(69707, 1662, 'Pasirsari', 1, NULL, NULL),
(69708, 1667, 'Karangasih', 1, NULL, NULL),
(69709, 1667, 'Karangraharja', 1, NULL, NULL),
(69710, 1667, 'Waluya', 1, NULL, NULL),
(69711, 1703, 'Jati Sari', 1, NULL, NULL),
(69712, 1704, 'Manjahlega', 1, NULL, NULL),
(69713, 1704, 'Mekarjaya', 1, NULL, NULL),
(69714, 5681, 'Rancabolang', 1, NULL, NULL),
(69715, 5681, 'Rancanumpang', 1, NULL, NULL),
(69716, 5681, 'Cisaranten Kidul', 1, NULL, NULL),
(69717, 5681, 'Cimincrang', 1, NULL, NULL),
(69718, 5682, 'Mekar Mulya', 1, NULL, NULL),
(69719, 5682, 'Cipadung Kidul', 1, NULL, NULL),
(69720, 5682, 'Cipadung Wetan', 1, NULL, NULL),
(69721, 5682, 'Cipadung Kulon', 1, NULL, NULL),
(69722, 5683, 'Cisaranten Wetan', 1, NULL, NULL),
(69723, 5683, 'Babakan Penghulu', 1, NULL, NULL),
(69724, 5683, 'Pakemitan', 1, NULL, NULL),
(69725, 5683, 'Sukamulya', 1, NULL, NULL),
(69726, 1707, 'Cisaranten Endah', 1, NULL, NULL),
(69727, 5684, 'Antapani Kidul', 1, NULL, NULL),
(69728, 5684, 'Antapani Tengah', 1, NULL, NULL),
(69729, 5684, 'Antapani Wetan', 1, NULL, NULL),
(69730, 5684, 'Antapani Kulon', 1, NULL, NULL),
(69731, 5685, 'Jatihandap', 1, NULL, NULL),
(69732, 5685, 'Karang Pamulang', 1, NULL, NULL),
(69733, 5685, 'Sindang Jaya', 1, NULL, NULL),
(69734, 5685, 'Pasir Impun', 1, NULL, NULL),
(69735, 1726, 'Jaticempaka', 1, NULL, NULL),
(69736, 1726, 'Jatibening Baru', 1, NULL, NULL),
(69737, 1727, 'Jatiraden', 1, NULL, NULL),
(69738, 5686, 'Jatimurni', 1, NULL, NULL),
(69739, 5686, 'Jatimelati', 1, NULL, NULL),
(69740, 5686, 'Jatiwarna', 1, NULL, NULL),
(69741, 5686, 'Jatirahayu', 1, NULL, NULL),
(69742, 5687, 'Padurenan', 1, NULL, NULL),
(69743, 5687, 'Cimuning', 1, NULL, NULL),
(69744, 5687, 'Mustika Jaya', 1, NULL, NULL),
(69745, 5687, 'Mustika Sari', 1, NULL, NULL),
(69746, 5688, 'Duren Seribu', 1, NULL, NULL),
(69747, 5688, 'Duren Mekar', 1, NULL, NULL),
(69748, 5688, 'Bojongsari Lama', 1, NULL, NULL),
(69749, 5688, 'Bojongsari Baru', 1, NULL, NULL),
(69750, 5688, 'Curug', 1, NULL, NULL),
(69751, 5688, 'Pondok Petir', 1, NULL, NULL),
(69752, 5688, 'Serua', 1, NULL, NULL),
(69753, 5689, 'Cipayung Jaya', 1, NULL, NULL),
(69754, 5689, 'Bojong Pondok Terong', 1, NULL, NULL),
(69755, 5689, 'Pondok Jaya', 1, NULL, NULL),
(69756, 5689, 'Ratujaya', 1, NULL, NULL),
(69757, 5689, 'Cipayung', 1, NULL, NULL),
(69758, 5690, 'Kalimulya', 1, NULL, NULL),
(69759, 5690, 'Jatimulya', 1, NULL, NULL),
(69760, 5690, 'Kalibaru', 1, NULL, NULL),
(69761, 5690, 'Cilodong', 1, NULL, NULL),
(69762, 5690, 'Sukamaju', 1, NULL, NULL),
(69763, 5691, 'Cilangkap', 1, NULL, NULL),
(69764, 5691, 'Cimpaeun', 1, NULL, NULL),
(69765, 5691, 'Tapos', 1, NULL, NULL),
(69766, 5691, 'Leuwinaggung', 1, NULL, NULL),
(69767, 5691, 'Jatijajar', 1, NULL, NULL),
(69768, 5691, 'Sukamaju Baru', 1, NULL, NULL),
(69769, 5691, 'Sukatani', 1, NULL, NULL),
(69770, 5692, 'Cinere', 1, NULL, NULL),
(69771, 5692, 'Gandul', 1, NULL, NULL),
(69772, 5692, 'Pangkalanjati Baru', 1, NULL, NULL),
(69773, 5692, 'Pangkalanjati', 1, NULL, NULL),
(69774, 5693, 'Sukanagara', 1, NULL, NULL),
(69775, 5693, 'Sukamenak', 1, NULL, NULL),
(69776, 5693, 'Purbaratu', 1, NULL, NULL),
(69777, 5693, 'Sukaasih', 1, NULL, NULL),
(69778, 5693, 'Sukajaya', 1, NULL, NULL),
(69779, 5693, 'Singkup', 1, NULL, NULL),
(69780, 5694, 'Sukamulya', 1, NULL, NULL),
(69781, 5694, 'Sukarindik', 1, NULL, NULL),
(69782, 5694, 'Bungursari', 1, NULL, NULL),
(69783, 5694, 'Sukajaya', 1, NULL, NULL),
(69784, 5694, 'Cibunigeulis', 1, NULL, NULL),
(69785, 5694, 'Bantarsari', 1, NULL, NULL),
(69786, 5694, 'Sukalaksana', 1, NULL, NULL),
(69787, 4998, 'Jajawar', 1, NULL, NULL),
(69788, 5000, 'Sukamukti', 1, NULL, NULL),
(69789, 5000, 'Sinartanjung', 1, NULL, NULL),
(82443, 1597, 'Pasanggrahan', 1, NULL, NULL),
(82444, 1597, 'Sindangsari', 1, NULL, NULL),
(82480, 1438, 'Baregbeg', 1, NULL, NULL),
(82481, 1654, 'Kosambibatu', 1, NULL, NULL),
(82482, 5675, 'Karangligar', 1, NULL, NULL);

-- --------------------------------------------------------

--
-- Table structure for table `groups`
--

CREATE TABLE `groups` (
  `id` int(10) UNSIGNED NOT NULL,
  `group_name` varchar(100) COLLATE utf8mb4_unicode_ci NOT NULL,
  `publication_status` tinyint(4) NOT NULL DEFAULT '0',
  `created_at` timestamp NULL DEFAULT NULL,
  `updated_at` timestamp NULL DEFAULT NULL
) ENGINE=InnoDB DEFAULT CHARSET=utf8mb4 COLLATE=utf8mb4_unicode_ci;

--
-- Dumping data for table `groups`
--

INSERT INTO `groups` (`id`, `group_name`, `publication_status`, `created_at`, `updated_at`) VALUES
(1, 'admin', 1, NULL, NULL),
(2, 'saksi', 1, NULL, NULL);

-- --------------------------------------------------------

--
-- Table structure for table `kabupaten`
--

CREATE TABLE `kabupaten` (
  `id` int(10) UNSIGNED NOT NULL,
  `dapil_id` int(10) UNSIGNED NOT NULL,
  `kabupaten_name` varchar(255) COLLATE utf8mb4_unicode_ci NOT NULL,
  `publication_status` tinyint(4) NOT NULL DEFAULT '0',
  `created_at` timestamp NULL DEFAULT NULL,
  `updated_at` timestamp NULL DEFAULT NULL
) ENGINE=InnoDB DEFAULT CHARSET=utf8mb4 COLLATE=utf8mb4_unicode_ci;

--
-- Dumping data for table `kabupaten`
--

INSERT INTO `kabupaten` (`id`, `dapil_id`, `kabupaten_name`, `publication_status`, `created_at`, `updated_at`) VALUES
(127, 1, 'Bogor', 1, NULL, NULL),
(128, 1, 'Sukabumi', 1, NULL, NULL),
(129, 1, 'Cianjur', 1, NULL, NULL),
(130, 1, 'Bandung', 1, NULL, NULL),
(131, 1, 'Garut', 1, NULL, NULL),
(132, 1, 'Tasikmalaya', 1, NULL, NULL),
(133, 1, 'Ciamis', 1, NULL, NULL),
(134, 1, 'Kuningan', 1, NULL, NULL),
(135, 1, 'Cirebon', 1, NULL, NULL),
(136, 1, 'Majalengka', 1, NULL, NULL),
(137, 1, 'Sumedang', 1, NULL, NULL),
(138, 1, 'Indramayu', 1, NULL, NULL),
(139, 1, 'Subang', 1, NULL, NULL),
(140, 1, 'Purwakarta', 1, NULL, NULL),
(141, 1, 'Karawang', 1, NULL, NULL),
(142, 1, 'Bekasi', 1, NULL, NULL),
(143, 1, 'Kota Bogor', 1, NULL, NULL),
(144, 1, 'Kota Sukabumi', 1, NULL, NULL),
(145, 1, 'Kota Bandung', 1, NULL, NULL),
(146, 1, 'Kota Cirebon', 1, NULL, NULL),
(147, 1, 'Kota Bekasi', 1, NULL, NULL),
(148, 1, 'Kota Depok', 1, NULL, NULL),
(149, 1, 'Kota Cimahi', 1, NULL, NULL),
(150, 1, 'Kota Tasikmalaya', 1, NULL, NULL),
(445, 1, 'Kota Banjar', 1, NULL, NULL);

-- --------------------------------------------------------

--
-- Table structure for table `kecamatan`
--

CREATE TABLE `kecamatan` (
  `id` int(10) UNSIGNED NOT NULL,
  `kabupaten_id` int(10) UNSIGNED NOT NULL,
  `kecamatan_name` varchar(255) COLLATE utf8mb4_unicode_ci NOT NULL,
  `publication_status` tinyint(4) NOT NULL DEFAULT '0',
  `created_at` timestamp NULL DEFAULT NULL,
  `updated_at` timestamp NULL DEFAULT NULL
) ENGINE=InnoDB DEFAULT CHARSET=utf8mb4 COLLATE=utf8mb4_unicode_ci;

--
-- Dumping data for table `kecamatan`
--

INSERT INTO `kecamatan` (`id`, `kabupaten_id`, `kecamatan_name`, `publication_status`, `created_at`, `updated_at`) VALUES
(1198, 127, 'Nanggung', 1, NULL, NULL),
(1199, 127, 'Leuwiliang', 1, NULL, NULL),
(1200, 127, 'Pamijahan', 1, NULL, NULL),
(1201, 127, 'Cibungbulang', 1, NULL, NULL),
(1202, 127, 'Ciampea', 1, NULL, NULL),
(1203, 127, 'Dramaga', 1, NULL, NULL),
(1204, 127, 'Ciomas', 1, NULL, NULL),
(1205, 127, 'Tamansari', 1, NULL, NULL),
(1206, 127, 'Cijeruk', 1, NULL, NULL),
(1207, 127, 'Caringin', 1, NULL, NULL),
(1208, 127, 'Ciawi', 1, NULL, NULL),
(1209, 127, 'Cisarua', 1, NULL, NULL),
(1210, 127, 'Megamendung', 1, NULL, NULL),
(1211, 127, 'Sukaraja', 1, NULL, NULL),
(1212, 127, 'Babakan Madang', 1, NULL, NULL),
(1213, 127, 'Sukamakmur', 1, NULL, NULL),
(1214, 127, 'Cariu', 1, NULL, NULL),
(1215, 127, 'Jonggol', 1, NULL, NULL),
(1216, 127, 'Cileungsi', 1, NULL, NULL),
(1217, 127, 'Kelapa Nunggal', 1, NULL, NULL),
(1218, 127, 'Gunung Putri', 1, NULL, NULL),
(1219, 127, 'Citeureup', 1, NULL, NULL),
(1220, 127, 'Cibinong', 1, NULL, NULL),
(1221, 127, 'Bojong Gede', 1, NULL, NULL),
(1222, 127, 'Kemang', 1, NULL, NULL),
(1223, 127, 'Ranca Bungur', 1, NULL, NULL),
(1224, 127, 'Parung', 1, NULL, NULL),
(1225, 127, 'Ciseeng', 1, NULL, NULL),
(1226, 127, 'Gunung Sindur', 1, NULL, NULL),
(1227, 127, 'Rumpin', 1, NULL, NULL),
(1228, 127, 'Cigudeg', 1, NULL, NULL),
(1229, 127, 'Sukajaya', 1, NULL, NULL),
(1230, 127, 'Jasinga', 1, NULL, NULL),
(1231, 127, 'Tenjo', 1, NULL, NULL),
(1232, 127, 'Parung Panjang', 1, NULL, NULL),
(1233, 128, 'Ciemas', 1, NULL, NULL),
(1234, 128, 'Ciracap', 1, NULL, NULL),
(1235, 128, 'Waluran', 1, NULL, NULL),
(1236, 128, 'Surade', 1, NULL, NULL),
(1237, 128, 'Cibitung', 1, NULL, NULL),
(1238, 128, 'Jampang Kulon', 1, NULL, NULL),
(1239, 128, 'Kali Bunder', 1, NULL, NULL),
(1240, 128, 'Tegal Buleud', 1, NULL, NULL),
(1241, 128, 'Cidolog', 1, NULL, NULL),
(1242, 128, 'Sagaranten', 1, NULL, NULL),
(1243, 128, 'Cidadap', 1, NULL, NULL),
(1244, 128, 'Curugkembar', 1, NULL, NULL),
(1245, 128, 'Pabuaran', 1, NULL, NULL),
(1246, 128, 'Lengkong', 1, NULL, NULL),
(1247, 128, 'Pelabuhan Ratu', 1, NULL, NULL),
(1248, 128, 'Simpenan', 1, NULL, NULL),
(1249, 128, 'Warung Kiara', 1, NULL, NULL),
(1250, 128, 'Bantargadung', 1, NULL, NULL),
(1251, 128, 'Jampang Tengah', 1, NULL, NULL),
(1252, 128, 'Purabaya', 1, NULL, NULL),
(1253, 128, 'Cikembar', 1, NULL, NULL),
(1254, 128, 'Nyalindung', 1, NULL, NULL),
(1255, 128, 'Geger Bitung', 1, NULL, NULL),
(1256, 128, 'Sukaraja', 1, NULL, NULL),
(1257, 128, 'Kebonpedes', 1, NULL, NULL),
(1258, 128, 'Cireunghas', 1, NULL, NULL),
(1259, 128, 'Sukalarang', 1, NULL, NULL),
(1260, 128, 'Sukabumi', 1, NULL, NULL),
(1261, 128, 'Kadudampit', 1, NULL, NULL),
(1262, 128, 'Cisaat', 1, NULL, NULL),
(1263, 128, 'Gunungguruh', 1, NULL, NULL),
(1264, 128, 'Cibadak', 1, NULL, NULL),
(1265, 128, 'Cicantayan', 1, NULL, NULL),
(1266, 128, 'Caringin', 1, NULL, NULL),
(1267, 128, 'Nagrak', 1, NULL, NULL),
(1268, 128, 'Cicurug', 1, NULL, NULL),
(1269, 128, 'Cidahu', 1, NULL, NULL),
(1270, 128, 'Parakan Salak', 1, NULL, NULL),
(1271, 128, 'Parung Kuda', 1, NULL, NULL),
(1272, 128, 'Bojong Genteng', 1, NULL, NULL),
(1273, 128, 'Kalapa Nunggal', 1, NULL, NULL),
(1274, 128, 'Cikidang', 1, NULL, NULL),
(1275, 128, 'Cisolok', 1, NULL, NULL),
(1276, 128, 'Cikakak', 1, NULL, NULL),
(1277, 128, 'Kabandungan', 1, NULL, NULL),
(1278, 129, 'Agrabinta', 1, NULL, NULL),
(1279, 129, 'Leles', 1, NULL, NULL),
(1280, 129, 'Sindangbarang', 1, NULL, NULL),
(1281, 129, 'Cidaun', 1, NULL, NULL),
(1282, 129, 'Naringgul', 1, NULL, NULL),
(1283, 129, 'Cibinong', 1, NULL, NULL),
(1284, 129, 'Cikadu', 1, NULL, NULL),
(1285, 129, 'Tanggeung', 1, NULL, NULL),
(1286, 129, 'Kadupandak', 1, NULL, NULL),
(1287, 129, 'Cijati', 1, NULL, NULL),
(1288, 129, 'Takokak', 1, NULL, NULL),
(1289, 129, 'Sukanagara', 1, NULL, NULL),
(1290, 129, 'Pagelaran', 1, NULL, NULL),
(1291, 129, 'Campaka', 1, NULL, NULL),
(1292, 129, 'Campaka Mulya', 1, NULL, NULL),
(1293, 129, 'Cibeber', 1, NULL, NULL),
(1294, 129, 'Warungkondang', 1, NULL, NULL),
(1295, 129, 'Gekbrong', 1, NULL, NULL),
(1296, 129, 'Cilaku', 1, NULL, NULL),
(1297, 129, 'Sukaluyu', 1, NULL, NULL),
(1298, 129, 'Bojongpicung', 1, NULL, NULL),
(1299, 129, 'Ciranjang', 1, NULL, NULL),
(1300, 129, 'Mande', 1, NULL, NULL),
(1301, 129, 'Karangtengah', 1, NULL, NULL),
(1302, 129, 'Cianjur', 1, NULL, NULL),
(1303, 129, 'Cugenang', 1, NULL, NULL),
(1304, 129, 'Pacet', 1, NULL, NULL),
(1305, 129, 'Cipanas', 1, NULL, NULL),
(1306, 129, 'Sukaresmi', 1, NULL, NULL),
(1307, 129, 'Cikalongkulon', 1, NULL, NULL),
(1308, 130, 'Ciwidey', 1, NULL, NULL),
(1309, 130, 'Rancabali', 1, NULL, NULL),
(1310, 130, 'Pasirjambu', 1, NULL, NULL),
(1311, 130, 'Cimaung', 1, NULL, NULL),
(1312, 130, 'Pangalengan', 1, NULL, NULL),
(1313, 130, 'Kertasari', 1, NULL, NULL),
(1314, 130, 'Pacet', 1, NULL, NULL),
(1315, 130, 'Ibun', 1, NULL, NULL),
(1316, 130, 'Paseh', 1, NULL, NULL),
(1317, 130, 'Cikancung', 1, NULL, NULL),
(1318, 130, 'Cicalengka', 1, NULL, NULL),
(1319, 130, 'Nagreg', 1, NULL, NULL),
(1320, 130, 'Rancaekek', 1, NULL, NULL),
(1321, 130, 'Majalaya', 1, NULL, NULL),
(1322, 130, 'Solokan Jeruk', 1, NULL, NULL),
(1323, 130, 'Ciparay', 1, NULL, NULL),
(1324, 130, 'Baleendah', 1, NULL, NULL),
(1325, 130, 'Arjasari', 1, NULL, NULL),
(1326, 130, 'Banjaran', 1, NULL, NULL),
(1327, 130, 'Pameungpeuk', 1, NULL, NULL),
(1328, 130, 'Katapang', 1, NULL, NULL),
(1329, 130, 'Soreang', 1, NULL, NULL),
(1336, 130, 'Margaasih', 1, NULL, NULL),
(1337, 130, 'Margahayu', 1, NULL, NULL),
(1338, 130, 'Dayeuhkolot', 1, NULL, NULL),
(1339, 130, 'Bojongsoang', 1, NULL, NULL),
(1340, 130, 'Cileunyi', 1, NULL, NULL),
(1341, 130, 'Cilengkrang', 1, NULL, NULL),
(1342, 130, 'Cimenyan', 1, NULL, NULL),
(1351, 131, 'Cisewu', 1, NULL, NULL),
(1352, 131, 'Caringin', 1, NULL, NULL),
(1353, 131, 'Talegong', 1, NULL, NULL),
(1354, 131, 'Bungbulang', 1, NULL, NULL),
(1355, 131, 'Pamulihan', 1, NULL, NULL),
(1356, 131, 'Pakenjeng', 1, NULL, NULL),
(1357, 131, 'Cikelet', 1, NULL, NULL),
(1358, 131, 'Pameungpeuk', 1, NULL, NULL),
(1359, 131, 'Cibalong', 1, NULL, NULL),
(1360, 131, 'Cisompet', 1, NULL, NULL),
(1361, 131, 'Peundeuy', 1, NULL, NULL),
(1362, 131, 'Singajaya', 1, NULL, NULL),
(1363, 131, 'Cihurip', 1, NULL, NULL),
(1364, 131, 'Cikajang', 1, NULL, NULL),
(1365, 131, 'Banjarwangi', 1, NULL, NULL),
(1366, 131, 'Cilawu', 1, NULL, NULL),
(1367, 131, 'Bayongbong', 1, NULL, NULL),
(1368, 131, 'Cisurupan', 1, NULL, NULL),
(1369, 131, 'Sukaresmi', 1, NULL, NULL),
(1370, 131, 'Samarang', 1, NULL, NULL),
(1371, 131, 'Pasirwangi', 1, NULL, NULL),
(1372, 131, 'Tarogong Kidul', 1, NULL, NULL),
(1373, 131, 'Tarogong Kaler', 1, NULL, NULL),
(1374, 131, 'Garut Kota', 1, NULL, NULL),
(1375, 131, 'Karangpawitan', 1, NULL, NULL),
(1376, 131, 'Wanaraja', 1, NULL, NULL),
(1377, 131, 'Sukawening', 1, NULL, NULL),
(1378, 131, 'Karangtengah', 1, NULL, NULL),
(1379, 131, 'Banyuresmi', 1, NULL, NULL),
(1380, 131, 'Leles', 1, NULL, NULL),
(1381, 131, 'Leuwigoong', 1, NULL, NULL),
(1382, 131, 'Cibatu', 1, NULL, NULL),
(1383, 131, 'Kersamanah', 1, NULL, NULL),
(1384, 131, 'Cibiuk', 1, NULL, NULL),
(1385, 131, 'Kadungora', 1, NULL, NULL),
(1386, 131, 'Blubur Limbangan', 1, NULL, NULL),
(1387, 131, 'Selaawi', 1, NULL, NULL),
(1388, 131, 'Malangbong', 1, NULL, NULL),
(1389, 132, 'Cipatujah', 1, NULL, NULL),
(1390, 132, 'Karangnunggal', 1, NULL, NULL),
(1391, 132, 'Cikalong', 1, NULL, NULL),
(1392, 132, 'Pancatengah', 1, NULL, NULL),
(1393, 132, 'Cikatomas', 1, NULL, NULL),
(1394, 132, 'Cibalong', 1, NULL, NULL),
(1395, 132, 'Parungponteng', 1, NULL, NULL),
(1396, 132, 'Bantarkalong', 1, NULL, NULL),
(1397, 132, 'Bojongasih', 1, NULL, NULL),
(1398, 132, 'Culamega', 1, NULL, NULL),
(1399, 132, 'Bojonggambir', 1, NULL, NULL),
(1400, 132, 'Sodonghilir', 1, NULL, NULL),
(1401, 132, 'Taraju', 1, NULL, NULL),
(1402, 132, 'Salawu', 1, NULL, NULL),
(1403, 132, 'Puspahiang', 1, NULL, NULL),
(1404, 132, 'Tanjungjaya', 1, NULL, NULL),
(1405, 132, 'Sukaraja', 1, NULL, NULL),
(1406, 132, 'Salopa', 1, NULL, NULL),
(1407, 132, 'Jatiwaras', 1, NULL, NULL),
(1408, 132, 'Cineam', 1, NULL, NULL),
(1409, 132, 'Karangjaya', 1, NULL, NULL),
(1410, 132, 'Manonjaya', 1, NULL, NULL),
(1411, 132, 'Gunungtanjung', 1, NULL, NULL),
(1412, 132, 'Singaparna', 1, NULL, NULL),
(1413, 132, 'Sukarame', 1, NULL, NULL),
(1414, 132, 'Mangunreja', 1, NULL, NULL),
(1415, 132, 'Cigalontang', 1, NULL, NULL),
(1416, 132, 'Leuwisari', 1, NULL, NULL),
(1417, 132, 'Sariwangi', 1, NULL, NULL),
(1418, 132, 'Padakembang', 1, NULL, NULL),
(1419, 132, 'Sukaratu', 1, NULL, NULL),
(1420, 132, 'Cisayong', 1, NULL, NULL),
(1421, 132, 'Sukahening', 1, NULL, NULL),
(1422, 132, 'Rajapolah', 1, NULL, NULL),
(1423, 132, 'Jamanis', 1, NULL, NULL),
(1424, 132, 'Ciawi', 1, NULL, NULL),
(1425, 132, 'Kadipaten', 1, NULL, NULL),
(1426, 132, 'Pagerageung', 1, NULL, NULL),
(1427, 132, 'Sukaresik', 1, NULL, NULL),
(1428, 133, 'Cimerak', 1, NULL, NULL),
(1429, 133, 'Cijulang', 1, NULL, NULL),
(1430, 133, 'Cigugur', 1, NULL, NULL),
(1431, 133, 'Langkaplancar', 1, NULL, NULL),
(1432, 133, 'Parigi', 1, NULL, NULL),
(1433, 133, 'Sidamulih', 1, NULL, NULL),
(1434, 133, 'Pangandaran', 1, NULL, NULL),
(1435, 133, 'Kalipucang', 1, NULL, NULL),
(1436, 133, 'Padaherang', 1, NULL, NULL),
(1437, 133, 'Banjarsari', 1, NULL, NULL),
(1438, 133, 'Lakbok', 1, NULL, NULL),
(1439, 133, 'Pamarican', 1, NULL, NULL),
(1440, 133, 'Cidolog', 1, NULL, NULL),
(1441, 133, 'Cimaragas', 1, NULL, NULL),
(1442, 133, 'Cijeungjing', 1, NULL, NULL),
(1443, 133, 'Cisaga', 1, NULL, NULL),
(1444, 133, 'Tambaksari', 1, NULL, NULL),
(1445, 133, 'Rancah', 1, NULL, NULL),
(1446, 133, 'Rajadesa', 1, NULL, NULL),
(1447, 133, 'Sukadana', 1, NULL, NULL),
(1448, 133, 'Ciamis', 1, NULL, NULL),
(1449, 133, 'Cikoneng', 1, NULL, NULL),
(1450, 133, 'Cihaurbeuti', 1, NULL, NULL),
(1451, 133, 'Sadananya', 1, NULL, NULL),
(1452, 133, 'Cipaku', 1, NULL, NULL),
(1453, 133, 'Jatinagara', 1, NULL, NULL),
(1454, 133, 'Panawangan', 1, NULL, NULL),
(1455, 133, 'Kawali', 1, NULL, NULL),
(1456, 133, 'Panjalu', 1, NULL, NULL),
(1457, 133, 'Panumbangan', 1, NULL, NULL),
(1458, 134, 'Darma', 1, NULL, NULL),
(1459, 134, 'Kadugede', 1, NULL, NULL),
(1460, 134, 'Nusaherang', 1, NULL, NULL),
(1461, 134, 'Ciniru', 1, NULL, NULL),
(1462, 134, 'Hantara', 1, NULL, NULL),
(1463, 134, 'Selajambe', 1, NULL, NULL),
(1464, 134, 'Subang', 1, NULL, NULL),
(1465, 134, 'Cilebak', 1, NULL, NULL),
(1466, 134, 'Ciwaru', 1, NULL, NULL),
(1467, 134, 'Karangkancana', 1, NULL, NULL),
(1468, 134, 'Cibingbin', 1, NULL, NULL),
(1469, 134, 'Cibeureum', 1, NULL, NULL),
(1470, 134, 'Luragung', 1, NULL, NULL),
(1471, 134, 'Cimahi', 1, NULL, NULL),
(1472, 134, 'Cidahu', 1, NULL, NULL),
(1473, 134, 'Kalimanggis', 1, NULL, NULL),
(1474, 134, 'Ciawigebang', 1, NULL, NULL),
(1475, 134, 'Cipicung', 1, NULL, NULL),
(1476, 134, 'Lebakwangi', 1, NULL, NULL),
(1477, 134, 'Garawangi', 1, NULL, NULL),
(1478, 134, 'Kuningan', 1, NULL, NULL),
(1479, 134, 'Cigugur', 1, NULL, NULL),
(1480, 134, 'Kramatmulya', 1, NULL, NULL),
(1481, 134, 'Jalaksana', 1, NULL, NULL),
(1482, 134, 'Japara', 1, NULL, NULL),
(1483, 134, 'Cilimus', 1, NULL, NULL),
(1484, 134, 'Mandirancan', 1, NULL, NULL),
(1485, 134, 'Pancalang', 1, NULL, NULL),
(1486, 134, 'Pasawahan', 1, NULL, NULL),
(1487, 135, 'Waled', 1, NULL, NULL),
(1488, 135, 'Ciledug', 1, NULL, NULL),
(1489, 135, 'Losari', 1, NULL, NULL),
(1490, 135, 'Pabedilan', 1, NULL, NULL),
(1491, 135, 'Babakan', 1, NULL, NULL),
(1492, 135, 'Gebang', 1, NULL, NULL),
(1493, 135, 'Karangsembung', 1, NULL, NULL),
(1494, 135, 'Lemahabang', 1, NULL, NULL),
(1495, 135, 'Susukanlebak', 1, NULL, NULL),
(1496, 135, 'Sedong', 1, NULL, NULL),
(1497, 135, 'Astanajapura', 1, NULL, NULL),
(1498, 135, 'Pangenan', 1, NULL, NULL),
(1499, 135, 'Mundu', 1, NULL, NULL),
(1500, 135, 'Beber', 1, NULL, NULL),
(1502, 135, 'Sumber', 1, NULL, NULL),
(1503, 135, 'Dukupuntang', 1, NULL, NULL),
(1504, 135, 'Palimanan', 1, NULL, NULL),
(1505, 135, 'Plumbon', 1, NULL, NULL),
(1506, 135, 'Depok', 1, NULL, NULL),
(1507, 135, 'Weru', 1, NULL, NULL),
(1510, 135, 'Kapetakan', 1, NULL, NULL),
(1511, 135, 'Klangenan', 1, NULL, NULL),
(1512, 135, 'Arjawinangun', 1, NULL, NULL),
(1513, 135, 'Panguragan', 1, NULL, NULL),
(1514, 135, 'Ciwaringin', 1, NULL, NULL),
(1515, 135, 'Susukan', 1, NULL, NULL),
(1516, 135, 'Gegesik', 1, NULL, NULL),
(1517, 135, 'Kaliwedi', 1, NULL, NULL),
(1518, 136, 'Lemahsugih', 1, NULL, NULL),
(1519, 136, 'Bantarujeg', 1, NULL, NULL),
(1520, 136, 'Cikijing', 1, NULL, NULL),
(1521, 136, 'Cingambul', 1, NULL, NULL),
(1522, 136, 'Talaga', 1, NULL, NULL),
(1523, 136, 'Banjaran', 1, NULL, NULL),
(1524, 136, 'Argapura', 1, NULL, NULL),
(1525, 136, 'Maja', 1, NULL, NULL),
(1526, 136, 'Majalengka', 1, NULL, NULL),
(1527, 136, 'Cigasong', 1, NULL, NULL),
(1528, 136, 'Sukahaji', 1, NULL, NULL),
(1529, 136, 'Rajagaluh', 1, NULL, NULL),
(1530, 136, 'Sindangwangi', 1, NULL, NULL),
(1531, 136, 'Leuwimunding', 1, NULL, NULL),
(1532, 136, 'Palasah', 1, NULL, NULL),
(1533, 136, 'Jatiwangi', 1, NULL, NULL),
(1534, 136, 'Dawuan', 1, NULL, NULL),
(1535, 136, 'Panyingkiran', 1, NULL, NULL),
(1536, 136, 'Kadipaten', 1, NULL, NULL),
(1537, 136, 'Kertajati', 1, NULL, NULL),
(1538, 136, 'Jatitujuh', 1, NULL, NULL),
(1539, 136, 'Ligung', 1, NULL, NULL),
(1540, 136, 'Sumberjaya', 1, NULL, NULL),
(1541, 137, 'Jatinangor', 1, NULL, NULL),
(1542, 137, 'Cimanggung', 1, NULL, NULL),
(1543, 137, 'Tanjungsari', 1, NULL, NULL),
(1544, 137, 'Sukasari', 1, NULL, NULL),
(1545, 137, 'Pamulihan', 1, NULL, NULL),
(1546, 137, 'Rancakalong', 1, NULL, NULL),
(1547, 137, 'Sumedang Selatan', 1, NULL, NULL),
(1548, 137, 'Sumedang Utara', 1, NULL, NULL),
(1549, 137, 'Ganeas', 1, NULL, NULL),
(1550, 137, 'Situraja', 1, NULL, NULL),
(1551, 137, 'Cisitu', 1, NULL, NULL),
(1552, 137, 'Darmaraja', 1, NULL, NULL),
(1553, 137, 'Cibugel', 1, NULL, NULL),
(1554, 137, 'Wado', 1, NULL, NULL),
(1555, 137, 'Jatinunggal', 1, NULL, NULL),
(1557, 137, 'Tomo', 1, NULL, NULL),
(1558, 137, 'Ujung Jaya', 1, NULL, NULL),
(1559, 137, 'Conggeang', 1, NULL, NULL),
(1560, 137, 'Paseh', 1, NULL, NULL),
(1561, 137, 'Cimalaka', 1, NULL, NULL),
(1562, 137, 'Cisarua', 1, NULL, NULL),
(1563, 137, 'Tanjungkerta', 1, NULL, NULL),
(1564, 137, 'Tanjungmedar', 1, NULL, NULL),
(1565, 137, 'Buahdua', 1, NULL, NULL),
(1566, 137, 'Surian', 1, NULL, NULL),
(1567, 138, 'Haurgeulis', 1, NULL, NULL),
(1568, 138, 'Gantar', 1, NULL, NULL),
(1569, 138, 'Kroya', 1, NULL, NULL),
(1570, 138, 'Gabuswetan', 1, NULL, NULL),
(1571, 138, 'Cikedung', 1, NULL, NULL),
(1572, 138, 'Terisi', 1, NULL, NULL),
(1573, 138, 'Lelea', 1, NULL, NULL),
(1574, 138, 'Bangodua', 1, NULL, NULL),
(1575, 138, 'Widasari', 1, NULL, NULL),
(1576, 138, 'Kertasemaya', 1, NULL, NULL),
(1577, 138, 'Sukagumiwang', 1, NULL, NULL),
(1578, 138, 'Krangkeng', 1, NULL, NULL),
(1579, 138, 'Karangampel', 1, NULL, NULL),
(1580, 138, 'Kedokan Bunder', 1, NULL, NULL),
(1581, 138, 'Juntinyuat', 1, NULL, NULL),
(1582, 138, 'Sliyeg', 1, NULL, NULL),
(1583, 138, 'Jatibarang', 1, NULL, NULL),
(1584, 138, 'Balongan', 1, NULL, NULL),
(1585, 138, 'Indramayu', 1, NULL, NULL),
(1586, 138, 'Sindang', 1, NULL, NULL),
(1587, 138, 'Cantigi', 1, NULL, NULL),
(1588, 138, 'Lohbener', 1, NULL, NULL),
(1589, 138, 'Arahan', 1, NULL, NULL),
(1590, 138, 'Losarang', 1, NULL, NULL),
(1591, 138, 'Kandanghaur', 1, NULL, NULL),
(1592, 138, 'Bongas', 1, NULL, NULL),
(1593, 138, 'Anjatan', 1, NULL, NULL),
(1594, 138, 'Sukra', 1, NULL, NULL),
(1595, 139, 'Sagalaherang', 1, NULL, NULL),
(1596, 139, 'Jalancagak', 1, NULL, NULL),
(1597, 139, 'Cisalak', 1, NULL, NULL),
(1598, 139, 'Tanjungsiang', 1, NULL, NULL),
(1599, 139, 'Cijambe', 1, NULL, NULL),
(1600, 139, 'Cibogo', 1, NULL, NULL),
(1601, 139, 'Subang', 1, NULL, NULL),
(1602, 139, 'Kalijati', 1, NULL, NULL),
(1603, 139, 'Cipeundeuy', 1, NULL, NULL),
(1604, 139, 'Pabuaran', 1, NULL, NULL),
(1605, 139, 'Patokbeusi', 1, NULL, NULL),
(1606, 139, 'Purwadadi', 1, NULL, NULL),
(1607, 139, 'Cikaum', 1, NULL, NULL),
(1608, 139, 'Pagaden', 1, NULL, NULL),
(1609, 139, 'Cipunagara', 1, NULL, NULL),
(1610, 139, 'Compreng', 1, NULL, NULL),
(1611, 139, 'Binong', 1, NULL, NULL),
(1612, 139, 'Ciasem', 1, NULL, NULL),
(1613, 139, 'Pamanukan', 1, NULL, NULL),
(1614, 139, 'Pusakanagara', 1, NULL, NULL),
(1615, 139, 'Legonkulon', 1, NULL, NULL),
(1616, 139, 'Blanakan', 1, NULL, NULL),
(1617, 140, 'Jatiluhur', 1, NULL, NULL),
(1618, 140, 'Sukasari', 1, NULL, NULL),
(1619, 140, 'Maniis', 1, NULL, NULL),
(1620, 140, 'Tegal Waru', 1, NULL, NULL),
(1621, 140, 'Plered', 1, NULL, NULL),
(1622, 140, 'Sukatani', 1, NULL, NULL),
(1623, 140, 'Darangdan', 1, NULL, NULL),
(1624, 140, 'Bojong', 1, NULL, NULL),
(1625, 140, 'Wanayasa', 1, NULL, NULL),
(1626, 140, 'Kiarapedes', 1, NULL, NULL),
(1627, 140, 'Pasawahan', 1, NULL, NULL),
(1628, 140, 'Pondok Salam', 1, NULL, NULL),
(1629, 140, 'Purwakarta', 1, NULL, NULL),
(1630, 140, 'Babakancikao', 1, NULL, NULL),
(1631, 140, 'Campaka', 1, NULL, NULL),
(1632, 140, 'Cibatu', 1, NULL, NULL),
(1633, 140, 'Bungursari', 1, NULL, NULL),
(1634, 141, 'Pangkalan', 1, NULL, NULL),
(1635, 141, 'Ciampel', 1, NULL, NULL),
(1637, 141, 'Klari', 1, NULL, NULL),
(1638, 141, 'Cikampek', 1, NULL, NULL),
(1639, 141, 'Tirtamulya', 1, NULL, NULL),
(1640, 141, 'Jatisari', 1, NULL, NULL),
(1641, 141, 'Banyusari', 1, NULL, NULL),
(1642, 141, 'Kotabaru', 1, NULL, NULL),
(1643, 141, 'Cilamaya Wetan', 1, NULL, NULL),
(1644, 141, 'Cilamaya Kulon', 1, NULL, NULL),
(1645, 141, 'Lemahabang', 1, NULL, NULL),
(1646, 141, 'Talagasari', 1, NULL, NULL),
(1648, 141, 'Majalaya', 1, NULL, NULL),
(1649, 141, 'Rawamerta', 1, NULL, NULL),
(1650, 141, 'Tempuran', 1, NULL, NULL),
(1651, 141, 'Kutawaluya', 1, NULL, NULL),
(1652, 141, 'Rengasdengklok', 1, NULL, NULL),
(1653, 141, 'Jayakerta', 1, NULL, NULL),
(1654, 141, 'Pedes', 1, NULL, NULL),
(1655, 141, 'Cibuaya', 1, NULL, NULL),
(1656, 141, 'Tirtajaya', 1, NULL, NULL),
(1657, 141, 'Batujaya', 1, NULL, NULL),
(1658, 141, 'Pakisjaya', 1, NULL, NULL),
(1659, 142, 'Setu', 1, NULL, NULL),
(1660, 142, 'Serang Baru', 1, NULL, NULL),
(1661, 142, 'Cikarang Pusat', 1, NULL, NULL),
(1662, 142, 'Cikarang Selatan', 1, NULL, NULL),
(1663, 142, 'Cibarusah', 1, NULL, NULL),
(1664, 142, 'Bojongmangu', 1, NULL, NULL),
(1665, 142, 'Cikarang Timur', 1, NULL, NULL),
(1666, 142, 'Kedungwaringin', 1, NULL, NULL),
(1667, 142, 'Cikarang Utara', 1, NULL, NULL),
(1668, 142, 'Karangbahagia', 1, NULL, NULL),
(1669, 142, 'Cibitung', 1, NULL, NULL),
(1670, 142, 'Cikarang Barat', 1, NULL, NULL),
(1671, 142, 'Tambun Selatan', 1, NULL, NULL),
(1672, 142, 'Tambun Utara', 1, NULL, NULL),
(1673, 142, 'Babelan', 1, NULL, NULL),
(1674, 142, 'Tarumajaya', 1, NULL, NULL),
(1675, 142, 'Tambelang', 1, NULL, NULL),
(1676, 142, 'Sukawangi', 1, NULL, NULL),
(1677, 142, 'Sukatani', 1, NULL, NULL),
(1678, 142, 'Sukakarya', 1, NULL, NULL),
(1679, 142, 'Pebayuran', 1, NULL, NULL),
(1680, 142, 'Cabangbungin', 1, NULL, NULL),
(1681, 142, 'Muara Gembong', 1, NULL, NULL),
(1682, 143, 'Bogor Selatan', 1, NULL, NULL),
(1683, 143, 'Bogor Timur', 1, NULL, NULL),
(1684, 143, 'Bogor Utara', 1, NULL, NULL),
(1685, 143, 'Bogor Tengah', 1, NULL, NULL),
(1686, 143, 'Bogor Barat', 1, NULL, NULL),
(1687, 143, 'Tanah Sereal', 1, NULL, NULL),
(1688, 144, 'Baros', 1, NULL, NULL),
(1689, 144, 'Lembursitu', 1, NULL, NULL),
(1690, 144, 'Cibeureum', 1, NULL, NULL),
(1691, 144, 'Citamiang', 1, NULL, NULL),
(1692, 144, 'Warudoyong', 1, NULL, NULL),
(1693, 144, 'Gunung Puyuh', 1, NULL, NULL),
(1694, 144, 'Cikole', 1, NULL, NULL),
(1695, 145, 'Bandung Kulon', 1, NULL, NULL),
(1696, 145, 'Babakan Ciparay', 1, NULL, NULL),
(1697, 145, 'Bojongloa Kaler', 1, NULL, NULL),
(1698, 145, 'Bojongloa Kidul', 1, NULL, NULL),
(1699, 145, 'Astanaanyar', 1, NULL, NULL),
(1700, 145, 'Regol', 1, NULL, NULL),
(1701, 145, 'Lengkong', 1, NULL, NULL),
(1702, 145, 'Bandung Kidul', 1, NULL, NULL),
(1703, 145, 'Buahbatu', 1, NULL, NULL),
(1704, 145, 'Rancasari', 1, NULL, NULL),
(1705, 145, 'Cibiru', 1, NULL, NULL),
(1706, 145, 'Ujung Berung', 1, NULL, NULL),
(1707, 145, 'Arcamanik', 1, NULL, NULL),
(1709, 145, 'Kiaracondong', 1, NULL, NULL),
(1710, 145, 'Batununggal', 1, NULL, NULL),
(1711, 145, 'Sumur Bandung', 1, NULL, NULL),
(1712, 145, 'Andir', 1, NULL, NULL),
(1713, 145, 'Cicendo', 1, NULL, NULL),
(1714, 145, 'Bandung Wetan', 1, NULL, NULL),
(1715, 145, 'Cibeunying Kidul', 1, NULL, NULL),
(1716, 145, 'Cibeunying Kaler', 1, NULL, NULL),
(1717, 145, 'Coblong', 1, NULL, NULL),
(1718, 145, 'Sukajadi', 1, NULL, NULL),
(1719, 145, 'Sukasari', 1, NULL, NULL),
(1720, 145, 'Cidadap', 1, NULL, NULL),
(1721, 146, 'Harjamukti', 1, NULL, NULL),
(1722, 146, 'Lemahwungkuk', 1, NULL, NULL),
(1723, 146, 'Pekalipan', 1, NULL, NULL),
(1724, 146, 'Kesambi', 1, NULL, NULL),
(1725, 146, 'Kejaksan', 1, NULL, NULL),
(1726, 147, 'Pondokgede', 1, NULL, NULL),
(1727, 147, 'Jatisampurna', 1, NULL, NULL),
(1728, 147, 'Jatiasih', 1, NULL, NULL),
(1729, 147, 'Bantargebang', 1, NULL, NULL),
(1730, 147, 'Bekasi Timur', 1, NULL, NULL),
(1731, 147, 'Rawalumbu', 1, NULL, NULL),
(1732, 147, 'Bekasi Selatan', 1, NULL, NULL),
(1733, 147, 'Bekasi Barat', 1, NULL, NULL),
(1734, 147, 'Medan Satria', 1, NULL, NULL),
(1735, 147, 'Bekasi Utara', 1, NULL, NULL),
(1736, 148, 'Sawangan', 1, NULL, NULL),
(1737, 148, 'Pancoran Mas', 1, NULL, NULL),
(1738, 148, 'Sukma Jaya', 1, NULL, NULL),
(1739, 148, 'Cimanggis', 1, NULL, NULL),
(1740, 148, 'Beji', 1, NULL, NULL),
(1741, 148, 'Limo', 1, NULL, NULL),
(1742, 149, 'Cimahi Selatan', 1, NULL, NULL),
(1743, 149, 'Cimahi Tengah', 1, NULL, NULL),
(1744, 149, 'Cimahi Utara', 1, NULL, NULL),
(1745, 150, 'Kawalu', 1, NULL, NULL),
(1746, 150, 'Tamansari', 1, NULL, NULL),
(1747, 150, 'Cibeureum', 1, NULL, NULL),
(1748, 150, 'Tawang', 1, NULL, NULL),
(1749, 150, 'Cihideung', 1, NULL, NULL),
(1750, 150, 'Mangkubumi', 1, NULL, NULL),
(1751, 150, 'Indihiang', 1, NULL, NULL),
(1752, 150, 'Cipedes', 1, NULL, NULL),
(4998, 445, 'Banjar', 1, NULL, NULL),
(4999, 445, 'Purwaharja', 1, NULL, NULL),
(5000, 445, 'Pataruman', 1, NULL, NULL),
(5001, 445, 'Langensari', 1, NULL, NULL),
(5623, 127, 'Leuwisadeng', 1, NULL, NULL),
(5624, 127, 'Tenjolaya', 1, NULL, NULL),
(5625, 127, 'Cigombong', 1, NULL, NULL),
(5626, 127, 'Tanjungsari', 1, NULL, NULL),
(5627, 127, 'Tajur Halang', 1, NULL, NULL),
(5628, 128, 'Cimanggu', 1, NULL, NULL),
(5629, 128, 'Ciambar', 1, NULL, NULL),
(5630, 129, 'Pasirkuda', 1, NULL, NULL),
(5631, 129, 'Haurwangi', 1, NULL, NULL),
(5632, 130, 'Cangkuang', 1, NULL, NULL),
(5633, 130, 'Kutawaringin', 1, NULL, NULL),
(5634, 131, 'Mekarmukti', 1, NULL, NULL),
(5635, 131, 'Cigedug', 1, NULL, NULL),
(5636, 131, 'Sucinaraja', 1, NULL, NULL),
(5637, 131, 'Pangatikan', 1, NULL, NULL),
(5638, 133, 'Mangunjaya', 1, NULL, NULL),
(5639, 133, 'Purwadadi', 1, NULL, NULL),
(5640, 133, 'Baregbeg', 1, NULL, NULL),
(5641, 133, 'Sindangkasih', 1, NULL, NULL),
(5642, 133, 'Lumbung', 1, NULL, NULL),
(5643, 133, 'Sukamantri', 1, NULL, NULL),
(5644, 134, 'Maleber', 1, NULL, NULL),
(5645, 134, 'Sidangagung', 1, NULL, NULL),
(5646, 134, 'Cigandamekar', 1, NULL, NULL),
(5647, 135, 'Pasaleman', 1, NULL, NULL),
(5648, 135, 'Pabuaran', 1, NULL, NULL),
(5649, 135, 'Karangwareng', 1, NULL, NULL),
(5650, 135, 'Greged', 1, NULL, NULL),
(5651, 135, 'Talun', 1, NULL, NULL),
(5652, 135, 'Plered', 1, NULL, NULL),
(5653, 135, 'Tengah Tani', 1, NULL, NULL),
(5654, 135, 'Kedawung', 1, NULL, NULL),
(5655, 135, 'Gunungjati', 1, NULL, NULL),
(5656, 135, 'Suranenggala', 1, NULL, NULL),
(5657, 135, 'Jamblang', 1, NULL, NULL),
(5658, 135, 'Gempol', 1, NULL, NULL),
(5659, 136, 'Malausma', 1, NULL, NULL),
(5660, 136, 'Sindang', 1, NULL, NULL),
(5661, 136, 'Kasokandel', 1, NULL, NULL),
(5662, 137, 'Jatigede', 1, NULL, NULL),
(5663, 138, 'Tukdana', 1, NULL, NULL),
(5664, 138, 'Pasekan', 1, NULL, NULL),
(5665, 138, 'Patrol', 1, NULL, NULL),
(5666, 139, 'Serangpanjang', 1, NULL, NULL),
(5667, 139, 'Ciater', 1, NULL, NULL),
(5668, 139, 'Kasomalang', 1, NULL, NULL),
(5669, 139, 'Dawuan', 1, NULL, NULL),
(5670, 139, 'Pagaden Barat', 1, NULL, NULL),
(5671, 139, 'Tambakdahan', 1, NULL, NULL),
(5672, 139, 'Sukasari', 1, NULL, NULL),
(5673, 139, 'Pusakajaya', 1, NULL, NULL),
(5674, 141, 'Tegalwaru', 1, NULL, NULL),
(5675, 141, 'Telukjambe Timur', 1, NULL, NULL),
(5676, 141, 'Telukjambe Barat', 1, NULL, NULL),
(5677, 141, 'Purwasari', 1, NULL, NULL),
(5678, 141, 'Karawang Timur', 1, NULL, NULL),
(5679, 141, 'Karawang Barat', 1, NULL, NULL),
(5680, 141, 'Cilebar', 1, NULL, NULL),
(5681, 145, 'Gedebage', 1, NULL, NULL),
(5682, 145, 'Panyileukan', 1, NULL, NULL),
(5683, 145, 'Cinambo', 1, NULL, NULL),
(5684, 145, 'Antapani', 1, NULL, NULL),
(5685, 145, 'Mandalajati', 1, NULL, NULL),
(5686, 147, 'Pondokmelati', 1, NULL, NULL),
(5687, 147, 'Mustikajaya', 1, NULL, NULL),
(5688, 148, 'Bojongsari', 1, NULL, NULL),
(5689, 148, 'Cipayung', 1, NULL, NULL),
(5690, 148, 'Cilodong', 1, NULL, NULL),
(5691, 148, 'Tapos', 1, NULL, NULL),
(5692, 148, 'Cinere', 1, NULL, NULL),
(5693, 150, 'Purbaratu', 1, NULL, NULL),
(5694, 150, 'Bungursari', 1, NULL, NULL);

-- --------------------------------------------------------

--
-- Table structure for table `migrations`
--

CREATE TABLE `migrations` (
  `id` int(10) UNSIGNED NOT NULL,
  `migration` varchar(255) COLLATE utf8mb4_unicode_ci NOT NULL,
  `batch` int(11) NOT NULL
) ENGINE=InnoDB DEFAULT CHARSET=utf8mb4 COLLATE=utf8mb4_unicode_ci;

--
-- Dumping data for table `migrations`
--

INSERT INTO `migrations` (`id`, `migration`, `batch`) VALUES
(331, '2016_06_01_000001_create_oauth_auth_codes_table', 1),
(332, '2016_06_01_000002_create_oauth_access_tokens_table', 1),
(333, '2016_06_01_000003_create_oauth_refresh_tokens_table', 1),
(334, '2016_06_01_000004_create_oauth_clients_table', 1),
(335, '2016_06_01_000005_create_oauth_personal_access_clients_table', 1),
(336, '2018_11_30_012448_create_dapil_table', 1),
(337, '2018_11_30_022333_create_kabupaten_table', 1),
(338, '2018_11_30_022411_create_kecamatan_table', 1),
(339, '2018_11_30_022430_create_desa_table', 1),
(340, '2018_11_30_022504_create_tps_table', 1),
(341, '2018_11_30_022543_create_caleg_groups_table', 1),
(342, '2018_11_30_022550_create_caleg_table', 1),
(343, '2018_11_30_033439_create_groups_table', 1),
(344, '2018_12_02_203649_create_parpol_table', 1),
(345, '2018_12_02_203730_create_parpol_votes_table', 1),
(346, '2018_12_12_000000_create_users_table', 1),
(347, '2018_12_12_023342_create_user_votes_table', 1),
(348, '2018_12_12_100000_create_password_resets_table', 1),
(349, '2018_12_13_095148_create_settings_table', 1);

-- --------------------------------------------------------

--
-- Table structure for table `oauth_access_tokens`
--

CREATE TABLE `oauth_access_tokens` (
  `id` varchar(100) COLLATE utf8mb4_unicode_ci NOT NULL,
  `user_id` int(11) DEFAULT NULL,
  `client_id` int(11) NOT NULL,
  `name` varchar(255) COLLATE utf8mb4_unicode_ci DEFAULT NULL,
  `scopes` text COLLATE utf8mb4_unicode_ci,
  `revoked` tinyint(1) NOT NULL,
  `created_at` timestamp NULL DEFAULT NULL,
  `updated_at` timestamp NULL DEFAULT NULL,
  `expires_at` datetime DEFAULT NULL
) ENGINE=InnoDB DEFAULT CHARSET=utf8mb4 COLLATE=utf8mb4_unicode_ci;

-- --------------------------------------------------------

--
-- Table structure for table `oauth_auth_codes`
--

CREATE TABLE `oauth_auth_codes` (
  `id` varchar(100) COLLATE utf8mb4_unicode_ci NOT NULL,
  `user_id` int(11) NOT NULL,
  `client_id` int(11) NOT NULL,
  `scopes` text COLLATE utf8mb4_unicode_ci,
  `revoked` tinyint(1) NOT NULL,
  `expires_at` datetime DEFAULT NULL
) ENGINE=InnoDB DEFAULT CHARSET=utf8mb4 COLLATE=utf8mb4_unicode_ci;

-- --------------------------------------------------------

--
-- Table structure for table `oauth_clients`
--

CREATE TABLE `oauth_clients` (
  `id` int(10) UNSIGNED NOT NULL,
  `user_id` int(11) DEFAULT NULL,
  `name` varchar(255) COLLATE utf8mb4_unicode_ci NOT NULL,
  `secret` varchar(100) COLLATE utf8mb4_unicode_ci NOT NULL,
  `redirect` text COLLATE utf8mb4_unicode_ci NOT NULL,
  `personal_access_client` tinyint(1) NOT NULL,
  `password_client` tinyint(1) NOT NULL,
  `revoked` tinyint(1) NOT NULL,
  `created_at` timestamp NULL DEFAULT NULL,
  `updated_at` timestamp NULL DEFAULT NULL
) ENGINE=InnoDB DEFAULT CHARSET=utf8mb4 COLLATE=utf8mb4_unicode_ci;

-- --------------------------------------------------------

--
-- Table structure for table `oauth_personal_access_clients`
--

CREATE TABLE `oauth_personal_access_clients` (
  `id` int(10) UNSIGNED NOT NULL,
  `client_id` int(11) NOT NULL,
  `created_at` timestamp NULL DEFAULT NULL,
  `updated_at` timestamp NULL DEFAULT NULL
) ENGINE=InnoDB DEFAULT CHARSET=utf8mb4 COLLATE=utf8mb4_unicode_ci;

-- --------------------------------------------------------

--
-- Table structure for table `oauth_refresh_tokens`
--

CREATE TABLE `oauth_refresh_tokens` (
  `id` varchar(100) COLLATE utf8mb4_unicode_ci NOT NULL,
  `access_token_id` varchar(100) COLLATE utf8mb4_unicode_ci NOT NULL,
  `revoked` tinyint(1) NOT NULL,
  `expires_at` datetime DEFAULT NULL
) ENGINE=InnoDB DEFAULT CHARSET=utf8mb4 COLLATE=utf8mb4_unicode_ci;

-- --------------------------------------------------------

--
-- Table structure for table `parpol`
--

CREATE TABLE `parpol` (
  `id` int(10) UNSIGNED NOT NULL,
  `no_urut` int(11) NOT NULL,
  `parpol_name` varchar(255) COLLATE utf8mb4_unicode_ci NOT NULL,
  `parpol_alias` varchar(255) COLLATE utf8mb4_unicode_ci NOT NULL,
  `parpol_picture` varchar(255) COLLATE utf8mb4_unicode_ci NOT NULL,
  `publication_status` tinyint(4) NOT NULL DEFAULT '0',
  `created_at` timestamp NULL DEFAULT NULL,
  `updated_at` timestamp NULL DEFAULT NULL
) ENGINE=InnoDB DEFAULT CHARSET=utf8mb4 COLLATE=utf8mb4_unicode_ci;

--
-- Dumping data for table `parpol`
--

INSERT INTO `parpol` (`id`, `no_urut`, `parpol_name`, `parpol_alias`, `parpol_picture`, `publication_status`, `created_at`, `updated_at`) VALUES
(1, 1, 'PARTAI KEBANGKITAN BANGSA', 'PKB', '1 PKB.png', 0, NULL, NULL),
(2, 2, 'PARTAI GERAKAN INDONESIA RAYA', 'GERINDRA', '2 Gerindra.png', 0, NULL, NULL),
(3, 3, 'PARTAI DEMOKRASI INDONESIA PERJUANGAN', 'PDI PERJUANGAN', '3 PDIP.png', 0, NULL, NULL),
(4, 4, 'PARTAI GOLONGAN KARYA', 'GOLKAR', '4 Golkar.png', 0, NULL, NULL),
(5, 5, 'PARTAI NASDEM', 'NASDEM', '5 Partai Nasdem.png', 0, NULL, NULL),
(6, 6, 'PARTAI GERAKAN PERUBAHAN INDONESIA', 'GARUDA', '6 Partai Garuda.png', 0, NULL, NULL),
(7, 7, 'PARTAI BERKARYA', 'BERKARYA', '7 Partai Berkarya.png', 0, NULL, NULL),
(8, 8, 'PARTAI KEADILAN SEJAHTERA', 'PKS', '8 PKS.png', 0, NULL, NULL),
(9, 9, 'PARTAI PERSATUAN INDONESIA', 'PERINDO', '9 Perindo.png', 0, NULL, NULL),
(10, 10, 'PARTAI PERSATUAN PEMBANGUNAN', 'PPP', '10 PPP.png', 0, NULL, NULL),
(11, 11, 'PARTAI SOLIDARITAS INDONESIA', 'PSI', '11 PSI.png', 0, NULL, NULL),
(12, 12, 'PARTAI AMANAT NASIONAL', 'PAN', '12 PAN.png', 0, NULL, NULL),
(13, 13, 'PARTAI HATI NURANI RAKYAT', 'HANURA', '13 Hanura.png', 0, NULL, NULL),
(14, 14, 'PARTAI DEMOKRAT', 'DEMOKRAT', '14 Partai Demokrat.png', 0, NULL, NULL);

-- --------------------------------------------------------

--
-- Table structure for table `parpol_votes`
--

CREATE TABLE `parpol_votes` (
  `id` int(10) UNSIGNED NOT NULL,
  `parpol_id` int(10) UNSIGNED NOT NULL,
  `tps_id` int(10) UNSIGNED NOT NULL,
  `valid` int(11) NOT NULL,
  `invalid` int(11) NOT NULL,
  `created_at` timestamp NULL DEFAULT NULL,
  `updated_at` timestamp NULL DEFAULT NULL
) ENGINE=InnoDB DEFAULT CHARSET=utf8mb4 COLLATE=utf8mb4_unicode_ci;

-- --------------------------------------------------------

--
-- Table structure for table `password_resets`
--

CREATE TABLE `password_resets` (
  `email` varchar(100) COLLATE utf8mb4_unicode_ci NOT NULL,
  `token` varchar(255) COLLATE utf8mb4_unicode_ci NOT NULL,
  `created_at` timestamp NULL DEFAULT NULL
) ENGINE=InnoDB DEFAULT CHARSET=utf8mb4 COLLATE=utf8mb4_unicode_ci;

-- --------------------------------------------------------

--
-- Table structure for table `settings`
--

CREATE TABLE `settings` (
  `id` int(10) UNSIGNED NOT NULL,
  `website_title` varchar(250) COLLATE utf8mb4_unicode_ci DEFAULT NULL,
  `logo` varchar(50) COLLATE utf8mb4_unicode_ci DEFAULT NULL,
  `favicon` varchar(50) COLLATE utf8mb4_unicode_ci DEFAULT NULL,
  `about_us` text COLLATE utf8mb4_unicode_ci,
  `copyright` varchar(255) COLLATE utf8mb4_unicode_ci DEFAULT NULL,
  `email` varchar(100) COLLATE utf8mb4_unicode_ci DEFAULT NULL,
  `phone` varchar(25) COLLATE utf8mb4_unicode_ci DEFAULT NULL,
  `mobile` varchar(25) COLLATE utf8mb4_unicode_ci DEFAULT NULL,
  `fax` varchar(20) COLLATE utf8mb4_unicode_ci DEFAULT NULL,
  `address_line_one` varchar(255) COLLATE utf8mb4_unicode_ci DEFAULT NULL,
  `address_line_two` varchar(255) COLLATE utf8mb4_unicode_ci DEFAULT NULL,
  `state` varchar(50) COLLATE utf8mb4_unicode_ci DEFAULT NULL,
  `city` varchar(50) COLLATE utf8mb4_unicode_ci DEFAULT NULL,
  `zip` varchar(20) COLLATE utf8mb4_unicode_ci DEFAULT NULL,
  `country` varchar(50) COLLATE utf8mb4_unicode_ci DEFAULT NULL,
  `map_iframe` text COLLATE utf8mb4_unicode_ci,
  `facebook` varchar(255) COLLATE utf8mb4_unicode_ci DEFAULT NULL,
  `twitter` varchar(255) COLLATE utf8mb4_unicode_ci DEFAULT NULL,
  `google_plus` varchar(255) COLLATE utf8mb4_unicode_ci DEFAULT NULL,
  `linkedin` varchar(255) COLLATE utf8mb4_unicode_ci DEFAULT NULL,
  `meta_title` varchar(255) COLLATE utf8mb4_unicode_ci DEFAULT NULL,
  `meta_keywords` varchar(255) COLLATE utf8mb4_unicode_ci DEFAULT NULL,
  `meta_description` text COLLATE utf8mb4_unicode_ci,
  `gallery_meta_title` varchar(255) COLLATE utf8mb4_unicode_ci DEFAULT NULL,
  `gallery_meta_keywords` varchar(255) COLLATE utf8mb4_unicode_ci DEFAULT NULL,
  `gallery_meta_description` text COLLATE utf8mb4_unicode_ci,
  `created_at` timestamp NULL DEFAULT NULL,
  `updated_at` timestamp NULL DEFAULT NULL
) ENGINE=InnoDB DEFAULT CHARSET=utf8mb4 COLLATE=utf8mb4_unicode_ci;

--
-- Dumping data for table `settings`
--

INSERT INTO `settings` (`id`, `website_title`, `logo`, `favicon`, `about_us`, `copyright`, `email`, `phone`, `mobile`, `fax`, `address_line_one`, `address_line_two`, `state`, `city`, `zip`, `country`, `map_iframe`, `facebook`, `twitter`, `google_plus`, `linkedin`, `meta_title`, `meta_keywords`, `meta_description`, `gallery_meta_title`, `gallery_meta_keywords`, `gallery_meta_description`, `created_at`, `updated_at`) VALUES
(1, 'Golkar', 'logo.png', 'favicon.png', 'Golkar.', 'Copyright 2018 Golkar, All rights reserved.', 'golkar@gmail.com', '+8801717888464', '+8801761913331', '808080', 'House# 83, Road# 16, Sector# 11', 'Uttara', 'Uttara', 'Dhaka', '1230', 'Jabar', '<iframe src=\"https://www.google.com/maps/embed?pb=!1m18!1m12!1m3!1d2642905.2881059386!2d89.27605108245604!3d23.817470325158617!2m3!1f0!2f0!3f0!3m2!1i1024!2i768!4f13.1!3m3!1m2!1s0x30adaaed80e18ba7%3A0xf2d28e0c4e1fc6b!2sBangladesh!5e0!3m2!1sen!2sbd!4v1520764767552\" width=\"600\" height=\"450\" frameborder=\"0\" style=\"border:0\" allowfullscreen></iframe>', 'https://facebook.com/Golkar', 'https://twitter.com/Golkar', 'https://plus.google.com/+Golkar', 'https://www.linkedin.com/company/Golkar/', 'Golkar', 'Golkar', 'Golkar.', 'Golkar', 'Golkar', 'Golkar.', '2019-01-17 13:29:04', '2019-01-17 13:29:04');

-- --------------------------------------------------------

--
-- Table structure for table `tps`
--

CREATE TABLE `tps` (
  `id` int(10) UNSIGNED NOT NULL,
  `desa_id` int(10) UNSIGNED NOT NULL,
  `tps_name` varchar(255) COLLATE utf8mb4_unicode_ci NOT NULL,
  `tps_coordinate` varchar(255) COLLATE utf8mb4_unicode_ci DEFAULT NULL,
  `publication_status` tinyint(4) NOT NULL DEFAULT '0',
  `created_at` timestamp NULL DEFAULT NULL,
  `updated_at` timestamp NULL DEFAULT NULL
) ENGINE=InnoDB DEFAULT CHARSET=utf8mb4 COLLATE=utf8mb4_unicode_ci;

--
-- Dumping data for table `tps`
--

INSERT INTO `tps` (`id`, `desa_id`, `tps_name`, `tps_coordinate`, `publication_status`, `created_at`, `updated_at`) VALUES
(1, 15445, 'TPS 1', '12345', 1, '2019-01-17 14:40:41', '2019-01-17 14:40:41'),
(2, 15446, 'TPS 2', '12346', 1, '2019-01-17 14:40:41', '2019-01-17 14:40:41');

-- --------------------------------------------------------

--
-- Table structure for table `users`
--

CREATE TABLE `users` (
  `id` int(10) UNSIGNED NOT NULL,
  `group_id` int(10) UNSIGNED NOT NULL,
  `tps_id` int(10) UNSIGNED DEFAULT NULL,
  `desa_id` int(10) UNSIGNED DEFAULT NULL,
  `nik` varchar(100) COLLATE utf8mb4_unicode_ci NOT NULL,
  `name` varchar(100) COLLATE utf8mb4_unicode_ci NOT NULL,
  `username` varchar(100) COLLATE utf8mb4_unicode_ci NOT NULL,
  `email` varchar(100) COLLATE utf8mb4_unicode_ci NOT NULL,
  `password` varchar(255) COLLATE utf8mb4_unicode_ci NOT NULL,
  `passmd5` varchar(255) COLLATE utf8mb4_unicode_ci NOT NULL,
  `avatar` varchar(255) COLLATE utf8mb4_unicode_ci DEFAULT NULL,
  `gender` varchar(255) COLLATE utf8mb4_unicode_ci DEFAULT NULL,
  `phone` varchar(255) COLLATE utf8mb4_unicode_ci DEFAULT NULL,
  `rt` varchar(255) COLLATE utf8mb4_unicode_ci DEFAULT NULL,
  `rw` varchar(255) COLLATE utf8mb4_unicode_ci DEFAULT NULL,
  `address` varchar(255) COLLATE utf8mb4_unicode_ci DEFAULT NULL,
  `facebook` varchar(255) COLLATE utf8mb4_unicode_ci DEFAULT NULL,
  `twitter` varchar(255) COLLATE utf8mb4_unicode_ci DEFAULT NULL,
  `google_plus` varchar(255) COLLATE utf8mb4_unicode_ci DEFAULT NULL,
  `linkedin` varchar(255) COLLATE utf8mb4_unicode_ci DEFAULT NULL,
  `about` text COLLATE utf8mb4_unicode_ci,
  `role` varchar(50) COLLATE utf8mb4_unicode_ci NOT NULL,
  `activation_status` tinyint(4) NOT NULL DEFAULT '0',
  `remember_token` varchar(100) COLLATE utf8mb4_unicode_ci DEFAULT NULL,
  `created_at` timestamp NULL DEFAULT NULL,
  `updated_at` timestamp NULL DEFAULT NULL
) ENGINE=InnoDB DEFAULT CHARSET=utf8mb4 COLLATE=utf8mb4_unicode_ci;

--
-- Dumping data for table `users`
--

INSERT INTO `users` (`id`, `group_id`, `tps_id`, `desa_id`, `nik`, `name`, `username`, `email`, `password`, `passmd5`, `avatar`, `gender`, `phone`, `rt`, `rw`, `address`, `facebook`, `twitter`, `google_plus`, `linkedin`, `about`, `role`, `activation_status`, `remember_token`, `created_at`, `updated_at`) VALUES
(1, 1, NULL, NULL, 'admin', 'admin', 'admin', 'admin@mail.com', '$2y$10$jMA6a5NcF0gjn2E8pfGoX.RJReSUsp0OTzXc8QF5VPCgxo2hSVhHy', '5ebe2294ecd0e0f08eab7690d2a6ee69', NULL, NULL, NULL, NULL, NULL, NULL, NULL, NULL, NULL, NULL, NULL, 'admin', 0, 'br7v41zuAy', NULL, NULL),
(2, 2, 2, 15445, '12345', 'test1', 'test1', 'test1@mail.com', '$2y$10$9dlAszILZBuqS9C2Q1H0QOJlkNg3C3ul1UtN/dmP/tqreUeGxqUGW', '327bc4e22b649d47c4546a3ec93f376b', '2.jpg', 'L', NULL, NULL, NULL, NULL, NULL, NULL, NULL, NULL, NULL, 'saksi', 1, NULL, '2019-01-17 14:42:30', '2019-01-17 14:42:31'),
(4, 2, 1, 15445, '12346', 'test2', 'test2', 'test2@mail.com', '$2y$10$9dlAszILZBuqS9C2Q1H0QOJlkNg3C3ul1UtN/dmP/tqreUeGxqUGW', '327bc4e22b649d47c4546a3ec93f376b', '2.jpg', 'L', NULL, NULL, NULL, NULL, NULL, NULL, NULL, NULL, NULL, 'saksi', 1, NULL, '2019-01-17 14:42:30', '2019-01-17 14:42:31');

-- --------------------------------------------------------

--
-- Table structure for table `user_votes`
--

CREATE TABLE `user_votes` (
  `id` int(10) UNSIGNED NOT NULL,
  `caleg_id` int(10) UNSIGNED NOT NULL,
  `user_id` int(10) UNSIGNED NOT NULL,
  `score` int(11) NOT NULL,
  `user_coordinate` varchar(255) COLLATE utf8mb4_unicode_ci DEFAULT NULL,
  `created_at` timestamp NULL DEFAULT NULL,
  `updated_at` timestamp NULL DEFAULT NULL
) ENGINE=InnoDB DEFAULT CHARSET=utf8mb4 COLLATE=utf8mb4_unicode_ci;

--
-- Dumping data for table `user_votes`
--

INSERT INTO `user_votes` (`id`, `caleg_id`, `user_id`, `score`, `user_coordinate`, `created_at`, `updated_at`) VALUES
(1, 2, 2, 120, NULL, NULL, NULL),
(3, 2, 4, 70, NULL, NULL, NULL);

--
-- Indexes for dumped tables
--

--
-- Indexes for table `caleg`
--
ALTER TABLE `caleg`
  ADD PRIMARY KEY (`id`),
  ADD KEY `caleg_kabupaten_id_foreign` (`kabupaten_id`),
  ADD KEY `caleg_dapil_id_index` (`dapil_id`),
  ADD KEY `caleg_caleg_group_id_index` (`caleg_group_id`);

--
-- Indexes for table `caleg_groups`
--
ALTER TABLE `caleg_groups`
  ADD PRIMARY KEY (`id`);

--
-- Indexes for table `dapil`
--
ALTER TABLE `dapil`
  ADD PRIMARY KEY (`id`);

--
-- Indexes for table `desa`
--
ALTER TABLE `desa`
  ADD PRIMARY KEY (`id`),
  ADD KEY `desa_kecamatan_id_index` (`kecamatan_id`);

--
-- Indexes for table `groups`
--
ALTER TABLE `groups`
  ADD PRIMARY KEY (`id`);

--
-- Indexes for table `kabupaten`
--
ALTER TABLE `kabupaten`
  ADD PRIMARY KEY (`id`),
  ADD KEY `kabupaten_dapil_id_index` (`dapil_id`);

--
-- Indexes for table `kecamatan`
--
ALTER TABLE `kecamatan`
  ADD PRIMARY KEY (`id`),
  ADD KEY `kecamatan_kabupaten_id_index` (`kabupaten_id`);

--
-- Indexes for table `migrations`
--
ALTER TABLE `migrations`
  ADD PRIMARY KEY (`id`);

--
-- Indexes for table `oauth_access_tokens`
--
ALTER TABLE `oauth_access_tokens`
  ADD PRIMARY KEY (`id`),
  ADD KEY `oauth_access_tokens_user_id_index` (`user_id`);

--
-- Indexes for table `oauth_auth_codes`
--
ALTER TABLE `oauth_auth_codes`
  ADD PRIMARY KEY (`id`);

--
-- Indexes for table `oauth_clients`
--
ALTER TABLE `oauth_clients`
  ADD PRIMARY KEY (`id`),
  ADD KEY `oauth_clients_user_id_index` (`user_id`);

--
-- Indexes for table `oauth_personal_access_clients`
--
ALTER TABLE `oauth_personal_access_clients`
  ADD PRIMARY KEY (`id`),
  ADD KEY `oauth_personal_access_clients_client_id_index` (`client_id`);

--
-- Indexes for table `oauth_refresh_tokens`
--
ALTER TABLE `oauth_refresh_tokens`
  ADD PRIMARY KEY (`id`),
  ADD KEY `oauth_refresh_tokens_access_token_id_index` (`access_token_id`);

--
-- Indexes for table `parpol`
--
ALTER TABLE `parpol`
  ADD PRIMARY KEY (`id`);

--
-- Indexes for table `parpol_votes`
--
ALTER TABLE `parpol_votes`
  ADD PRIMARY KEY (`id`),
  ADD KEY `parpol_votes_parpol_id_foreign` (`parpol_id`),
  ADD KEY `parpol_votes_tps_id_foreign` (`tps_id`);

--
-- Indexes for table `password_resets`
--
ALTER TABLE `password_resets`
  ADD KEY `password_resets_email_index` (`email`);

--
-- Indexes for table `settings`
--
ALTER TABLE `settings`
  ADD PRIMARY KEY (`id`);

--
-- Indexes for table `tps`
--
ALTER TABLE `tps`
  ADD PRIMARY KEY (`id`),
  ADD KEY `tps_desa_id_index` (`desa_id`);

--
-- Indexes for table `users`
--
ALTER TABLE `users`
  ADD PRIMARY KEY (`id`),
  ADD UNIQUE KEY `users_nik_unique` (`nik`),
  ADD UNIQUE KEY `users_username_unique` (`username`),
  ADD UNIQUE KEY `users_email_unique` (`email`),
  ADD KEY `users_group_id_index` (`group_id`),
  ADD KEY `users_tps_id_index` (`tps_id`),
  ADD KEY `users_desa_id_index` (`desa_id`);

--
-- Indexes for table `user_votes`
--
ALTER TABLE `user_votes`
  ADD PRIMARY KEY (`id`),
  ADD KEY `user_votes_caleg_id_foreign` (`caleg_id`),
  ADD KEY `user_votes_user_id_foreign` (`user_id`);

--
-- AUTO_INCREMENT for dumped tables
--

--
-- AUTO_INCREMENT for table `caleg`
--
ALTER TABLE `caleg`
  MODIFY `id` int(10) UNSIGNED NOT NULL AUTO_INCREMENT, AUTO_INCREMENT=121;
--
-- AUTO_INCREMENT for table `caleg_groups`
--
ALTER TABLE `caleg_groups`
  MODIFY `id` int(10) UNSIGNED NOT NULL AUTO_INCREMENT, AUTO_INCREMENT=4;
--
-- AUTO_INCREMENT for table `dapil`
--
ALTER TABLE `dapil`
  MODIFY `id` int(10) UNSIGNED NOT NULL AUTO_INCREMENT, AUTO_INCREMENT=17;
--
-- AUTO_INCREMENT for table `desa`
--
ALTER TABLE `desa`
  MODIFY `id` int(10) UNSIGNED NOT NULL AUTO_INCREMENT, AUTO_INCREMENT=82483;
--
-- AUTO_INCREMENT for table `groups`
--
ALTER TABLE `groups`
  MODIFY `id` int(10) UNSIGNED NOT NULL AUTO_INCREMENT, AUTO_INCREMENT=3;
--
-- AUTO_INCREMENT for table `kabupaten`
--
ALTER TABLE `kabupaten`
  MODIFY `id` int(10) UNSIGNED NOT NULL AUTO_INCREMENT, AUTO_INCREMENT=446;
--
-- AUTO_INCREMENT for table `kecamatan`
--
ALTER TABLE `kecamatan`
  MODIFY `id` int(10) UNSIGNED NOT NULL AUTO_INCREMENT, AUTO_INCREMENT=5695;
--
-- AUTO_INCREMENT for table `migrations`
--
ALTER TABLE `migrations`
  MODIFY `id` int(10) UNSIGNED NOT NULL AUTO_INCREMENT, AUTO_INCREMENT=350;
--
-- AUTO_INCREMENT for table `oauth_clients`
--
ALTER TABLE `oauth_clients`
  MODIFY `id` int(10) UNSIGNED NOT NULL AUTO_INCREMENT;
--
-- AUTO_INCREMENT for table `oauth_personal_access_clients`
--
ALTER TABLE `oauth_personal_access_clients`
  MODIFY `id` int(10) UNSIGNED NOT NULL AUTO_INCREMENT;
--
-- AUTO_INCREMENT for table `parpol`
--
ALTER TABLE `parpol`
  MODIFY `id` int(10) UNSIGNED NOT NULL AUTO_INCREMENT, AUTO_INCREMENT=15;
--
-- AUTO_INCREMENT for table `parpol_votes`
--
ALTER TABLE `parpol_votes`
  MODIFY `id` int(10) UNSIGNED NOT NULL AUTO_INCREMENT;
--
-- AUTO_INCREMENT for table `settings`
--
ALTER TABLE `settings`
  MODIFY `id` int(10) UNSIGNED NOT NULL AUTO_INCREMENT, AUTO_INCREMENT=2;
--
-- AUTO_INCREMENT for table `tps`
--
ALTER TABLE `tps`
  MODIFY `id` int(10) UNSIGNED NOT NULL AUTO_INCREMENT, AUTO_INCREMENT=3;
--
-- AUTO_INCREMENT for table `users`
--
ALTER TABLE `users`
  MODIFY `id` int(10) UNSIGNED NOT NULL AUTO_INCREMENT, AUTO_INCREMENT=5;
--
-- AUTO_INCREMENT for table `user_votes`
--
ALTER TABLE `user_votes`
  MODIFY `id` int(10) UNSIGNED NOT NULL AUTO_INCREMENT, AUTO_INCREMENT=4;
--
-- Constraints for dumped tables
--

--
-- Constraints for table `caleg`
--
ALTER TABLE `caleg`
  ADD CONSTRAINT `caleg_caleg_group_id_foreign` FOREIGN KEY (`caleg_group_id`) REFERENCES `caleg_groups` (`id`) ON DELETE CASCADE,
  ADD CONSTRAINT `caleg_dapil_id_foreign` FOREIGN KEY (`dapil_id`) REFERENCES `dapil` (`id`) ON DELETE CASCADE,
  ADD CONSTRAINT `caleg_kabupaten_id_foreign` FOREIGN KEY (`kabupaten_id`) REFERENCES `kabupaten` (`id`) ON DELETE CASCADE;

--
-- Constraints for table `desa`
--
ALTER TABLE `desa`
  ADD CONSTRAINT `desa_kecamatan_id_foreign` FOREIGN KEY (`kecamatan_id`) REFERENCES `kecamatan` (`id`) ON DELETE CASCADE;

--
-- Constraints for table `kabupaten`
--
ALTER TABLE `kabupaten`
  ADD CONSTRAINT `kabupaten_dapil_id_foreign` FOREIGN KEY (`dapil_id`) REFERENCES `dapil` (`id`) ON DELETE CASCADE;

--
-- Constraints for table `kecamatan`
--
ALTER TABLE `kecamatan`
  ADD CONSTRAINT `kecamatan_kabupaten_id_foreign` FOREIGN KEY (`kabupaten_id`) REFERENCES `kabupaten` (`id`) ON DELETE CASCADE;

--
-- Constraints for table `parpol_votes`
--
ALTER TABLE `parpol_votes`
  ADD CONSTRAINT `parpol_votes_parpol_id_foreign` FOREIGN KEY (`parpol_id`) REFERENCES `parpol` (`id`) ON DELETE CASCADE,
  ADD CONSTRAINT `parpol_votes_tps_id_foreign` FOREIGN KEY (`tps_id`) REFERENCES `tps` (`id`) ON DELETE CASCADE;

--
-- Constraints for table `tps`
--
ALTER TABLE `tps`
  ADD CONSTRAINT `tps_desa_id_foreign` FOREIGN KEY (`desa_id`) REFERENCES `desa` (`id`) ON DELETE CASCADE;

--
-- Constraints for table `users`
--
ALTER TABLE `users`
  ADD CONSTRAINT `users_desa_id_foreign` FOREIGN KEY (`desa_id`) REFERENCES `desa` (`id`) ON DELETE CASCADE,
  ADD CONSTRAINT `users_group_id_foreign` FOREIGN KEY (`group_id`) REFERENCES `groups` (`id`) ON DELETE CASCADE,
  ADD CONSTRAINT `users_tps_id_foreign` FOREIGN KEY (`tps_id`) REFERENCES `tps` (`id`) ON DELETE CASCADE;

--
-- Constraints for table `user_votes`
--
ALTER TABLE `user_votes`
  ADD CONSTRAINT `user_votes_caleg_id_foreign` FOREIGN KEY (`caleg_id`) REFERENCES `caleg` (`id`) ON DELETE CASCADE,
  ADD CONSTRAINT `user_votes_user_id_foreign` FOREIGN KEY (`user_id`) REFERENCES `users` (`id`) ON DELETE CASCADE;
COMMIT;

/*!40101 SET CHARACTER_SET_CLIENT=@OLD_CHARACTER_SET_CLIENT */;
/*!40101 SET CHARACTER_SET_RESULTS=@OLD_CHARACTER_SET_RESULTS */;
/*!40101 SET COLLATION_CONNECTION=@OLD_COLLATION_CONNECTION */;
